ORD_ID,ORD_DATE,CUSTOMER_KEY,PRODUCT_KEY,SUPPLIER_KEY,WAREHOUSE_CODE,SHIP_STATE,SHIP_METHOD,CARRIER,ORDER_STATUS,QTY_UNITS,UNIT_WEIGHT_LB,UNIT_PRICE_USD,DISCOUNT_PCT,FREIGHT_USD,LINE_TOTAL_USD
7000001,12/27/2023,15561,5710,368,WHWA1,DC,Overnight,UPS,Delivered,3,8.92,85.25,0.1,2.67,232.84
7000002,8/4/2025,17461,3671,366,WHIL1,WV,Ground,UPS,Delivered,28,4.41,40.4,0.1,28.81,1046.89
7000003,12/13/2024,13079,2802,444,WHGA1,KY,Ground,UPS,Delivered,25,3.32,56.14,0,26.83,1430.33
7000004,8/30/2024,12984,3651,353,WHIL1,IL,Ground,FedEx,Pending,164,37.33,61.42,0,8.51,10081.39
7000005,7/3/2023,17260,1177,428,WHIL1,RI,Ground,USPS,Delivered,17,24.31,7.52,0,17.69,145.53
7000006,7/3/2023,16055,5545,621,WHFL1,NV,Ground,UPS,Delivered,147,6.85,85.7,0,19.21,12617.11
7000007,3/10/2023,12524,1743,507,WHWA1,AZ,Ground,FedEx,Cancelled,15,21.09,96.45,0.1,18.61,1320.68
7000008,4/28/2025,19678,3349,620,WHGA1,CA,2Day,FedEx,Delivered,91,23.05,77.6,0.1,18.9,6374.34
7000009,9/1/2024,14582,5403,516,WHFL1,OK,2Day,UPS,InTransit,39,3.16,73.85,0.1,31.16,2623.29
7000010,11/30/2024,15610,1751,368,WHWA1,IA,Overnight,FedEx,Delivered,39,16.66,172.84,0,31.71,6772.47
7000011,1/25/2023,12002,1869,362,WHTX1,KY,Ground,UPS,Delivered,199,7.45,54.82,0,14.13,10923.31
7000012,8/20/2025,11388,5063,510,WHPA1,UT,Ground,DHL,Delivered,27,12.58,56.15,0,42.52,1558.57
7000013,3/20/2025,16553,4968,637,WHNJ1,VA,Ground,FedEx,Delivered,24,60.86,35.81,0.05,25.98,842.45
7000014,8/28/2023,11031,1214,627,WHIL1,NH,Overnight,FedEx,Delivered,80,25.89,14.81,0,55.23,1240.03
7000015,8/2/2023,19958,2618,670,WHFL1,AR,Ground,UPS,Cancelled,109,9.26,77.9,0,27.41,8518.51
7000016,8/3/2023,11221,3531,352,WHPA1,NY,Ground,FedEx,Delivered,187,23.47,38.63,0,11.25,7235.06
7000017,11/20/2023,16036,4334,416,WHIL1,WI,2Day,UPS,Delivered,101,3.16,14.7,0,27.11,1511.81
7000018,6/16/2024,19811,2598,681,WHTX1,TX,Ground,UPS,Pending,75,13.53,53.64,0,19.16,4042.16
7000019,2/28/2024,19456,1512,683,WHTX1,PA,Ground,UPS,Delivered,52,13.72,52.6,0.2,44.21,2232.37
7000020,11/13/2023,16524,1253,365,WHCA1,AR,Ground,UPS,Delivered,81,15.27,48.12,0,5.92,3903.64
7000021,9/14/2024,18075,5134,430,WHTX1,IL,Ground,FedEx,Delivered,82,7.37,62.17,0.1,12.53,4600.68
7000022,6/14/2023,19064,1629,477,WHWA1,MD,2Day,UPS,Delivered,26,12.58,18.96,0.25,9.91,379.63
7000023,11/13/2023,10835,4477,578,WHTX1,WA,Ground,USPS,Delivered,95,16.71,113.22,0,33.49,10789.39
7000024,12/23/2023,19111,1987,463,WHIL1,LA,Ground,UPS,Pending,24,2.48,76.58,0.15,26.78,1589.01
7000025,3/27/2024,11725,2726,632,WHNJ1,WI,Ground,UPS,Delivered,64,8.27,134.93,0,14.07,8649.59
7000026,1/23/2025,16599,3094,452,WHFL1,DC,Ground,USPS,Delivered,31,5.82,38.34,0.25,9.84,901.25
7000027,8/17/2023,12414,2702,650,WHIL1,TN,Ground,UPS,Delivered,38,14.88,76.4,0.1,14.51,2627.39
7000028,6/3/2024,19506,1305,536,WHFL1,OR,Ground,UPS,Delivered,84,22.86,15.28,0.15,20.56,1111.55
7000029,8/25/2024,15994,5079,458,WHPA1,ID,Ground,UPS,Delivered,8,6.93,31.55,0,33.76,286.16
7000030,2/24/2023,14499,3281,627,WHFL1,MO,Ground,USPS,Delivered,2,5.2,21.64,0.1,20.59,59.54
7000031,9/9/2024,12106,5341,406,WHTX1,NJ,2Day,USPS,InTransit,15,10.73,67.81,0.15,17.5,882.08
7000032,7/20/2023,12569,3808,606,WHCA1,IA,Ground,UPS,Delivered,20,5.01,26.09,0.1,59.63,529.25
7000033,3/18/2023,19331,3887,555,WHNJ1,OK,2Day,FedEx,Delivered,24,8.73,41.62,0,31.69,1030.57
7000034,8/3/2025,10210,4455,658,WHCA1,DE,Ground,FedEx,InTransit,116,8.19,56.38,0,38.13,6578.21
7000035,8/17/2025,19257,2025,413,WHGA1,NV,Ground,USPS,Delivered,57,14.16,42.51,0,6.67,2429.74
7000036,2/19/2025,14912,5313,330,WHCA1,MI,Overnight,UPS,Delivered,61,12.08,22.5,0.05,14.47,1318.34
7000037,11/20/2023,12221,3976,312,WHWA1,WI,Ground,USPS,InTransit,90,11.02,178.95,0,31.43,16136.93
7000038,4/26/2023,10234,1507,477,WHCA1,PA,Ground,UPS,Delivered,106,26.7,61.29,0.2,22.89,5220.28
7000039,11/18/2024,10793,5857,638,WHPA1,KS,Ground,UPS,Delivered,1,11.76,180.08,0,8.66,188.74
7000040,3/8/2024,13111,3952,346,WHTX1,CA,Ground,UPS,Delivered,137,7.78,27.46,0,10.85,3772.87
7000041,5/24/2023,12167,2054,471,WHWA1,VA,Ground,FedEx,InTransit,191,8.38,43.46,0,26.76,8327.62
7000042,5/12/2024,18527,3675,430,WHPA1,ND,Ground,FedEx,Delivered,14,6.32,60.09,0.05,4.96,804.16
7000043,2/10/2023,19552,3568,545,WHTX1,WI,Ground,FedEx,Pending,91,5.43,165.27,0,27.05,15066.62
7000044,6/18/2025,15194,2905,653,WHWA1,PA,Ground,FedEx,Delivered,1,4.34,179.19,0,26.13,205.32
7000045,10/20/2023,11215,5371,503,WHPA1,HI,2Day,FedEx,InTransit,6,19.75,41.72,0,2.02,252.34
7000046,11/6/2024,14420,5588,526,WHTX1,AK,Ground,FedEx,Delivered,35,6.5,33.93,0.05,8.46,1136.63
7000047,11/23/2023,17315,5923,380,WHWA1,MO,Ground,UPS,Delivered,134,12.09,56.32,0.05,17.13,7186.67
7000048,6/10/2024,18476,3895,610,WHWA1,MO,Ground,UPS,Delivered,91,8.35,130.99,0,29.81,11949.9
7000049,7/12/2024,10213,2101,335,WHWA1,AL,Ground,UPS,Delivered,57,9.83,62.18,0,16.04,3560.3
7000050,8/4/2023,11659,4662,352,WHFL1,NM,Ground,UPS,Delivered,56,19.98,70.64,0,6.81,3962.65
7000051,8/20/2025,15025,2637,461,WHTX1,CA,Ground,FedEx,Delivered,60,11.12,130.14,0,23.29,7831.69
7000052,1/11/2025,19610,2456,384,WHWA1,SC,Ground,FedEx,InTransit,38,5.75,116.25,0.05,4.46,4201.08
7000053,7/24/2025,15918,4614,628,WHTX1,AR,2Day,FedEx,Delivered,143,7.13,119.44,0.05,10.86,16236.78
7000054,6/1/2025,15142,1039,326,WHCA1,DC,2Day,UPS,Cancelled,76,16.75,92.74,0,15.3,7063.54
7000055,8/29/2024,11795,4085,525,WHGA1,CA,Ground,FedEx,Delivered,63,13.36,154.6,0,23.86,9763.66
7000056,7/3/2025,15989,5240,617,WHTX1,CA,2Day,UPS,Delivered,60,17.39,25.63,0,6.35,1544.15
7000057,4/15/2023,18297,3732,454,WHGA1,KS,Ground,USPS,InTransit,163,8.67,289.69,0.05,14.25,44872.75
7000058,8/14/2023,15579,3416,593,WHGA1,LA,Ground,UPS,Pending,105,4.33,126.04,0,9.99,13244.19
7000059,2/23/2023,15552,1759,395,WHIL1,TX,Overnight,FedEx,Delivered,17,13.55,53.63,0,9.1,920.81
7000060,12/1/2023,13846,5343,525,WHIL1,KY,Ground,FedEx,Delivered,56,11.64,130.47,0,15.05,7321.37
7000061,1/8/2024,16907,4117,567,WHNJ1,OH,Ground,USPS,Delivered,35,11.82,47.05,0,17.99,1664.74
7000062,11/2/2023,10379,1765,341,WHFL1,LA,Ground,UPS,Delivered,190,4.36,83.66,0.1,11.99,14317.85
7000063,3/15/2025,13294,3423,433,WHWA1,AR,2Day,UPS,Delivered,53,6.81,90.81,0,28.81,4841.74
7000064,12/18/2023,13330,2315,366,WHWA1,DC,Ground,UPS,Delivered,8,5.69,109.71,0.05,15.66,849.46
7000065,11/7/2023,14809,5303,697,WHWA1,NM,Ground,UPS,Delivered,52,12.71,43.49,0.15,55.7,1977.96
7000066,7/7/2024,17938,4996,510,WHPA1,NM,Ground,FedEx,Delivered,40,12.97,111.35,0,11.95,4465.95
7000067,6/15/2023,10225,5030,453,WHIL1,FL,Ground,USPS,Delivered,82,9.74,44.04,0,28.48,3639.76
7000068,2/12/2025,10738,4694,472,WHTX1,NM,Ground,UPS,Delivered,27,17.87,100.09,0,1.32,2703.75
7000069,3/29/2023,10236,4186,698,WHGA1,CA,2Day,FedEx,InTransit,5,24.46,59.25,0.1,6.23,272.86
7000070,9/5/2025,10712,3867,625,WHPA1,OK,Ground,USPS,Delivered,11,12.36,16.74,0.25,41.17,179.27
7000071,1/8/2025,15989,2318,359,WHWA1,KS,Ground,UPS,Delivered,34,14.96,35.82,0.05,24.29,1181.28
7000072,8/16/2023,11889,1701,484,WHNJ1,TN,2Day,FedEx,InTransit,43,7.23,108.64,0.05,12,4449.94
7000073,1/7/2023,17174,5384,480,WHWA1,SD,Ground,USPS,Delivered,131,6.47,48.51,0.15,32.39,5433.98
7000074,2/27/2025,11260,3202,622,WHIL1,KS,Ground,USPS,Delivered,33,18.33,140.31,0.1,30.01,4197.22
7000075,11/30/2024,15247,2594,624,WHCA1,MD,Ground,FedEx,Delivered,4,5.92,25.66,0.1,27.12,119.5
7000076,12/12/2024,17272,4988,312,WHFL1,NJ,2Day,UPS,Delivered,118,15.19,97.67,0,22.09,11547.15
7000077,1/7/2025,10749,5946,368,WHPA1,MT,Ground,UPS,Delivered,141,28.06,58.04,0,26.48,8210.12
7000078,3/29/2023,13552,5146,629,WHNJ1,WI,Ground,FedEx,Pending,64,14.8,50.48,0.1,23.66,2931.31
7000079,12/19/2023,16401,2231,502,WHTX1,NM,Ground,UPS,Cancelled,35,9.53,26.3,0,34.16,954.66
7000080,5/17/2023,16644,3613,306,WHPA1,WY,Ground,UPS,Delivered,116,4.47,69.5,0.05,8.63,7667.53
7000081,4/25/2025,18702,4138,315,WHGA1,IA,Ground,FedEx,Delivered,1,11.03,29.61,0,38.78,68.39
7000082,9/27/2024,11824,2909,342,WHTX1,SD,Ground,FedEx,Delivered,159,18.32,38.44,0,4.14,6116.1
7000083,12/4/2023,16853,2791,331,WHTX1,PA,Ground,USPS,Delivered,140,8.98,54.37,0.1,25.86,6876.48
7000084,3/16/2023,17778,3929,481,WHPA1,PA,Ground,UPS,InTransit,72,18.46,46.45,0,12.31,3356.71
7000085,11/23/2023,14233,2089,562,WHWA1,TX,Ground,UPS,Delivered,34,12.45,123.2,0.05,18.13,3997.49
7000086,12/1/2023,16520,3382,589,WHCA1,MD,Ground,USPS,Delivered,4,11.91,9.79,0,21.07,60.23
7000087,12/12/2024,11778,5128,321,WHCA1,OH,2Day,FedEx,Delivered,200,8.27,52.96,0.05,52.44,10114.84
7000088,10/14/2024,11223,5964,680,WHWA1,MN,Overnight,USPS,Delivered,113,4.17,46.54,0,6.1,5265.12
7000089,5/23/2025,17631,3946,482,WHPA1,UT,Ground,DHL,InTransit,42,7.75,59.64,0,22.34,2527.22
7000090,4/15/2024,11778,4570,484,WHWA1,WA,Ground,USPS,Delivered,3,7.71,40.99,0.1,59.85,170.52
7000091,5/21/2023,19497,2166,544,WHPA1,RI,Ground,FedEx,Delivered,89,14.12,122.86,0,13.94,10948.48
7000092,12/3/2024,17491,1601,650,WHPA1,MO,Ground,UPS,Delivered,190,9.91,50.1,0.05,10.2,9053.25
7000093,12/29/2024,14860,3026,449,WHFL1,WY,Ground,FedEx,Delivered,102,19.15,65.85,0,66.44,6783.14
7000094,7/29/2024,18894,2585,556,WHFL1,MI,Ground,FedEx,Delivered,10,11.84,112.05,0,0.45,1120.95
7000095,1/6/2025,18119,1988,400,WHGA1,WA,2Day,UPS,Pending,51,7.39,62.22,0.2,17.63,2556.21
7000096,5/10/2024,12990,2966,355,WHIL1,DE,2Day,FedEx,Delivered,13,6.13,24.68,0,27.62,348.46
7000097,6/13/2024,18344,2440,486,WHTX1,FL,Ground,UPS,Delivered,154,6.96,44.51,0,15.12,6869.66
7000098,2/22/2024,11326,5616,620,WHPA1,IA,Ground,FedEx,InTransit,41,11.01,55.01,0.1,39.88,2069.75
7000099,1/31/2023,19494,1869,386,WHFL1,WV,Ground,UPS,Delivered,107,8,18.95,0,30.42,2058.07
7000100,5/8/2023,19904,3064,474,WHIL1,MD,Ground,FedEx,Delivered,10,5.24,36.45,0,36.43,400.93
7000101,2/7/2023,15128,2130,322,WHGA1,OH,2Day,USPS,Delivered,15,18.29,57.2,0,4.45,862.45
7000102,10/13/2024,18999,5379,544,WHTX1,OR,Ground,UPS,Delivered,96,10.96,245.4,0,62.99,23621.39
7000103,11/25/2023,12723,5457,360,WHIL1,AZ,Ground,FedEx,Delivered,133,11.79,77.8,0.05,40.02,9870.05
7000104,5/28/2024,14657,4730,404,WHTX1,ND,2Day,UPS,Delivered,24,6.1,67,0.1,12.93,1460.13
7000105,6/16/2025,11326,2935,439,WHWA1,ND,Ground,USPS,Delivered,53,5.35,195.94,0.05,28.07,9893.65
7000106,10/9/2023,14134,2077,603,WHCA1,OK,Ground,USPS,Delivered,85,9.07,90.54,0.1,15.79,6942.1
7000107,2/2/2024,19352,2640,459,WHPA1,OH,Ground,USPS,Delivered,121,2.96,99.94,0.05,14.26,11502.36
7000108,12/26/2024,12870,2393,532,WHWA1,FL,2Day,USPS,Delivered,87,15.97,45.13,0.1,12.05,3545.73
7000109,9/14/2023,11243,1031,377,WHCA1,NJ,Ground,FedEx,Delivered,11,6.55,24.74,0.25,12.78,216.88
7000110,4/1/2023,18540,1704,318,WHNJ1,MT,Ground,UPS,Cancelled,72,8.52,72.06,0,2.19,5190.51
7000111,11/12/2023,11832,1869,322,WHGA1,ID,Ground,UPS,Pending,145,12.92,214.84,0,10.89,31162.69
7000112,7/9/2023,11570,1233,484,WHPA1,MS,2Day,FedEx,Delivered,140,8.74,173.03,0,27.27,24251.47
7000113,7/12/2025,17247,1951,445,WHWA1,SD,Ground,FedEx,InTransit,79,4.96,95.09,0,19.92,7532.03
7000114,2/19/2025,11919,1059,338,WHIL1,ME,Ground,FedEx,Delivered,196,24.68,37.1,0,84.5,7356.1
7000115,10/9/2024,16417,3819,581,WHTX1,UT,Overnight,UPS,InTransit,12,3.99,20.27,0.05,16.07,247.15
7000116,5/5/2025,13233,4601,588,WHFL1,KS,Overnight,UPS,Delivered,62,2.61,33.74,0,34.51,2126.39
7000117,2/14/2025,13759,4150,443,WHNJ1,MT,Overnight,FedEx,Delivered,116,16.9,69.88,0,87.73,8193.81
7000118,8/6/2023,15998,1302,313,WHGA1,MN,Ground,UPS,Pending,17,4.17,43.15,0,16.66,750.21
7000119,5/29/2025,12356,3851,486,WHGA1,NC,2Day,FedEx,Pending,181,21.21,121,0,22.48,21923.48
7000120,7/3/2024,19590,3945,567,WHGA1,TN,Ground,FedEx,Delivered,44,12.54,21.16,0,46.07,977.11
7000121,2/18/2025,11825,2924,569,WHIL1,NJ,Ground,FedEx,InTransit,43,11.85,54.83,0,35.31,2393
7000122,6/3/2025,17281,1317,397,WHWA1,MN,Ground,UPS,Delivered,26,7.11,35.08,0,14.82,926.9
7000123,11/27/2023,14061,2889,657,WHPA1,GA,Ground,DHL,Delivered,35,6.09,120.09,0,44.67,4247.82
7000124,5/10/2023,15325,3716,594,WHCA1,OK,Ground,UPS,Delivered,78,7.98,87.72,0.1,10.07,6168.01
7000125,9/13/2023,10405,5786,301,WHNJ1,NM,Ground,UPS,Delivered,55,5.91,33.54,0.05,14.95,1767.42
7000126,2/22/2024,11722,2882,595,WHWA1,TX,2Day,FedEx,InTransit,23,20.64,109.1,0,38.35,2547.65
7000127,3/3/2025,15317,4899,327,WHIL1,MI,Ground,UPS,Cancelled,124,6.4,19.27,0.1,4.21,2154.74
7000128,4/22/2025,13846,5114,336,WHTX1,TX,Ground,UPS,Delivered,8,13.55,17.18,0.25,8.75,111.83
7000129,1/9/2023,14211,2179,460,WHIL1,TX,Ground,UPS,Delivered,131,18.28,32.29,0,17.9,4247.89
7000130,5/30/2024,10065,4856,331,WHTX1,PA,Overnight,FedEx,Delivered,33,5.89,14.97,0,27.2,521.21
7000131,2/10/2024,19492,5874,427,WHTX1,WA,Ground,USPS,Delivered,65,12.54,55.45,0.25,51.03,2754.22
7000132,9/6/2023,16383,5456,562,WHGA1,AK,Ground,FedEx,Delivered,48,5.85,56.7,0,8.95,2730.55
7000133,5/22/2023,19608,1332,645,WHIL1,MN,Ground,FedEx,Delivered,77,9.01,45.17,0,24.29,3502.38
7000134,12/7/2023,10969,1528,510,WHCA1,OH,2Day,UPS,Delivered,121,7.59,87.5,0,33.98,10621.48
7000135,7/28/2025,10369,3060,450,WHTX1,OR,Ground,UPS,InTransit,191,6.59,36.16,0,12.83,6919.39
7000136,11/30/2023,18425,2099,331,WHFL1,NY,Ground,UPS,Delivered,37,10.99,24.19,0,0.54,895.57
7000137,6/9/2024,12243,1212,400,WHGA1,TX,Ground,USPS,Delivered,74,4.83,34.34,0,10.97,2552.13
7000138,11/28/2024,15003,2715,629,WHCA1,ID,2Day,UPS,InTransit,60,17.46,25.54,0,12.34,1544.74
7000139,12/21/2023,13084,3689,602,WHWA1,OH,Ground,DHL,Delivered,199,5.23,39.1,0.1,15,7017.81
7000140,8/22/2025,18074,3331,653,WHWA1,SD,Ground,UPS,Delivered,124,4.68,91.06,0.05,10.68,10737.55
7000141,8/14/2025,19113,4267,519,WHWA1,AZ,Ground,FedEx,Delivered,50,8.6,17.55,0.15,14.84,760.72
7000142,10/11/2023,18881,2033,553,WHIL1,ND,Overnight,USPS,Delivered,62,8,47.3,0,17.87,2950.47
7000143,5/14/2024,11470,2333,471,WHCA1,PA,Ground,UPS,InTransit,30,12.38,117.29,0,39.64,3558.34
7000144,11/17/2023,14726,2841,557,WHIL1,MS,Ground,FedEx,Delivered,112,10.52,127.05,0,44.6,14274.2
7000145,11/9/2023,14260,5687,357,WHTX1,PA,Ground,UPS,InTransit,134,3.77,37.22,0,5.26,4992.74
7000146,2/13/2023,13623,3139,309,WHWA1,KY,Ground,UPS,Delivered,177,18.07,282.48,0,43.01,50041.97
7000147,9/11/2024,10824,5552,305,WHNJ1,SC,Ground,UPS,Delivered,76,8.47,28.74,0,17.12,2201.36
7000148,5/21/2024,13432,5092,635,WHNJ1,AL,Ground,USPS,Delivered,95,11.56,51.13,0,20.74,4878.09
7000149,3/2/2023,16529,1444,414,WHWA1,DE,Overnight,UPS,InTransit,57,37.48,26.45,0,22.36,1530.01
7000150,11/6/2023,14152,5175,565,WHPA1,IA,Ground,UPS,Delivered,83,21.64,81.25,0.15,4.23,5736.42
7000151,6/17/2025,14214,2499,473,WHPA1,WY,2Day,DHL,Delivered,43,11.35,426.32,0,13.08,18344.84
7000152,9/27/2023,17421,1927,520,WHTX1,VT,Ground,UPS,Delivered,108,4.39,218.1,0.05,11.2,22388.26
7000153,6/20/2023,18990,1623,505,WHCA1,MO,Overnight,UPS,Delivered,3,4.43,108.51,0.1,36.44,329.42
7000154,5/5/2024,10780,2480,324,WHIL1,DE,Ground,DHL,Delivered,4,20.08,39.22,0,12.06,168.94
7000155,9/4/2025,12893,4038,470,WHWA1,NY,Ground,UPS,Delivered,104,7.86,53.35,0.15,22.22,4738.36
7000156,9/30/2023,15535,4386,403,WHNJ1,WY,Ground,UPS,InTransit,161,9.04,131.05,0.1,36.67,19025.82
7000157,11/11/2024,13307,4319,360,WHWA1,IL,Ground,USPS,Cancelled,87,5.03,101.39,0,14.38,8835.31
7000158,12/29/2024,12903,1234,386,WHIL1,VA,Ground,UPS,Delivered,106,13.07,63.59,0.15,42.6,5772.06
7000159,9/25/2023,13719,2618,555,WHTX1,IA,Ground,UPS,Delivered,128,19.83,66.27,0.1,2.79,7637.09
7000160,12/11/2024,10022,3692,465,WHCA1,CO,Ground,UPS,Delivered,45,24.95,125.63,0,6.72,5660.07
7000161,12/23/2023,11501,3031,672,WHFL1,NC,Ground,FedEx,Delivered,13,7.64,149.41,0.1,11.57,1759.67
7000162,10/8/2024,19035,1387,467,WHIL1,CT,Ground,UPS,Delivered,162,14.72,20.99,0,8.46,3408.84
7000163,10/9/2024,19953,2635,384,WHWA1,NC,Ground,UPS,Delivered,164,9.45,70.33,0.1,30.32,10411.03
7000164,6/29/2024,13642,5134,502,WHCA1,WA,Ground,UPS,InTransit,56,16.96,89.93,0.05,4.3,4788.58
7000165,4/17/2023,15213,2185,390,WHFL1,NH,Ground,UPS,Delivered,26,9.98,41.34,0,26.95,1101.79
7000166,3/23/2025,10192,2968,389,WHNJ1,PA,Ground,FedEx,Delivered,148,6.1,146.89,0.05,9.28,20662.01
7000167,11/28/2023,18588,1241,420,WHIL1,OR,Ground,UPS,Cancelled,102,22.08,49.03,0.05,1.84,4752.85
7000168,8/6/2023,17175,1562,456,WHGA1,UT,Ground,FedEx,Cancelled,1,10.61,149.77,0.1,5.05,139.84
7000169,2/17/2023,15115,3000,488,WHNJ1,NY,2Day,FedEx,Delivered,13,8.1,46.36,0.1,14.13,556.54
7000170,8/23/2024,14663,5902,488,WHCA1,AZ,Ground,UPS,Delivered,187,11.13,71.95,0.05,28.69,12810.61
7000171,11/14/2024,14327,2930,562,WHTX1,MD,Ground,UPS,Delivered,5,6.43,70.84,0.25,6.53,272.18
7000172,1/20/2023,19066,5901,352,WHGA1,IN,Ground,UPS,Delivered,34,12.83,192.13,0.1,15.39,5894.57
7000173,6/1/2024,14336,3780,440,WHPA1,NV,2Day,UPS,Pending,73,8.89,100.79,0.15,68.49,6322.51
7000174,9/12/2023,18282,2676,319,WHIL1,PA,Ground,FedEx,InTransit,22,6.21,43.55,0,9.85,967.95
7000175,10/23/2024,18649,3516,375,WHWA1,AR,Ground,FedEx,InTransit,28,41.63,49.59,0,10.21,1398.73
7000176,7/25/2023,19197,2678,530,WHPA1,IA,Ground,UPS,Delivered,44,5.46,49.45,0,3.65,2179.45
7000177,11/21/2024,15495,5142,430,WHNJ1,KY,Ground,FedEx,Delivered,33,12.36,60.78,0,3.58,2009.32
7000178,1/5/2024,18537,4747,355,WHWA1,OR,Ground,DHL,Delivered,123,10.35,30.97,0.2,10.67,3058.12
7000179,7/20/2025,12712,4357,571,WHIL1,MS,Ground,UPS,Delivered,65,5.4,56.68,0,41.95,3726.15
7000180,6/12/2023,17596,2652,400,WHIL1,PA,2Day,FedEx,Delivered,34,8.17,156.33,0,22.97,5338.19
7000181,12/9/2023,16274,5178,369,WHGA1,TN,Ground,FedEx,Delivered,38,4.47,151.55,0,14.7,5773.6
7000182,5/14/2023,16285,4842,599,WHGA1,SD,Ground,UPS,Delivered,5,34.55,20.06,0.1,12.37,102.64
7000183,7/6/2025,19309,3442,317,WHGA1,OK,Ground,FedEx,Delivered,6,8.51,17.96,0,4.12,111.88
7000184,5/12/2025,18818,5886,654,WHGA1,SD,Ground,DHL,Delivered,104,8.96,39.61,0,19.15,4138.59
7000185,10/19/2023,13995,1595,416,WHTX1,DE,Ground,UPS,Delivered,13,32.13,17.27,0,28.4,252.91
7000186,11/5/2024,11679,3613,452,WHWA1,AZ,2Day,USPS,Delivered,62,6.1,24.78,0,23.15,1559.51
7000187,3/2/2025,18415,5097,630,WHWA1,NJ,Ground,UPS,Delivered,133,21.74,76.72,0,19.66,10223.42
7000188,7/22/2024,10744,2497,416,WHCA1,MI,Ground,UPS,Delivered,46,14.27,58.43,0.1,13.34,2432.34
7000189,6/21/2024,10463,4556,330,WHGA1,NC,Ground,FedEx,Pending,43,3.05,17.99,0,16.8,790.37
7000190,9/30/2023,11569,5862,623,WHNJ1,MO,Ground,UPS,Delivered,142,8,136.1,0.25,15.69,14510.34
7000191,4/20/2023,11737,5767,351,WHWA1,NJ,Ground,FedEx,InTransit,139,12.99,44.66,0,44.85,6252.59
7000192,6/4/2025,17904,4359,360,WHIL1,OR,Ground,UPS,Pending,144,10.22,41.74,0,17.79,6028.35
7000193,6/8/2025,17003,2602,529,WHPA1,AZ,Overnight,FedEx,Delivered,77,10.23,122.23,0.1,31.6,8502.14
7000194,10/9/2024,18857,1915,559,WHGA1,AR,Ground,FedEx,Delivered,170,6.95,79.99,0,24.24,13622.54
7000195,12/8/2023,11357,2845,660,WHNJ1,NH,Ground,FedEx,Delivered,127,6.52,58.24,0,10.38,7406.86
7000196,12/13/2023,11015,2996,305,WHTX1,NY,Ground,UPS,Delivered,53,8.31,42.44,0,7.25,2256.57
7000197,12/10/2024,11055,1095,328,WHNJ1,MN,2Day,UPS,Delivered,87,32.44,89.4,0.05,73.02,7461.93
7000198,6/4/2025,11765,1493,554,WHPA1,ME,2Day,UPS,InTransit,14,5.8,44.32,0,13.74,634.22
7000199,5/23/2025,16010,4070,664,WHPA1,IA,Ground,FedEx,Delivered,73,7.49,51.14,0.1,11.3,3371.2
7000200,1/17/2025,14459,1150,531,WHNJ1,DC,Overnight,UPS,Cancelled,32,10.17,26.33,0,23.06,865.62
7000201,10/19/2024,19605,2047,695,WHTX1,KS,Ground,FedEx,InTransit,35,4.16,133.5,0,2.2,4674.7
7000202,4/10/2023,10668,3804,657,WHWA1,MN,Ground,UPS,Delivered,15,12.96,177.89,0.15,8.46,2276.56
7000203,7/10/2023,13371,1399,500,WHPA1,SC,2Day,FedEx,Delivered,45,4.62,69.59,0.1,5.6,2824
7000204,6/5/2025,15977,5951,632,WHTX1,VA,2Day,FedEx,Delivered,62,5.21,42.69,0.05,19.03,2533.47
7000205,9/8/2024,11395,5477,571,WHIL1,OR,2Day,UPS,Delivered,82,5.06,115.49,0.1,6.83,8529.99
7000206,1/11/2023,18291,1552,639,WHGA1,AL,2Day,FedEx,Delivered,37,3.74,90.6,0,21.75,3373.95
7000207,4/30/2023,14071,1295,604,WHPA1,ME,Overnight,UPS,InTransit,120,21.4,43.98,0.05,4.61,5018.33
7000208,11/7/2024,16983,2144,683,WHNJ1,OR,Ground,USPS,Delivered,69,13.67,134.31,0,53.67,9321.06
7000209,1/6/2023,18614,1456,346,WHWA1,OH,Ground,FedEx,Delivered,88,17.39,44.58,0,38.89,3961.93
7000210,7/9/2023,15600,2554,328,WHCA1,NJ,Ground,FedEx,InTransit,34,16.47,24.39,0,34.32,863.58
7000211,7/14/2024,13651,1169,307,WHCA1,KY,2Day,USPS,Delivered,126,9.04,57.3,0.15,41.42,6178.25
7000212,11/22/2024,19325,5806,532,WHFL1,RI,Ground,USPS,Delivered,86,9.82,128.17,0.05,9.84,10481.33
7000213,10/31/2024,19895,2947,499,WHIL1,WI,Ground,FedEx,Delivered,139,18.37,64.48,0,30.15,8992.87
7000214,9/9/2023,13621,1254,394,WHCA1,MT,2Day,UPS,Delivered,19,26.73,26.4,0,8.46,510.06
7000215,12/3/2024,13191,3377,382,WHIL1,IL,Overnight,FedEx,InTransit,48,4.7,45.25,0,6.69,2178.69
7000216,9/24/2023,18790,2321,388,WHWA1,MI,Ground,UPS,Pending,13,45.36,138.62,0,39.33,1841.39
7000217,12/1/2023,10392,3884,690,WHGA1,VA,Ground,FedEx,Delivered,26,4.54,72.68,0.05,19.93,1815.13
7000218,12/21/2024,11076,4608,486,WHFL1,MN,Ground,FedEx,Delivered,50,7.58,59.21,0,48.35,3008.85
7000219,10/28/2024,12651,3126,543,WHIL1,UT,Ground,FedEx,Delivered,148,10.45,54.77,0.05,22.96,7723.62
7000220,4/8/2025,12385,4497,368,WHTX1,TX,Ground,FedEx,Delivered,74,11.05,127.77,0.15,26.75,8063.48
7000221,11/4/2024,10810,3241,611,WHTX1,NC,2Day,FedEx,Delivered,41,32.49,122.07,0,26.57,5031.44
7000222,8/5/2024,18048,1401,674,WHFL1,NE,Ground,UPS,Delivered,110,18.35,22.5,0.1,9.58,2237.08
7000223,4/21/2023,15502,3157,487,WHWA1,OH,Ground,UPS,Delivered,3,12.81,115.85,0,59.51,407.06
7000224,12/23/2023,16896,3377,539,WHWA1,ID,Ground,FedEx,Pending,46,18.61,86.13,0,4.47,3966.45
7000225,10/27/2023,11160,1363,690,WHTX1,FL,Ground,UPS,Delivered,82,12.31,182.99,0,8.81,15013.99
7000226,10/2/2023,17575,4939,518,WHPA1,ND,Ground,FedEx,Delivered,79,6.67,57.17,0,51.25,4567.68
7000227,8/23/2025,11532,4852,408,WHTX1,IN,Ground,UPS,InTransit,83,13.38,132.82,0.25,36.11,8304.16
7000228,1/13/2024,15482,4413,607,WHTX1,OR,2Day,UPS,Delivered,25,10.41,83.31,0,16.24,2098.99
7000229,5/29/2025,17549,3307,338,WHWA1,AZ,Ground,FedEx,Delivered,42,6.03,27.51,0.05,34.53,1132.18
7000230,10/7/2024,14977,1085,695,WHTX1,UT,2Day,FedEx,Delivered,162,21.33,122.58,0.05,33.29,18898.35
7000231,2/3/2025,15696,2825,649,WHTX1,UT,Ground,UPS,Cancelled,181,9.68,105.74,0,29.08,19168.02
7000232,5/21/2024,18446,4886,576,WHPA1,MA,Ground,UPS,Delivered,38,5.11,38.07,0,14.62,1461.28
7000233,8/12/2024,13549,1308,310,WHTX1,CT,Ground,UPS,Delivered,90,5.61,73.48,0,74.78,6687.98
7000234,5/9/2024,16164,5358,326,WHTX1,NC,Ground,UPS,Delivered,29,13.79,262.37,0,21.67,7630.4
7000235,8/13/2023,16672,2922,348,WHGA1,OH,Ground,UPS,InTransit,46,18.77,42.79,0.2,6.42,1581.09
7000236,12/8/2024,15265,1631,647,WHWA1,HI,Ground,FedEx,Delivered,120,13.35,99.75,0,12.17,11982.17
7000237,11/7/2023,11232,5776,670,WHWA1,VT,Ground,USPS,Delivered,65,13.39,27.88,0.2,26.62,1476.38
7000238,1/29/2023,12424,5961,314,WHPA1,NY,Ground,UPS,Delivered,135,6.15,40.25,0,5.95,5439.7
7000239,10/23/2024,18072,3372,400,WHTX1,MI,Ground,UPS,Delivered,87,10.57,105.82,0,7.13,9213.47
7000240,7/28/2023,14262,4301,487,WHIL1,TN,Ground,FedEx,InTransit,87,8.2,71.81,0,31.1,6278.57
7000241,7/25/2025,19766,4668,312,WHFL1,ME,Ground,USPS,Delivered,4,8.9,52.12,0.1,76.7,264.33
7000242,8/7/2025,12909,1727,672,WHWA1,OK,Ground,UPS,Delivered,111,9.35,197.57,0,17.57,21947.84
7000243,6/25/2025,14713,2649,679,WHGA1,OR,Ground,UPS,InTransit,184,6.73,31.47,0,27.44,5817.92
7000244,12/25/2023,16756,5313,579,WHPA1,HI,Ground,UPS,Pending,61,15.7,54.17,0,23.4,3327.77
7000245,1/19/2023,19818,2270,641,WHCA1,SD,Ground,UPS,Delivered,19,5.46,84.66,0,12.66,1621.2
7000246,7/10/2025,13884,5544,628,WHNJ1,IL,Ground,FedEx,Delivered,183,4.59,32.6,0,6.63,5972.43
7000247,2/23/2024,13516,1319,467,WHPA1,NV,Ground,DHL,Delivered,35,6.24,85.7,0.1,24.03,2723.58
7000248,8/18/2025,13404,4476,422,WHFL1,WI,Ground,FedEx,Cancelled,52,16.99,127.31,0,8,6628.12
7000249,8/15/2025,14599,3779,693,WHGA1,IA,Overnight,DHL,Pending,9,12.26,55.37,0.05,24.79,498.2
7000250,4/13/2025,15009,4059,395,WHTX1,IL,Ground,UPS,Delivered,13,3.43,37.14,0.05,27.43,486.11
7000251,11/14/2023,16223,5135,325,WHGA1,TX,Ground,USPS,Pending,26,14.31,48.21,0,15.49,1268.95
7000252,1/3/2024,14010,2603,317,WHNJ1,NC,2Day,UPS,InTransit,73,9.71,9.2,0,11.62,683.22
7000253,4/10/2025,12736,3257,329,WHNJ1,DE,Ground,UPS,Pending,75,7.78,121.34,0.15,43.89,7779.32
7000254,11/26/2023,14492,1830,623,WHPA1,NY,Ground,FedEx,Delivered,83,8.65,72.21,0,18.03,6011.46
7000255,7/19/2023,18594,1856,641,WHTX1,OR,2Day,UPS,InTransit,79,4.49,53.03,0,56.65,4246.02
7000256,7/24/2024,10975,3649,613,WHTX1,WV,2Day,UPS,Pending,65,11.1,18.68,0,24.34,1238.54
7000257,7/20/2025,10224,2859,372,WHIL1,AR,Ground,FedEx,Delivered,123,4.67,130.41,0,66.02,16106.45
7000258,11/24/2024,14614,2103,570,WHNJ1,DC,Ground,UPS,Cancelled,163,8.11,44.17,0,12.14,7211.85
7000259,8/6/2024,16778,3482,550,WHTX1,LA,2Day,FedEx,Delivered,33,8.11,89.12,0,9.66,2950.62
7000260,4/25/2023,18428,2821,595,WHNJ1,MN,Ground,UPS,Delivered,15,15.87,59.52,0,26.07,918.87
7000261,9/18/2024,14212,5938,444,WHWA1,NH,Ground,FedEx,InTransit,54,10.24,19.37,0,26.14,1072.12
7000262,9/9/2025,10226,3080,574,WHIL1,AK,Ground,UPS,Delivered,3,15.27,145.81,0,34.69,472.12
7000263,6/14/2023,18184,4159,523,WHCA1,IL,Ground,FedEx,Pending,145,4.88,127.66,0,17.21,18527.91
7000264,6/8/2024,14278,3441,375,WHNJ1,KS,Ground,UPS,Delivered,29,9.37,102.43,0.1,20.05,2693.47
7000265,5/12/2025,11342,4685,402,WHWA1,DE,Ground,FedEx,Delivered,73,13.75,74.79,0,14.68,5474.35
7000266,12/18/2024,14037,2256,320,WHWA1,ME,2Day,FedEx,Delivered,14,21.07,25.95,0,19.31,382.61
7000267,11/25/2024,18402,3958,417,WHWA1,NY,Ground,UPS,Delivered,74,5.05,110.24,0.15,9.76,6943.86
7000268,11/27/2024,13728,4652,474,WHIL1,AZ,Ground,UPS,Delivered,5,6.04,280.86,0,17.44,1421.74
7000269,12/19/2023,13929,3240,673,WHIL1,DC,Ground,UPS,Delivered,115,13.54,65.08,0.05,25.32,7135.31
7000270,11/14/2023,12804,2940,473,WHFL1,WI,Ground,FedEx,Delivered,172,26.3,65.98,0.05,28.65,10809.78
7000271,2/20/2025,19302,1270,304,WHIL1,NY,Ground,FedEx,Delivered,38,11.87,27.75,0,7.61,1062.11
7000272,2/21/2025,16559,5831,640,WHGA1,SD,Ground,UPS,InTransit,31,5.14,14.08,0.15,25.16,396.17
7000273,4/29/2025,10394,5065,448,WHPA1,MA,Ground,FedEx,Delivered,57,5.2,46.66,0,37.18,2696.8
7000274,6/23/2025,16840,5980,695,WHTX1,MO,Ground,USPS,Delivered,85,10.84,169.27,0.05,28.86,13697.41
7000275,5/31/2024,19036,4776,414,WHNJ1,KY,Overnight,UPS,Delivered,23,12.39,153.7,0,3.77,3538.87
7000276,5/20/2024,19717,2113,621,WHPA1,MO,Ground,UPS,Delivered,123,8.76,57.31,0,18.64,7067.77
7000277,2/7/2025,18796,1649,467,WHGA1,NC,Ground,FedEx,InTransit,24,5.23,81.08,0.2,16.48,1573.22
7000278,10/29/2024,10582,2180,600,WHNJ1,NM,Ground,FedEx,Delivered,1,19.36,25.57,0.05,7.67,31.96
7000279,11/27/2024,10133,3143,418,WHPA1,OK,Ground,UPS,Delivered,69,8.11,64.86,0,5.71,4481.05
7000280,2/4/2025,12839,1017,400,WHGA1,MN,Ground,UPS,Delivered,14,13.72,41.56,0,26.44,608.28
7000281,5/26/2025,13386,1117,574,WHWA1,WA,Ground,UPS,Delivered,100,3.45,62.34,0.05,24.03,5946.33
7000282,12/7/2023,13771,2546,475,WHTX1,UT,Ground,FedEx,Delivered,20,20.56,49.51,0,14.42,1004.62
7000283,12/28/2023,12269,4152,459,WHIL1,MO,Ground,FedEx,InTransit,126,6.63,48.89,0.15,24.84,5260.96
7000284,4/21/2023,10976,3694,684,WHPA1,WI,Ground,UPS,Delivered,61,22.41,120.52,0.1,21,6637.55
7000285,8/13/2024,17606,5090,527,WHWA1,UT,Ground,UPS,Delivered,76,14.44,237.24,0,2.82,18033.06
7000286,2/12/2023,17214,2277,338,WHPA1,WV,Ground,UPS,Delivered,22,4.24,53.29,0.1,5.49,1060.63
7000287,4/7/2024,19736,4241,498,WHWA1,NJ,Ground,USPS,Pending,17,11.59,161.97,0.15,27.64,2368.11
7000288,7/7/2024,12836,5943,436,WHNJ1,IL,2Day,UPS,Cancelled,87,27.02,25.16,0,14.35,2203.27
7000289,11/10/2023,12739,4789,404,WHIL1,TX,Ground,FedEx,Delivered,31,6.99,56.25,0,37.34,1781.09
7000290,8/23/2024,19550,1372,493,WHFL1,WA,Ground,FedEx,Delivered,48,27.05,24.22,0,25.02,1187.58
7000291,2/6/2023,14135,3808,550,WHTX1,NH,2Day,USPS,Delivered,62,12.6,48.22,0,6.17,2995.81
7000292,2/14/2023,19509,1156,313,WHWA1,KS,Ground,FedEx,Delivered,28,22.35,99.02,0.2,7.63,2225.68
7000293,3/8/2025,16834,3662,355,WHNJ1,PA,Ground,UPS,Delivered,121,11,131.29,0,6.8,15892.89
7000294,12/19/2023,18354,1465,644,WHCA1,NE,Ground,USPS,InTransit,165,9.28,34.79,0,42.52,5782.87
7000295,5/30/2023,11910,5879,385,WHCA1,MT,Ground,FedEx,Pending,55,30.11,82.68,0,34.91,4582.31
7000296,6/13/2024,19320,5900,409,WHCA1,HI,Ground,FedEx,Cancelled,156,15.42,141.93,0,10.79,22151.87
7000297,1/5/2025,19851,5316,343,WHTX1,WA,Ground,UPS,Delivered,145,8.68,128.48,0,44.96,18674.56
7000298,8/31/2023,11964,2774,688,WHWA1,OR,Ground,UPS,Cancelled,20,12.9,71.92,0.05,47.36,1413.84
7000299,9/27/2024,15154,1117,371,WHCA1,AZ,Ground,FedEx,Delivered,21,7.13,39.72,0,66.07,900.19
7000300,4/11/2023,10967,3104,568,WHPA1,MT,Overnight,USPS,Delivered,62,10.67,37.05,0,50.54,2347.64
7000301,3/2/2023,10890,2375,359,WHFL1,ND,Ground,FedEx,Delivered,69,20.49,33.26,0.1,54.65,2120.1
7000302,6/24/2024,13062,4204,344,WHNJ1,NC,Ground,USPS,Delivered,42,9.07,58.69,0.15,12.19,2107.42
7000303,7/4/2024,16462,5404,572,WHFL1,IA,Ground,FedEx,Cancelled,38,5.92,33.72,0,35.8,1317.16
7000304,10/14/2024,16167,4547,690,WHFL1,AK,Ground,UPS,Delivered,55,5.6,96.44,0,21.67,5325.87
7000305,12/10/2024,16968,4978,314,WHFL1,NV,Ground,FedEx,Delivered,98,10.45,70.4,0,19.22,6918.42
7000306,8/26/2025,19859,5318,671,WHPA1,MD,Ground,FedEx,Delivered,10,6.16,68.2,0,12.29,694.29
7000307,6/6/2024,18102,2197,412,WHCA1,PA,2Day,FedEx,Cancelled,102,4.23,16.54,0.05,7.07,1609.8
7000308,11/29/2023,17380,4412,679,WHFL1,UT,2Day,USPS,Cancelled,160,4.87,61.18,0.1,16.08,8826
7000309,2/4/2025,19634,1797,614,WHWA1,KS,Ground,UPS,Delivered,114,20.24,43.51,0,11,4971.14
7000310,11/2/2023,17281,4893,528,WHFL1,VA,Ground,UPS,Delivered,23,9.18,273.37,0,22.22,6309.73
7000311,3/7/2024,11068,1151,469,WHNJ1,AR,Ground,USPS,Pending,10,10.35,24.49,0,32.78,277.68
7000312,4/3/2023,14224,4250,676,WHWA1,DE,Ground,UPS,Delivered,64,5.6,51.96,0,21.62,3347.06
7000313,1/30/2023,19019,1112,591,WHPA1,UT,Overnight,FedEx,Cancelled,172,7.05,78.45,0.15,18.42,11487.81
7000314,8/14/2025,14608,1683,546,WHTX1,VA,Ground,USPS,Pending,127,6.92,30.37,0.05,24.02,3688.16
7000315,3/24/2025,13986,2162,566,WHIL1,MD,Ground,UPS,Delivered,75,8.47,231.39,0,28.99,17383.24
7000316,11/24/2024,13180,3380,637,WHPA1,MT,Ground,USPS,InTransit,17,3.7,234.74,0,19.92,4010.5
7000317,1/31/2024,14539,5989,543,WHGA1,NY,Ground,UPS,Delivered,103,19.23,32.9,0.1,17.78,3067.61
7000318,7/24/2023,12363,1161,458,WHCA1,IL,Overnight,FedEx,InTransit,125,9.9,39.65,0,37.61,4993.86
7000319,7/4/2023,12225,2426,600,WHGA1,CA,2Day,UPS,Delivered,163,11.29,269.65,0.1,13,39570.66
7000320,10/10/2023,16372,4662,627,WHWA1,UT,Ground,FedEx,Cancelled,84,17.31,159.34,0,22.89,13407.45
7000321,7/15/2024,11727,1278,318,WHIL1,TN,2Day,FedEx,Cancelled,68,16.53,46.33,0,126.53,3276.97
7000322,12/4/2024,15792,4392,383,WHTX1,DC,Ground,FedEx,Delivered,85,7.08,81.15,0.05,24.67,6577.53
7000323,11/5/2024,18074,2557,635,WHPA1,IL,Ground,FedEx,Delivered,166,14.37,22.73,0,2.88,3776.06
7000324,11/7/2023,18459,5593,531,WHTX1,SD,Ground,USPS,Delivered,87,14.28,279.24,0,13.68,24307.56
7000325,8/8/2025,17014,2916,642,WHIL1,HI,Ground,FedEx,InTransit,31,12.09,63.14,0,1.64,1958.98
7000326,12/16/2024,10838,5751,553,WHGA1,OR,Ground,DHL,InTransit,88,18.9,90.4,0,31.68,7986.88
7000327,7/21/2024,14585,4108,467,WHPA1,NY,Ground,UPS,Cancelled,144,16.16,31.18,0.05,2.66,4268.08
7000328,9/14/2024,10687,1303,342,WHCA1,VT,Ground,FedEx,Delivered,76,15.47,27.09,0,1.53,2060.37
7000329,2/13/2024,10357,5534,549,WHNJ1,TN,Ground,UPS,Delivered,66,22.69,82.28,0.05,28.32,5187.28
7000330,10/7/2023,19064,3774,548,WHFL1,LA,Ground,DHL,Delivered,107,10.17,229.47,0,7,24560.29
7000331,12/17/2023,14648,5282,680,WHTX1,NH,Ground,UPS,Delivered,93,10.35,41.1,0.1,15.52,3455.59
7000332,12/27/2024,14419,4246,586,WHWA1,IA,Ground,UPS,Delivered,7,16.35,30.23,0,35.33,246.94
7000333,1/17/2023,16643,5769,320,WHIL1,MD,2Day,UPS,Pending,105,8.98,74.29,0,17.99,7818.44
7000334,5/17/2023,13392,2001,682,WHPA1,UT,Ground,UPS,Delivered,51,13.35,188.74,0,47.3,9673.04
7000335,2/24/2023,14358,4835,652,WHWA1,OK,Ground,USPS,InTransit,165,7.15,38.37,0,26.52,6357.57
7000336,2/17/2023,14880,5007,681,WHGA1,CA,Ground,UPS,Delivered,180,2.55,50.37,0,9.43,9076.03
7000337,4/16/2025,15320,5779,342,WHCA1,SC,Ground,USPS,Delivered,57,14.32,107.81,0,62.11,6207.28
7000338,11/28/2024,12740,2719,645,WHWA1,OR,Ground,UPS,Delivered,179,3.95,116.21,0.25,24.79,15625.98
7000339,4/17/2024,19511,4831,387,WHGA1,NC,Ground,USPS,Delivered,38,6.57,49.17,0.05,26.88,1801.92
7000340,4/26/2023,19728,4182,561,WHCA1,LA,Ground,FedEx,Pending,97,16.36,129.28,0,10.27,12550.43
7000341,5/8/2024,14785,3883,606,WHPA1,ME,2Day,UPS,Delivered,9,16.47,86.88,0,11.69,793.61
7000342,4/16/2024,19965,1999,597,WHNJ1,DC,Ground,UPS,Delivered,17,20.24,60.68,0.1,13.85,942.25
7000343,7/24/2023,10878,1285,650,WHNJ1,NY,Ground,UPS,InTransit,139,2.98,112.85,0.1,26.83,14144.36
7000344,3/1/2024,12871,1421,540,WHWA1,TN,Ground,UPS,Cancelled,148,11.94,102.47,0.2,20.41,12152.86
7000345,1/19/2024,10293,3161,467,WHFL1,MI,Ground,UPS,Delivered,70,8.57,28.83,0.15,4,1719.38
7000346,9/19/2024,19844,4066,613,WHWA1,SD,Ground,UPS,Delivered,42,18.09,169.49,0,42.39,7160.97
7000347,10/11/2024,18729,3276,519,WHIL1,AL,Ground,UPS,Delivered,58,24.25,76.41,0,9.86,4441.64
7000348,2/23/2023,12687,2495,691,WHIL1,MO,Ground,FedEx,Delivered,141,4.56,157.16,0.05,61.59,21113.17
7000349,12/27/2023,10234,4885,433,WHCA1,MD,2Day,UPS,Delivered,25,10.1,62.22,0.05,65.73,1543.46
7000350,9/30/2024,12375,5624,507,WHCA1,OH,Ground,FedEx,Pending,36,16.48,71.36,0,20.2,2589.16
7000351,5/21/2024,12273,3544,351,WHCA1,VT,2Day,DHL,Delivered,119,8.16,79.33,0,23.15,9463.42
7000352,4/17/2025,10967,5127,406,WHWA1,CO,Ground,UPS,Delivered,163,28.5,87.98,0.2,36.39,11508.98
7000353,11/4/2024,10890,5258,692,WHCA1,CO,Ground,FedEx,Delivered,11,7.86,174.88,0.15,23.99,1659.12
7000354,7/11/2023,13864,2842,484,WHFL1,WY,Ground,UPS,InTransit,123,8.35,83.17,0,17.7,10247.61
7000355,3/24/2023,16155,5801,501,WHWA1,OR,Ground,UPS,Delivered,90,5.25,58.84,0,18.33,5313.93
7000356,10/20/2024,13401,1722,311,WHPA1,WI,Ground,FedEx,Delivered,28,10.97,121.63,0.15,23.2,2917.99
7000357,2/1/2023,18227,2402,554,WHPA1,AZ,2Day,UPS,Delivered,112,1.64,81.1,0,5.19,9088.39
7000358,8/19/2024,14543,1446,450,WHNJ1,OR,Ground,UPS,Delivered,106,8.62,474.95,0.1,11.28,45321.51
7000359,7/24/2025,13524,3792,654,WHIL1,NM,2Day,UPS,Delivered,17,21.41,73.58,0,28.34,1279.2
7000360,8/10/2024,11764,5523,655,WHFL1,OH,2Day,USPS,Delivered,66,4.33,142.7,0.05,15.7,8962.99
7000361,1/7/2024,13292,4768,695,WHIL1,VT,Ground,FedEx,Delivered,113,3.79,111.25,0,7.76,12579.01
7000362,10/21/2024,12489,3552,396,WHTX1,IA,Ground,DHL,Delivered,23,19.54,14.29,0.15,17.39,296.76
7000363,3/29/2024,11559,2968,406,WHIL1,KY,Ground,USPS,Delivered,60,21.19,35.82,0,51.1,2200.3
7000364,7/10/2024,14691,4889,443,WHIL1,IA,2Day,UPS,Cancelled,14,4.43,44.11,0,62.5,680.04
7000365,7/26/2025,16122,5817,466,WHGA1,CA,2Day,UPS,Delivered,38,28.28,21,0,53.28,851.28
7000366,1/4/2024,12277,3732,301,WHGA1,MI,Ground,UPS,InTransit,26,12.96,45.5,0.05,34.53,1158.38
7000367,8/13/2025,14440,3630,346,WHFL1,VA,Ground,FedEx,Delivered,66,18.76,22.98,0,35.63,1552.31
7000368,6/13/2025,11104,2965,542,WHTX1,HI,Ground,FedEx,InTransit,17,6.22,27.6,0.05,10.7,456.44
7000369,8/14/2023,17521,2058,644,WHCA1,NV,2Day,UPS,Delivered,48,24.44,71.05,0,13.47,3423.87
7000370,3/23/2023,19612,5832,578,WHTX1,IN,Overnight,UPS,Delivered,33,8.51,229.96,0.15,7.06,6457.44
7000371,4/29/2023,15410,1758,303,WHTX1,RI,Ground,UPS,InTransit,110,8.29,23.12,0,36.7,2579.9
7000372,1/22/2023,19671,2796,442,WHNJ1,AZ,Ground,USPS,InTransit,100,13.36,25.62,0.1,27.07,2332.87
7000373,4/22/2023,17870,2644,686,WHPA1,TN,Ground,USPS,Cancelled,11,7.9,41.32,0.05,20.68,452.47
7000374,11/17/2024,12957,5850,361,WHIL1,HI,Ground,UPS,InTransit,171,4.02,54.13,0,30.11,9286.34
7000375,3/25/2023,17711,1024,594,WHNJ1,NJ,2Day,UPS,Delivered,110,10.82,20.39,0,3.33,2246.23
7000376,11/27/2023,16018,2240,525,WHFL1,PA,Ground,UPS,Delivered,85,8.26,36.78,0.2,7.54,2508.58
7000377,4/3/2025,19575,5151,602,WHPA1,CA,Ground,USPS,Delivered,62,6.31,34.48,0,28.72,2166.48
7000378,1/28/2023,13385,4098,470,WHFL1,MI,Ground,DHL,Delivered,21,21.05,74.98,0.05,15.66,1511.51
7000379,2/26/2025,19762,2305,434,WHIL1,IL,Ground,UPS,InTransit,175,42.01,80.82,0,15.23,14158.73
7000380,11/7/2023,10029,3543,341,WHFL1,UT,Ground,UPS,Delivered,1,5.76,53.92,0.15,11.27,57.1
7000381,5/19/2023,18898,4713,531,WHTX1,DC,2Day,UPS,Pending,99,11.26,46.06,0.05,34.57,4366.51
7000382,11/24/2024,19213,4956,526,WHWA1,DC,Ground,FedEx,Delivered,66,7.87,36.51,0.15,14.53,2062.74
7000383,10/4/2024,19639,5530,439,WHIL1,MA,Ground,FedEx,Delivered,151,39.47,62.21,0.1,5.63,8459.97
7000384,5/12/2025,17757,5304,410,WHCA1,OR,Ground,FedEx,Delivered,48,13.43,30.3,0,17.93,1472.33
7000385,12/15/2024,16949,5229,597,WHCA1,MO,Ground,DHL,Delivered,68,17.44,177.22,0,35.7,12086.66
7000386,2/13/2025,15756,2306,357,WHTX1,MA,Ground,UPS,InTransit,109,20.32,21.03,0,46.93,2339.2
7000387,11/8/2023,13603,5465,423,WHFL1,NV,Ground,FedEx,Cancelled,6,10.81,37.9,0,44.38,271.78
7000388,7/28/2023,15063,4175,540,WHGA1,SD,Ground,UPS,Delivered,7,8.94,110.18,0,2.36,773.62
7000389,12/23/2024,18072,4629,386,WHCA1,AR,Ground,UPS,InTransit,25,24.88,45.39,0,30.58,1165.33
7000390,2/17/2025,17245,1782,476,WHTX1,NH,2Day,FedEx,Delivered,17,15.95,96.04,0.1,24.36,1493.77
7000391,9/9/2025,16373,1567,363,WHNJ1,WA,Ground,USPS,Cancelled,1,6.02,199.61,0,18.57,218.18
7000392,2/5/2024,17106,5623,339,WHGA1,OH,Ground,FedEx,Delivered,86,6.48,107.5,0,37.53,9282.53
7000393,12/26/2023,13582,5133,438,WHCA1,MN,Ground,FedEx,Delivered,121,7.92,25.87,0.05,21.79,2995.55
7000394,1/13/2025,12763,5274,541,WHWA1,CT,2Day,FedEx,Delivered,173,20.05,26.75,0.1,23.81,4188.79
7000395,12/9/2023,10573,1639,526,WHTX1,VA,Ground,UPS,Delivered,56,24.21,52.62,0,10.15,2956.87
7000396,7/13/2025,17706,4701,506,WHTX1,VA,Ground,FedEx,Delivered,34,36.37,81.82,0,49.82,2831.7
7000397,4/19/2025,10615,5168,464,WHNJ1,FL,Ground,FedEx,Delivered,139,6.54,139.58,0,33.84,19435.46
7000398,2/24/2024,14051,3400,327,WHWA1,MN,Ground,FedEx,Delivered,134,10.88,34.63,0,13.48,4653.9
7000399,12/23/2024,10326,3671,483,WHNJ1,AZ,2Day,FedEx,Delivered,86,7.87,42.73,0.05,39.46,3530.5
7000400,12/25/2024,13741,2173,498,WHGA1,FL,2Day,FedEx,Delivered,33,8.96,50.34,0.05,5.55,1583.71
7000401,5/2/2023,10359,2721,637,WHPA1,AR,Ground,USPS,Delivered,153,17.47,49.64,0.1,14.05,6849.48
7000402,6/10/2025,13778,1105,407,WHCA1,WI,2Day,UPS,Pending,21,9.73,170.94,0.15,10.08,3061.36
7000403,5/24/2024,15907,2683,489,WHTX1,MO,Ground,USPS,Delivered,5,22.02,55.79,0.15,29.68,266.79
7000404,3/12/2025,11722,5317,336,WHGA1,CO,Ground,USPS,Delivered,121,7.34,66.79,0,15.74,8097.33
7000405,11/28/2023,11350,2850,385,WHFL1,WV,2Day,UPS,Delivered,76,15.6,113.57,0,4.06,8635.38
7000406,6/2/2025,13697,1863,455,WHGA1,LA,Ground,FedEx,Delivered,30,7.67,182.75,0,9.75,5492.25
7000407,1/8/2024,13897,4446,469,WHFL1,VT,Ground,UPS,Delivered,95,3.32,58.54,0.05,8.09,5291.32
7000408,1/13/2023,14261,3566,584,WHNJ1,CT,2Day,UPS,Delivered,114,5.42,144.86,0.15,15.31,14052.24
7000409,6/13/2025,19789,1299,572,WHTX1,OH,Ground,FedEx,Delivered,134,10.77,215.68,0,7.09,28908.21
7000410,4/18/2023,19820,3909,335,WHIL1,NM,Ground,USPS,Delivered,34,31.67,55.54,0.15,12.02,1617.13
7000411,11/28/2023,16942,5138,484,WHPA1,PA,Ground,UPS,Delivered,3,7.59,40.44,0,5.9,127.22
7000412,8/4/2025,13809,1771,399,WHPA1,NY,2Day,USPS,Cancelled,67,9.03,277.35,0,34.08,18616.53
7000413,8/4/2025,15247,3540,537,WHNJ1,OH,2Day,FedEx,Cancelled,137,13.42,131.51,0.1,53.66,16268.84
7000414,8/9/2024,18385,2463,422,WHFL1,NV,Ground,USPS,Delivered,25,6.98,60.53,0.1,87.99,1449.92
7000415,10/8/2024,13846,4855,323,WHTX1,UT,2Day,USPS,Delivered,53,7.48,94.57,0,25.23,5037.44
7000416,3/18/2024,12578,4119,675,WHWA1,CA,Ground,USPS,Pending,31,10.44,28.87,0,10.15,905.12
7000417,11/14/2023,10092,3133,363,WHGA1,NJ,Ground,FedEx,Pending,2,7.7,130.44,0,24.35,285.23
7000418,12/3/2023,14235,2710,626,WHPA1,MI,2Day,USPS,InTransit,150,3.43,17.02,0,60.6,2613.6
7000419,11/11/2024,18673,1991,450,WHGA1,KY,Ground,UPS,Delivered,16,6.77,126.95,0,19.01,2050.21
7000420,12/24/2024,16593,1711,495,WHCA1,GA,Ground,UPS,Delivered,114,14.46,36.2,0,40.23,4167.03
7000421,1/30/2025,18129,5305,380,WHIL1,CT,Ground,UPS,Delivered,43,14.73,18.85,0,1.42,811.97
7000422,1/28/2025,11076,1039,615,WHNJ1,AR,Ground,FedEx,Pending,34,22.29,14.78,0,27.46,529.98
7000423,4/18/2023,12514,2276,453,WHFL1,TN,Ground,UPS,InTransit,165,21.24,42.99,0,4.96,7098.31
7000424,5/11/2024,18169,5858,317,WHPA1,NE,Ground,UPS,Delivered,92,5.83,98.7,0.05,57.72,8684.1
7000425,3/9/2023,16862,2437,339,WHWA1,CT,Ground,USPS,Delivered,98,6.39,22.68,0.05,38.47,2149.98
7000426,7/15/2024,18991,3994,633,WHCA1,MN,Ground,FedEx,Delivered,113,6.57,25.27,0,38.03,2893.54
7000427,3/10/2024,10605,2470,648,WHWA1,HI,Ground,USPS,InTransit,42,9.13,42.45,0,7.67,1790.57
7000428,5/23/2025,12980,3100,502,WHCA1,DE,2Day,UPS,Delivered,76,6.88,105.6,0,20.85,8046.45
7000429,12/14/2023,17141,1374,580,WHIL1,DE,2Day,UPS,Delivered,33,9.01,115.25,0,8.05,3811.3
7000430,5/18/2023,17066,5252,388,WHNJ1,OR,2Day,UPS,Delivered,131,5.93,66.17,0,30.01,8698.28
7000431,6/18/2023,14917,5026,600,WHNJ1,CA,Ground,UPS,Delivered,82,16.01,119.43,0,12.36,9805.62
7000432,12/29/2024,16801,2114,592,WHGA1,CT,2Day,UPS,Delivered,29,5.66,97.09,0,24.09,2839.7
7000433,9/21/2024,10598,3727,655,WHNJ1,MI,Ground,UPS,InTransit,150,5.5,44.81,0.05,24.86,6410.28
7000434,4/30/2023,19725,3399,370,WHCA1,OK,Ground,UPS,Delivered,78,13.66,113.41,0.25,32.42,6666.9
7000435,4/10/2023,17321,4235,678,WHGA1,AK,Ground,FedEx,Delivered,65,15.42,24.42,0.15,19,1368.21
7000436,11/27/2024,18706,2266,424,WHNJ1,MS,Ground,UPS,Delivered,4,8.74,84.34,0.1,28.78,332.4
7000437,3/27/2023,15623,4124,380,WHFL1,DC,2Day,UPS,Delivered,154,16.84,26.53,0.05,20.57,3901.91
7000438,3/7/2025,11878,1654,345,WHFL1,AK,Ground,FedEx,Delivered,170,16.13,66.31,0.15,6.8,9588.59
7000439,11/29/2024,11700,5159,533,WHIL1,WV,Ground,FedEx,Delivered,75,31.25,140.8,0.05,29.19,10061.19
7000440,4/6/2023,19222,1509,454,WHCA1,ID,2Day,USPS,InTransit,57,15.52,69.66,0,28.49,3999.11
7000441,4/10/2023,15781,3340,695,WHTX1,WA,Ground,FedEx,InTransit,45,27.85,59.47,0.05,5.73,2548.07
7000442,9/5/2025,10717,4163,480,WHIL1,TN,2Day,DHL,Delivered,32,10.38,70.29,0,7.74,2257.02
7000443,12/27/2023,14087,2688,331,WHIL1,MT,2Day,USPS,Delivered,77,23.16,95.46,0,10.96,7361.38
7000444,12/25/2023,10666,2389,385,WHNJ1,PA,Ground,FedEx,Delivered,15,23.45,267.24,0,17.38,4025.98
7000445,2/25/2025,17847,3198,345,WHGA1,VT,Ground,UPS,InTransit,157,9.18,94.73,0,9.72,14882.33
7000446,8/1/2025,16612,4912,671,WHWA1,CO,Ground,UPS,InTransit,21,6.62,42.21,0.05,18.86,860.95
7000447,9/4/2025,11080,3929,623,WHGA1,MN,Ground,FedEx,Delivered,110,7.35,51.85,0.1,13.66,5146.81
7000448,12/25/2024,18420,5800,632,WHFL1,AK,Ground,FedEx,Delivered,38,12.83,31.93,0.2,59.34,1030.01
7000449,12/28/2023,18341,1516,543,WHCA1,MT,Ground,USPS,Delivered,27,5.02,25.2,0,29.85,710.25
7000450,4/9/2023,11070,4659,340,WHNJ1,IN,2Day,FedEx,Delivered,75,7.62,10.93,0.2,36.23,692.03
7000451,1/14/2025,15264,2834,482,WHGA1,LA,2Day,DHL,Delivered,114,20.51,43.43,0.1,7.38,4463.3
7000452,7/25/2024,17952,1030,597,WHFL1,PA,Ground,USPS,Delivered,106,14.92,22.45,0,20.83,2400.53
7000453,2/19/2024,11364,4215,676,WHPA1,NY,Ground,DHL,Delivered,28,2.44,64.22,0.05,17.85,1726.1
7000454,6/15/2025,14509,1326,381,WHWA1,DC,Ground,UPS,Delivered,41,4.5,42,0,9.48,1731.48
7000455,5/11/2023,11756,4767,338,WHTX1,IN,Ground,UPS,InTransit,140,36.52,28.06,0,22.74,3951.14
7000456,5/9/2024,10520,5112,656,WHPA1,NJ,Ground,FedEx,Delivered,105,20.29,13.76,0,34.28,1479.08
7000457,1/14/2023,15464,1111,357,WHWA1,IL,2Day,FedEx,Pending,103,7.05,46.98,0.05,11.81,4608.8
7000458,4/11/2024,17234,1107,622,WHNJ1,SC,2Day,UPS,Delivered,33,4.09,17.6,0,34.08,614.88
7000459,3/8/2023,11103,3427,330,WHNJ1,NM,Ground,FedEx,Delivered,120,4.73,98.36,0.15,11.72,10044.44
7000460,5/20/2023,10598,5379,566,WHGA1,OR,Ground,FedEx,Delivered,45,13.57,71.72,0.05,60.11,3126.14
7000461,5/19/2023,13274,5365,527,WHWA1,VT,Ground,UPS,Delivered,51,32.74,51.19,0,28.88,2639.57
7000462,10/28/2024,15782,3532,617,WHIL1,PA,Ground,FedEx,Delivered,35,31.52,165.65,0.05,42,5549.86
7000463,12/21/2024,16257,4145,592,WHNJ1,MI,Ground,USPS,Delivered,14,3.89,60.41,0,7.46,853.2
7000464,8/17/2024,17259,5694,354,WHIL1,NV,Ground,FedEx,Delivered,53,8.37,78.62,0,5.83,4172.69
7000465,8/14/2025,18781,1799,397,WHCA1,ME,Ground,FedEx,Pending,2,5.98,97.08,0.1,23.49,198.23
7000466,12/27/2023,16555,3438,304,WHFL1,TX,Ground,UPS,Delivered,59,10.86,41.78,0,14.95,2479.97
7000467,11/9/2023,19600,3012,610,WHCA1,KS,Ground,FedEx,Delivered,105,4.5,41.95,0,25.21,4429.96
7000468,5/1/2025,18003,1426,667,WHWA1,CA,Ground,USPS,Pending,174,7.21,61.77,0.1,9.45,9682.63
7000469,9/8/2023,14847,4045,391,WHWA1,UT,Ground,FedEx,InTransit,9,5.94,23.38,0.05,27.47,227.37
7000470,8/15/2025,19822,4289,389,WHGA1,WI,2Day,UPS,Delivered,34,13.69,209.36,0,47.41,7165.65
7000471,1/15/2023,19187,3915,620,WHCA1,AK,Overnight,FedEx,Delivered,64,7.34,67.15,0.1,17.22,3885.06
7000472,8/20/2025,14799,2240,675,WHPA1,GA,2Day,USPS,Delivered,20,8,52.13,0.15,7.13,893.34
7000473,2/20/2023,16606,4392,392,WHWA1,WA,2Day,UPS,Delivered,14,13.59,258.32,0.05,33.84,3469.5
7000474,5/28/2025,12987,5214,450,WHPA1,ME,Ground,UPS,Delivered,58,26.79,27.75,0.1,18.69,1467.24
7000475,6/19/2024,10401,4998,534,WHPA1,MD,Ground,UPS,Delivered,78,35.59,175.85,0,8.38,13724.68
7000476,9/12/2025,12856,4007,637,WHGA1,NH,Ground,FedEx,InTransit,127,13.15,106.02,0,38.84,13503.38
7000477,3/28/2023,13413,4040,359,WHGA1,MO,Ground,FedEx,Delivered,198,9.48,131.14,0,31.37,25997.09
7000478,7/20/2024,10057,1599,485,WHPA1,KY,2Day,USPS,Delivered,116,22.03,53.06,0.05,21.23,5868.44
7000479,8/20/2025,18023,3088,344,WHIL1,DC,2Day,UPS,Delivered,27,20.14,62.39,0.15,3.1,1434.95
7000480,6/14/2024,11876,2185,480,WHPA1,DC,Ground,FedEx,Delivered,110,16.97,47.18,0.15,14.16,4425.49
7000481,10/4/2024,14544,3751,376,WHIL1,IL,Ground,USPS,Delivered,71,3.88,120.52,0,20.4,8577.32
7000482,11/24/2024,14299,3585,444,WHCA1,VT,Ground,UPS,Delivered,58,20.65,78.93,0.05,22.89,4371.93
7000483,3/25/2024,13769,5760,401,WHIL1,KS,Ground,FedEx,Delivered,163,12.4,40.59,0.3,7.32,4638.64
7000484,10/2/2024,15753,4514,681,WHWA1,OH,Ground,FedEx,Pending,101,5.85,41.91,0,17.71,4250.62
7000485,8/18/2024,14834,5746,572,WHNJ1,OK,Ground,UPS,Delivered,97,6.68,59.38,0.05,11.85,5483.72
7000486,6/9/2025,11354,5055,355,WHTX1,RI,Overnight,UPS,Delivered,2,14.18,47.55,0.15,7.97,88.8
7000487,2/23/2023,14988,5384,489,WHNJ1,AZ,Ground,FedEx,Pending,139,2.22,164.61,0.15,44.03,19492.7
7000488,11/7/2023,16598,4937,651,WHNJ1,FL,Ground,UPS,Cancelled,121,9.27,105.65,0,9.48,12793.13
7000489,8/4/2025,14312,2700,635,WHGA1,SC,Ground,UPS,Delivered,37,6.75,105.49,0,84.17,3987.3
7000490,5/27/2025,12935,5508,377,WHTX1,WY,Overnight,DHL,Pending,36,6.35,70.67,0.05,23.53,2440.44
7000491,3/26/2024,10023,3576,596,WHGA1,VA,2Day,FedEx,Delivered,7,7.6,33.64,0.15,15.52,215.68
7000492,9/24/2024,11210,1136,519,WHIL1,NH,Ground,USPS,Delivered,6,4.12,97.67,0,24.6,610.62
7000493,11/5/2023,18941,3026,577,WHPA1,CA,Overnight,UPS,Delivered,94,18.8,13.81,0,25.53,1323.67
7000494,8/7/2023,10805,4536,366,WHFL1,AZ,Ground,USPS,Delivered,22,2.79,67.77,0.1,25.27,1367.12
7000495,4/5/2024,18326,5855,436,WHFL1,GA,Ground,FedEx,Delivered,159,11.07,33.98,0,3.02,5405.84
7000496,12/16/2023,14417,3891,534,WHFL1,NM,Ground,USPS,Delivered,133,6.01,32.2,0.05,28.27,4096.74
7000497,8/17/2024,18626,3758,499,WHIL1,HI,Ground,UPS,Pending,43,32.88,43.38,0,21.36,1886.7
7000498,4/2/2023,15142,4774,566,WHTX1,KY,Ground,FedEx,Delivered,48,10.14,56.58,0,25.05,2740.89
7000499,8/24/2025,14969,1381,688,WHCA1,SC,Overnight,FedEx,Delivered,40,2.8,59.02,0,14.49,2375.29
7000500,9/4/2025,13672,2529,343,WHIL1,SD,2Day,FedEx,Delivered,11,13.88,104.33,0,36.98,1184.61
7000501,11/25/2024,17293,5902,661,WHNJ1,DE,Ground,USPS,Cancelled,4,5.19,53.12,0.15,43.38,223.99
7000502,6/29/2024,17002,5572,528,WHTX1,AK,Ground,UPS,InTransit,58,18.06,55.88,0,8.47,3249.51
7000503,11/22/2023,12099,4629,527,WHTX1,AR,Ground,USPS,Delivered,166,14.49,22.59,0,13.59,3763.53
7000504,2/26/2025,18445,1849,363,WHIL1,KS,Ground,USPS,InTransit,156,24.19,24.74,0.05,59.02,3725.49
7000505,11/18/2024,15062,5993,471,WHIL1,SD,Ground,FedEx,InTransit,125,11.19,73.35,0,34.84,9203.59
7000506,7/11/2023,19322,5128,550,WHGA1,SD,Ground,UPS,Pending,87,16.35,93.3,0,16.73,8133.83
7000507,6/20/2025,13265,2928,638,WHGA1,MA,Ground,USPS,Delivered,137,10.26,50,0,18.39,6868.39
7000508,3/8/2025,15436,3166,550,WHNJ1,CA,2Day,FedEx,Delivered,68,7.02,115.29,0,16.28,7856
7000509,8/4/2025,18494,5287,607,WHWA1,OH,Ground,USPS,Delivered,21,18.95,22.39,0,12,482.19
7000510,12/10/2024,16692,3122,538,WHTX1,IN,Ground,USPS,Cancelled,97,4.78,79.31,0,25.2,7718.27
7000511,9/16/2024,12764,5719,356,WHFL1,IA,Ground,UPS,Cancelled,157,9.78,33.05,0.15,16.1,4426.62
7000512,2/12/2024,14006,3919,471,WHCA1,CO,Ground,FedEx,InTransit,3,7.11,31.28,0,49.05,142.89
7000513,7/16/2025,13242,5682,334,WHCA1,KS,Ground,FedEx,Delivered,30,16.57,35.12,0,12.88,1066.48
7000514,4/28/2025,13058,1473,615,WHTX1,MN,Ground,USPS,Delivered,32,5.67,56.7,0,30.52,1844.92
7000515,2/23/2023,10551,2788,430,WHNJ1,NM,Ground,UPS,Delivered,12,7.82,81.58,0.05,49.27,979.28
7000516,2/1/2023,15575,1114,430,WHFL1,TN,2Day,UPS,Delivered,27,10.27,77.36,0,43.09,2131.81
7000517,12/28/2023,15412,2337,694,WHGA1,VA,Ground,USPS,Delivered,48,24.42,48.96,0.1,17.38,2132.45
7000518,2/22/2025,11588,1339,451,WHGA1,ID,2Day,UPS,Delivered,165,7.27,93.4,0,18.5,15429.5
7000519,9/5/2025,15921,3286,443,WHGA1,SD,Ground,FedEx,Cancelled,138,7.86,195.4,0,12.05,26977.25
7000520,6/27/2023,15261,2197,418,WHCA1,ME,2Day,UPS,Delivered,168,4.45,55.19,0.15,13.57,7894.7
7000521,8/26/2024,14410,1079,504,WHCA1,ID,Ground,FedEx,Pending,14,5.54,64.12,0,34.72,932.4
7000522,12/30/2023,15784,5560,684,WHNJ1,VT,Ground,FedEx,Delivered,4,12.81,39.1,0.05,46.33,194.91
7000523,8/20/2025,10713,3653,535,WHCA1,IL,Ground,UPS,Delivered,13,10.19,45.6,0,12.62,605.42
7000524,3/31/2025,15407,5658,317,WHIL1,WI,Ground,DHL,Delivered,155,10.29,143.77,0,10.76,22295.11
7000525,3/26/2025,17991,5381,382,WHCA1,AK,Ground,UPS,Cancelled,19,28.43,144.81,0,39.46,2790.85
7000526,4/11/2024,17421,5319,314,WHGA1,MD,Overnight,UPS,InTransit,77,3.67,52.12,0,26.14,4039.38
7000527,2/7/2024,16844,3641,381,WHNJ1,NM,2Day,UPS,Delivered,27,40.18,84.57,0,8.56,2291.95
7000528,11/3/2023,12434,2257,507,WHTX1,FL,Ground,FedEx,Delivered,3,20.28,114.28,0.1,7.14,315.7
7000529,3/8/2023,13302,1828,504,WHTX1,MA,Ground,UPS,Delivered,10,8.22,43.89,0.2,8.33,359.45
7000530,4/27/2025,10271,3719,679,WHNJ1,DE,Ground,UPS,Delivered,102,12.65,24.05,0,10.39,2463.49
7000531,2/25/2025,19987,5924,572,WHIL1,RI,2Day,USPS,Delivered,22,6.64,97.21,0,30.92,2169.54
7000532,9/20/2025,11080,3811,332,WHTX1,OR,2Day,UPS,Delivered,28,12.11,112.37,0,19.32,3165.68
7000533,9/17/2025,15323,4386,323,WHGA1,NH,Ground,UPS,Delivered,47,36.32,101.38,0,53,4817.86
7000534,7/22/2024,18796,2966,402,WHTX1,ME,Ground,UPS,Delivered,92,6.79,46.18,0.05,12.22,4048.35
7000535,1/4/2025,15258,3428,462,WHTX1,OH,2Day,UPS,Pending,61,8.7,174.26,0.05,19.15,10117.52
7000536,7/30/2025,17983,3842,398,WHGA1,VT,Ground,UPS,Delivered,167,6.35,73.21,0.1,36.91,11040.37
7000537,4/9/2025,19778,1614,444,WHCA1,PA,Ground,UPS,Pending,55,6.99,26.87,0,9.59,1487.44
7000538,10/6/2023,16215,1563,404,WHIL1,MT,Ground,UPS,Delivered,24,7.85,19.63,0,8.85,479.97
7000539,3/20/2024,15007,5827,682,WHFL1,HI,2Day,UPS,Delivered,71,5.18,48.73,0.15,6.88,2947.74
7000540,6/1/2023,13986,5353,624,WHGA1,OK,Ground,UPS,Delivered,58,8.54,70.23,0,24.77,4098.11
7000541,8/7/2025,19588,1185,471,WHGA1,OH,Overnight,FedEx,Delivered,119,10.33,49.05,0.2,11.02,4680.58
7000542,9/7/2024,18792,3193,364,WHPA1,AR,Ground,FedEx,Cancelled,163,7.85,242.22,0,18.46,39500.32
7000543,9/14/2023,18706,5066,544,WHNJ1,AZ,Ground,UPS,Cancelled,131,2.52,79.61,0,10.52,10439.43
7000544,11/11/2024,15992,1246,371,WHWA1,VT,Ground,USPS,InTransit,49,9.12,30.36,0.05,60.53,1473.79
7000545,9/21/2024,16228,5087,574,WHIL1,WA,Overnight,USPS,Delivered,26,9.72,12.24,0,8.9,327.14
7000546,12/18/2023,19259,3235,669,WHCA1,ID,Ground,DHL,InTransit,155,31.22,70.73,0,30.47,10993.62
7000547,5/14/2023,17834,1866,425,WHPA1,NY,Ground,UPS,Delivered,48,10.16,119.89,0.15,17.27,4908.78
7000548,11/11/2024,12887,3088,683,WHFL1,WA,Ground,FedEx,Delivered,115,17.53,221.18,0,21.61,25457.31
7000549,6/11/2024,12654,1601,617,WHGA1,MT,Ground,UPS,Delivered,191,7.75,52.07,0,44.65,9990.02
7000550,1/8/2025,19281,4034,631,WHFL1,TX,2Day,USPS,Delivered,78,21.79,200.29,0,44.78,15667.4
7000551,6/10/2024,14865,3057,407,WHFL1,TX,Ground,UPS,Delivered,62,5.67,23.18,0.05,12.58,1377.88
7000552,4/12/2025,12515,3132,448,WHFL1,IL,2Day,UPS,Delivered,100,13.54,47.16,0,23.44,4739.44
7000553,7/18/2024,13970,1533,695,WHPA1,UT,2Day,FedEx,Delivered,23,16.56,29.5,0,11.47,689.97
7000554,7/29/2024,13285,3043,492,WHWA1,PA,Ground,FedEx,Delivered,63,15.16,104.46,0,43.01,6623.99
7000555,5/11/2025,17741,1358,637,WHCA1,NH,2Day,FedEx,Delivered,38,36.64,24.13,0.1,1.26,826.51
7000556,1/25/2024,14567,1378,526,WHPA1,DC,Ground,UPS,Delivered,20,7.04,79.49,0.1,20,1450.82
7000557,6/7/2023,12197,3220,542,WHPA1,ME,Ground,UPS,Delivered,83,23.36,25.16,0.15,19.51,1794.55
7000558,2/3/2023,10790,5489,662,WHWA1,OH,Ground,USPS,Delivered,78,20,205.37,0.1,8.2,14425.17
7000559,12/26/2024,13476,5798,584,WHPA1,WV,Ground,USPS,InTransit,113,10.3,46.17,0.1,39.59,4735.08
7000560,9/24/2024,19857,4308,463,WHGA1,SD,Ground,FedEx,Delivered,142,30.15,78.17,0.1,2.05,9992.18
7000561,11/28/2024,11310,3597,308,WHGA1,NE,Ground,FedEx,Delivered,26,9.16,17.15,0,12.76,458.66
7000562,8/28/2023,10865,1784,647,WHNJ1,VA,2Day,UPS,InTransit,117,10.13,21.07,0,15.45,2480.64
7000563,6/10/2023,15390,3380,677,WHTX1,NM,2Day,UPS,Delivered,46,9.97,34.92,0.05,37.13,1563.13
7000564,1/18/2023,13364,4604,452,WHIL1,AZ,Ground,UPS,InTransit,87,4.66,108.82,0.15,63.36,8110.6
7000565,12/14/2023,18216,1983,622,WHNJ1,OH,Ground,FedEx,Delivered,135,15.79,95.17,0.05,33.51,12239.06
7000566,8/23/2024,13004,4943,395,WHCA1,MS,Ground,FedEx,Delivered,31,14.38,128.27,0,23.46,3999.83
7000567,1/12/2024,18503,3591,514,WHPA1,CT,Ground,FedEx,Delivered,82,9.39,20.85,0.15,56.59,1509.83
7000568,3/5/2024,11232,2043,364,WHGA1,DC,Ground,UPS,Delivered,62,28.79,85.55,0.1,7.7,4781.39
7000569,6/12/2025,17960,3539,365,WHPA1,OH,Ground,UPS,Delivered,120,7.69,40.55,0.05,36.26,4658.96
7000570,12/13/2023,12712,1862,681,WHGA1,MA,Ground,UPS,Delivered,100,3.54,34.08,0.1,9.59,3076.79
7000571,6/3/2024,16582,2877,570,WHFL1,AL,2Day,FedEx,Delivered,115,31.31,41.19,0.05,18.72,4518.73
7000572,1/21/2025,17706,2836,325,WHIL1,UT,Ground,UPS,Delivered,35,18.34,55.3,0,31.19,1966.69
7000573,1/17/2024,10422,5209,400,WHNJ1,CO,Ground,FedEx,InTransit,101,14.56,95.3,0,26.93,9652.23
7000574,9/26/2024,19966,4527,405,WHNJ1,RI,Ground,FedEx,InTransit,83,8.16,131.67,0.2,12.78,8755.67
7000575,4/24/2025,10947,2686,431,WHCA1,ND,Ground,UPS,Delivered,59,12.28,86.41,0,6.96,5105.15
7000576,8/3/2025,19379,4402,689,WHFL1,LA,Ground,UPS,Delivered,47,4.69,93.47,0.1,33.83,3987.61
7000577,6/23/2023,11835,2623,621,WHNJ1,MO,Ground,FedEx,Delivered,41,8.74,214.97,0,13.46,8827.23
7000578,7/8/2025,11565,5958,319,WHNJ1,IA,Ground,UPS,Delivered,2,5.81,97.74,0.15,30.19,196.35
7000579,5/8/2024,17333,3658,525,WHTX1,WA,Ground,FedEx,Pending,20,11.7,51.66,0,35.09,1068.29
7000580,10/19/2023,14945,2933,406,WHWA1,NY,Ground,FedEx,Delivered,7,17.4,90.12,0.05,64.78,664.08
7000581,3/31/2024,11309,1508,354,WHIL1,TN,Ground,UPS,Cancelled,135,5.33,198.28,0,8.36,26776.16
7000582,8/29/2025,12987,5562,694,WHPA1,WI,Ground,FedEx,InTransit,138,15.45,32.63,0,14.28,4517.22
7000583,5/9/2024,10387,4479,526,WHWA1,WY,Ground,USPS,InTransit,134,11.27,44.38,0.05,24.53,5674.1
7000584,12/3/2023,16132,3657,660,WHNJ1,LA,Ground,FedEx,Delivered,127,15.07,165.58,0,69.08,21097.74
7000585,10/9/2024,19354,2122,315,WHCA1,NM,Ground,DHL,InTransit,27,8.65,48.96,0.05,5.95,1261.77
7000586,9/28/2023,13259,1290,348,WHPA1,NH,Overnight,UPS,Cancelled,64,15.26,102.45,0,20.8,6577.6
7000587,3/31/2023,16122,3830,439,WHGA1,IA,Ground,FedEx,InTransit,153,6.59,147.93,0.1,33.32,20403.28
7000588,6/1/2023,14812,3210,334,WHFL1,MN,2Day,FedEx,Delivered,113,3.64,24.91,0,10.4,2825.23
7000589,5/31/2023,16575,5813,655,WHFL1,PA,2Day,USPS,Delivered,1,4.18,45.08,0,9.29,54.37
7000590,6/28/2023,16698,2401,510,WHNJ1,SD,Overnight,UPS,Delivered,59,7.4,139.44,0.05,63.92,7879.53
7000591,6/13/2023,13934,1567,319,WHNJ1,HI,Ground,UPS,Cancelled,2,3.8,54.92,0,31.58,141.42
7000592,10/18/2024,11440,2474,496,WHPA1,IA,2Day,UPS,Pending,34,25.35,14.6,0.05,13.3,484.88
7000593,8/2/2023,16170,2988,626,WHWA1,MN,2Day,USPS,Delivered,56,9.52,41.99,0,9.65,2361.09
7000594,12/12/2023,14481,4788,415,WHGA1,AZ,Ground,UPS,InTransit,148,17.36,104.63,0,86.26,15571.5
7000595,6/3/2025,10056,4866,652,WHTX1,ME,Ground,USPS,Pending,92,16.04,146.63,0,36.59,13526.55
7000596,4/17/2024,13325,4261,375,WHIL1,AL,Overnight,UPS,Delivered,45,10.04,62.17,0,9.66,2807.31
7000597,11/9/2024,16778,4548,450,WHTX1,MS,Ground,UPS,Delivered,64,83.47,84.18,0.15,80.57,4659.96
7000598,7/22/2023,10106,4252,336,WHWA1,WI,Ground,UPS,Delivered,126,57.93,46.34,0,43.53,5882.37
7000599,8/11/2023,13202,2717,542,WHCA1,HI,2Day,FedEx,InTransit,37,23.05,112.91,0,33.05,4210.72
7000600,2/17/2023,10670,2013,451,WHPA1,NJ,Ground,USPS,Delivered,84,5.81,162.71,0,43.81,13711.45
7000601,7/18/2023,18935,2311,363,WHNJ1,WY,Ground,UPS,Delivered,32,23.63,102.73,0.05,76.18,3199.17
7000602,11/6/2023,10967,5571,454,WHTX1,HI,Ground,USPS,Delivered,62,3.5,55.24,0.1,29.27,3111.66
7000603,7/28/2023,10308,1618,488,WHIL1,RI,Ground,UPS,Delivered,3,23.12,81.31,0,8.64,252.57
7000604,4/15/2023,12139,5737,523,WHCA1,AL,2Day,FedEx,Delivered,136,2.16,116.87,0,20.19,15914.51
7000605,5/23/2023,10110,5258,393,WHFL1,ID,Ground,FedEx,Delivered,6,8.26,61.17,0.15,32.52,344.49
7000606,4/2/2024,13633,2983,305,WHWA1,AR,2Day,UPS,Delivered,27,20.66,105.08,0,12.07,2849.23
7000607,8/23/2023,16729,3229,466,WHTX1,MO,Ground,UPS,Delivered,41,12.6,77.75,0,11.28,3199.03
7000608,12/21/2023,15685,5821,325,WHNJ1,DE,Ground,UPS,Delivered,86,4.12,162.05,0,27.33,13963.63
7000609,5/22/2024,16500,1469,398,WHIL1,IA,Ground,UPS,Delivered,104,11.08,97.95,0,16.92,10203.72
7000610,11/21/2024,11916,5117,568,WHNJ1,TX,Ground,USPS,Delivered,10,12.6,42.32,0.1,41.51,422.39
7000611,2/16/2023,10557,5356,450,WHNJ1,NJ,2Day,DHL,Delivered,5,11.31,160.37,0,22.84,824.69
7000612,2/9/2025,17620,2140,693,WHCA1,SC,Ground,FedEx,Delivered,122,7.83,82.8,0,4.7,10106.3
7000613,10/3/2024,10105,2437,552,WHIL1,NY,2Day,FedEx,Delivered,103,16.7,54.41,0,68.82,5673.05
7000614,4/7/2023,12048,1537,384,WHGA1,UT,Ground,UPS,InTransit,130,19.88,23.26,0,17.38,3041.18
7000615,5/7/2025,10146,1952,585,WHFL1,OH,Ground,UPS,Delivered,96,9.12,70.55,0.05,20.53,6454.69
7000616,7/2/2025,10874,3814,472,WHWA1,MA,Ground,USPS,Delivered,111,24.89,216.75,0,16.29,24075.54
7000617,3/13/2023,10299,4007,521,WHNJ1,NM,2Day,FedEx,Cancelled,47,9.11,8.88,0.2,10.33,344.22
7000618,11/5/2023,13239,4995,409,WHWA1,OK,Ground,FedEx,Delivered,80,7.45,9.13,0.05,29.85,723.73
7000619,2/17/2025,18838,2841,327,WHIL1,NE,Ground,FedEx,Delivered,124,22.57,102.67,0.05,27.94,12122.47
7000620,12/22/2024,16383,1851,546,WHNJ1,UT,Ground,UPS,Delivered,20,22.08,70.79,0,53.75,1469.55
7000621,8/4/2023,12512,2972,355,WHTX1,DE,Ground,UPS,InTransit,54,6.89,96.06,0,8.83,5196.07
7000622,8/25/2023,16597,2192,433,WHTX1,MN,Ground,FedEx,InTransit,109,6.32,41.51,0.05,18.28,4316.64
7000623,12/25/2023,10784,4921,352,WHIL1,MN,Ground,FedEx,Delivered,70,28.82,13.4,0,9.76,947.76
7000624,4/29/2024,14993,5629,553,WHFL1,TN,Overnight,USPS,Delivered,97,9.4,33.51,0.05,8.22,3096.17
7000625,9/21/2024,10371,3063,569,WHCA1,NC,Ground,UPS,Delivered,36,10.02,178.81,0,14.91,6452.07
7000626,12/24/2023,10487,4047,598,WHGA1,IL,Ground,UPS,Delivered,4,8.6,43.74,0,10.05,185.01
7000627,4/3/2024,17379,5400,379,WHTX1,RI,Ground,UPS,Pending,4,22.1,44,0.05,21.46,188.66
7000628,12/21/2024,13197,4559,318,WHCA1,OH,Ground,FedEx,Delivered,166,36.2,9.52,0.05,17.63,1518.93
7000629,2/13/2023,19553,5512,606,WHGA1,KS,Ground,FedEx,Delivered,167,10.43,16.97,0.05,15.52,2707.81
7000630,10/12/2023,14288,1305,558,WHTX1,ID,Overnight,UPS,Pending,25,42.66,130.51,0.05,34.32,3133.93
7000631,12/3/2024,12262,5909,643,WHGA1,NM,2Day,FedEx,Delivered,17,7.17,50.04,0,29.42,880.1
7000632,6/2/2025,19149,3848,407,WHPA1,CA,Ground,FedEx,Delivered,3,8.44,120.08,0.15,45.24,351.44
7000633,5/31/2024,18573,3436,697,WHNJ1,WY,Ground,UPS,Delivered,28,14.98,35.4,0,19.5,1010.7
7000634,6/25/2024,10239,3805,347,WHIL1,SC,2Day,UPS,Delivered,41,6.13,21.48,0,7.43,888.11
7000635,5/7/2023,16844,2985,546,WHTX1,UT,2Day,UPS,InTransit,29,14.86,49.98,0,44.99,1494.41
7000636,3/17/2024,11106,4937,389,WHTX1,MO,Ground,UPS,Delivered,122,7.33,40.18,0.05,29.48,4686.34
7000637,6/25/2024,11387,1713,503,WHWA1,MA,Ground,FedEx,Delivered,111,3.96,33.49,0,10.5,3727.89
7000638,9/30/2023,19720,3896,540,WHNJ1,AZ,2Day,UPS,Delivered,10,3.52,34.1,0,7.55,348.55
7000639,11/1/2023,11668,2682,568,WHTX1,WV,Ground,UPS,Delivered,100,8.23,54.59,0,8.44,5467.44
7000640,12/28/2023,12692,2334,313,WHTX1,GA,Ground,UPS,Delivered,69,12.85,42.53,0.05,21.96,2809.8
7000641,1/24/2023,17757,4199,437,WHPA1,MN,2Day,UPS,Delivered,16,4.42,31.24,0.05,62.35,537.2
7000642,11/29/2023,11997,1175,615,WHTX1,KY,2Day,DHL,InTransit,108,11.13,212.22,0,14.33,22934.09
7000643,8/27/2023,11426,4206,473,WHTX1,TN,Ground,UPS,Pending,10,11.15,82.67,0.25,28.98,649.01
7000644,12/2/2023,18024,2417,530,WHTX1,OH,Ground,FedEx,Delivered,21,9.04,67.04,0.1,22.62,1289.68
7000645,5/22/2023,16850,2988,498,WHCA1,MO,Ground,UPS,Delivered,18,5.74,57.27,0,19.66,1050.52
7000646,5/27/2025,13248,5854,543,WHTX1,AK,2Day,USPS,Delivered,165,11.55,95.61,0.05,14.77,15001.64
7000647,8/26/2024,12593,2773,343,WHNJ1,NE,Overnight,USPS,Delivered,100,9.18,87.06,0,19.18,8725.18
7000648,11/15/2024,11491,5267,630,WHPA1,VA,2Day,UPS,InTransit,52,18.02,29.09,0,25.64,1538.32
7000649,1/28/2025,11225,2075,579,WHTX1,FL,Ground,USPS,Pending,128,4.6,20.53,0,21.04,2648.88
7000650,5/16/2024,12588,5761,379,WHGA1,WI,Ground,UPS,Pending,26,10.71,12.21,0.1,32.96,318.67
7000651,4/13/2023,17715,1592,579,WHPA1,AR,Ground,UPS,InTransit,161,4.66,210.33,0,37.82,33900.95
7000652,6/30/2024,13065,3979,532,WHPA1,MT,Ground,UPS,Delivered,100,8.67,43.93,0,17.03,4410.03
7000653,8/20/2024,17805,4983,401,WHGA1,NY,Ground,UPS,Delivered,75,5.18,90.81,0,31.88,6842.63
7000654,12/20/2024,10833,3411,462,WHNJ1,NH,Ground,UPS,InTransit,121,5.77,69.12,0.15,42.9,7151.89
7000655,2/27/2024,12441,1848,444,WHCA1,MI,Ground,UPS,InTransit,90,9.98,113.65,0.05,17.58,9734.65
7000656,5/31/2023,14796,1494,409,WHFL1,WA,Overnight,UPS,Pending,146,7.12,57.35,0.15,32.9,7150.04
7000657,11/8/2023,11647,1546,533,WHWA1,IL,Ground,FedEx,Delivered,130,24.11,23.68,0,26.16,3104.56
7000658,12/21/2023,10441,3287,411,WHFL1,MN,Ground,UPS,Delivered,24,20.29,29.03,0.05,50.98,712.86
7000659,10/24/2024,15957,3698,532,WHNJ1,NM,Ground,UPS,Delivered,29,16.21,46.94,0.05,35.07,1328.27
7000660,8/7/2024,19722,4838,538,WHCA1,DC,Ground,FedEx,Delivered,8,16.02,19.78,0,9.17,167.41
7000661,12/17/2023,12368,2541,497,WHIL1,SD,Ground,UPS,Delivered,26,10.81,32.99,0,9.69,867.43
7000662,9/5/2025,16697,1884,573,WHGA1,OK,Ground,UPS,Cancelled,43,21.88,25.92,0,15.51,1130.07
7000663,9/7/2024,15191,4957,386,WHWA1,SC,Ground,UPS,Pending,4,8.38,47.67,0.25,20.48,163.49
7000664,9/24/2023,14664,4095,595,WHPA1,NM,Ground,FedEx,InTransit,39,35.67,42.4,0,10.7,1664.3
7000665,4/30/2023,17063,3366,341,WHPA1,IA,Ground,UPS,Delivered,116,5.68,65.23,0,18.57,7585.25
7000666,6/29/2023,14332,4348,348,WHPA1,IN,2Day,USPS,Delivered,132,5.08,109.12,0.05,44.25,13727.9
7000667,10/5/2023,19497,4072,377,WHGA1,OH,Ground,UPS,Delivered,1,4.33,50.63,0.05,44.25,92.35
7000668,7/9/2023,13035,4676,478,WHGA1,MS,Ground,UPS,Delivered,1,4.81,20.96,0,20.01,40.97
7000669,8/6/2023,19378,5716,557,WHWA1,NJ,Ground,UPS,Delivered,17,3.76,14.3,0.25,11.98,194.3
7000670,11/9/2023,13263,1953,417,WHFL1,NJ,Ground,DHL,Pending,142,11.37,67.22,0.1,31.67,8622.39
7000671,7/24/2023,12108,4301,319,WHFL1,NE,2Day,FedEx,Delivered,61,16.69,37.66,0,45.07,2342.33
7000672,6/3/2025,17037,4736,359,WHFL1,WI,Ground,UPS,Delivered,187,10.21,53.74,0.05,29.07,9575.98
7000673,4/5/2023,14321,4180,496,WHCA1,SC,Ground,UPS,Delivered,146,4.36,75.57,0.05,22.39,10503.95
7000674,6/15/2024,15939,3964,407,WHPA1,IN,2Day,FedEx,Pending,147,7.54,164.77,0,34.69,24255.88
7000675,2/2/2024,12748,5028,694,WHNJ1,VT,Ground,UPS,InTransit,15,16.57,17.66,0.1,14.11,252.52
7000676,8/31/2025,14678,4248,584,WHCA1,WA,Ground,FedEx,Cancelled,61,8.15,29.54,0.1,43.22,1664.97
7000677,5/12/2023,17973,5416,334,WHPA1,HI,Ground,FedEx,InTransit,195,6.19,56.52,0.05,16.54,10486.87
7000678,1/18/2024,14265,4358,595,WHGA1,WA,Ground,UPS,Delivered,18,4.03,27.01,0,13.69,499.87
7000679,8/20/2025,13134,5972,551,WHGA1,UT,Ground,UPS,Pending,77,7.76,21.16,0,58.47,1687.79
7000680,4/28/2025,11466,5849,426,WHGA1,MT,Ground,FedEx,Delivered,43,6.56,150.06,0,13.29,6465.87
7000681,3/1/2025,14110,3705,639,WHPA1,MA,2Day,FedEx,Delivered,49,9.49,28.81,0,16.05,1427.74
7000682,10/19/2023,12212,2038,406,WHFL1,FL,Ground,USPS,Delivered,147,13.31,24,0.15,34.92,3033.72
7000683,7/21/2023,15540,1071,480,WHGA1,WA,Ground,UPS,InTransit,80,8.44,26.86,0.1,5.37,1939.29
7000684,11/9/2024,19736,3875,410,WHIL1,AL,Ground,FedEx,Pending,113,11.17,128.32,0,40.95,14541.11
7000685,7/12/2025,11690,1106,528,WHGA1,UT,Ground,UPS,Delivered,95,13.27,36.88,0.05,71.4,3399.82
7000686,7/23/2024,19764,1770,421,WHWA1,CO,2Day,UPS,Delivered,70,4.78,22.75,0,18.05,1610.55
7000687,8/7/2024,17728,3010,407,WHWA1,AL,Ground,FedEx,Pending,120,31.01,33.32,0,11.64,4010.04
7000688,11/7/2023,17765,3941,431,WHPA1,MI,2Day,USPS,Delivered,180,6.41,58.01,0,13.05,10454.85
7000689,1/4/2025,14542,3193,323,WHFL1,DC,Overnight,UPS,InTransit,177,13.63,112.01,0,16.93,19842.7
7000690,8/6/2023,13542,4496,445,WHCA1,IL,Ground,FedEx,Delivered,120,5.06,105.61,0,45.68,12718.88
7000691,11/30/2023,10819,5312,627,WHGA1,PA,2Day,FedEx,Delivered,63,10.68,34.81,0,38.4,2231.43
7000692,2/20/2024,14522,5356,454,WHFL1,WI,Ground,UPS,Delivered,19,10.92,41.37,0.05,29.08,775.81
7000693,5/27/2024,11125,1934,407,WHFL1,VT,Ground,USPS,Delivered,5,27.06,261.48,0,21.67,1329.07
7000694,9/30/2023,15661,1575,446,WHTX1,SD,Ground,FedEx,InTransit,28,8.7,120.46,0,8.9,3381.78
7000695,5/16/2023,15642,4931,552,WHIL1,SC,Ground,FedEx,Pending,42,21.81,50.3,0.15,22.83,1818.54
7000696,9/12/2024,11130,5381,602,WHWA1,NM,Overnight,FedEx,Delivered,15,11.9,12.03,0,8.69,189.14
7000697,11/11/2023,11703,5088,370,WHPA1,IA,Ground,FedEx,InTransit,27,30.38,43.52,0.1,13,1070.54
7000698,8/15/2024,12002,3532,331,WHGA1,WY,Ground,USPS,Delivered,10,3.44,23.71,0,21.85,258.95
7000699,7/1/2023,16913,3420,393,WHTX1,AK,Ground,UPS,Delivered,69,13.35,32.8,0,24.46,2287.66
7000700,4/25/2024,13879,1070,437,WHPA1,NM,Ground,UPS,Delivered,15,2.01,30.53,0,33.86,491.81
7000701,6/25/2024,17233,5475,674,WHCA1,MT,Ground,USPS,Delivered,109,9.66,51.03,0,32.37,5594.64
7000702,3/2/2023,16332,2303,463,WHIL1,AK,2Day,USPS,Delivered,41,18.45,63,0.05,62.28,2516.13
7000703,12/7/2023,16036,4815,381,WHFL1,HI,Ground,UPS,Delivered,95,23.81,35.95,0,13.5,3428.75
7000704,6/8/2023,16524,3350,616,WHGA1,NC,2Day,UPS,Cancelled,145,15.58,24.53,0,33.14,3589.99
7000705,3/16/2023,18112,1255,376,WHCA1,LA,2Day,FedEx,Delivered,10,8.4,52.94,0,28.78,558.18
7000706,9/9/2025,18737,2708,363,WHPA1,MA,Ground,UPS,Delivered,191,13.87,42.33,0,30.29,8115.32
7000707,11/29/2023,12402,5788,400,WHTX1,NM,Ground,UPS,Delivered,90,45.26,15.9,0,44.69,1475.69
7000708,2/21/2025,19482,1834,348,WHPA1,MT,Ground,UPS,Delivered,6,10.46,91.8,0,28.86,579.66
7000709,10/15/2023,18975,3765,374,WHWA1,NJ,2Day,FedEx,Delivered,39,17.8,36.02,0,18.82,1423.6
7000710,11/16/2024,10540,3472,614,WHPA1,RI,Ground,UPS,Delivered,146,7.73,49.69,0,32.08,7286.82
7000711,12/28/2024,15616,4743,492,WHIL1,MA,Ground,FedEx,Delivered,81,19.01,51.44,0.05,15.41,3973.72
7000712,8/27/2024,12957,3036,330,WHGA1,WI,Ground,FedEx,Delivered,35,17.22,59.35,0,14.04,2091.29
7000713,4/14/2024,18078,2968,457,WHCA1,KS,Ground,FedEx,Delivered,165,6.93,66.46,0.05,8,10425.6
7000714,2/4/2024,13723,1100,566,WHIL1,CT,Ground,UPS,Delivered,119,15.94,24.07,0.1,52.62,2630.52
7000715,12/13/2023,15088,2853,556,WHTX1,MI,Ground,UPS,Delivered,108,16.4,74.66,0.15,73.71,6927.5
7000716,7/12/2025,16461,4184,339,WHFL1,CT,Ground,UPS,Delivered,146,15.59,47.16,0,34.55,6919.91
7000717,3/17/2025,12171,3356,355,WHGA1,AK,Ground,FedEx,Delivered,115,9.76,128.18,0.05,6.92,14010.58
7000718,8/16/2025,13392,1112,328,WHFL1,OR,Ground,FedEx,Delivered,35,20.91,106.15,0.05,24.3,3553.79
7000719,5/27/2023,16943,4159,418,WHIL1,IN,Ground,UPS,Delivered,79,5.71,151.45,0.1,25.18,10793.28
7000720,12/13/2024,11617,1183,670,WHTX1,DE,2Day,FedEx,Delivered,133,10.06,31.11,0.15,31.52,3548.51
7000721,7/22/2025,19109,4853,509,WHTX1,NH,Ground,FedEx,Delivered,22,10.69,147.67,0.1,14.25,2938.12
7000722,8/1/2023,16459,1165,375,WHCA1,UT,Ground,UPS,InTransit,19,20.19,64.08,0.05,23.4,1180.04
7000723,3/20/2023,12757,3138,365,WHWA1,CT,Ground,UPS,Delivered,19,5.6,97.27,0,34.34,1882.47
7000724,12/18/2024,16854,3024,637,WHPA1,PA,Ground,USPS,Delivered,23,11.56,96.2,0,29.11,2241.71
7000725,8/9/2024,17710,1455,656,WHTX1,VT,Ground,FedEx,Delivered,12,7.44,82.74,0.05,30.6,973.84
7000726,3/31/2025,11937,3286,400,WHWA1,MI,Ground,DHL,Cancelled,132,10.68,28.01,0,19.61,3716.93
7000727,6/14/2023,13092,5823,346,WHTX1,UT,2Day,UPS,Cancelled,127,12.65,117.09,0,14.37,14884.8
7000728,2/4/2025,10969,1542,616,WHPA1,KY,Ground,USPS,Delivered,18,4.64,76.75,0.15,40.12,1214.39
7000729,8/18/2023,17298,3666,693,WHNJ1,KS,Ground,UPS,Delivered,101,21.35,21.4,0.2,1.81,1730.93
7000730,7/12/2023,13204,3450,456,WHTX1,NC,Overnight,UPS,Delivered,86,12.93,42.77,0,55.58,3733.8
7000731,7/13/2023,16500,5938,540,WHGA1,RI,Ground,FedEx,Delivered,34,5.97,25.67,0.1,17.87,803.37
7000732,2/26/2025,15174,4934,653,WHFL1,OH,Ground,UPS,Delivered,27,8.15,22.11,0.15,24.38,531.8
7000733,11/7/2024,10890,3887,559,WHFL1,PA,Ground,FedEx,Delivered,30,24.51,109.04,0,22.51,3293.71
7000734,6/14/2024,18985,5615,436,WHIL1,NY,Overnight,UPS,Delivered,107,12.83,21.3,0,62.92,2342.02
7000735,12/19/2023,19174,5293,670,WHPA1,AZ,Ground,USPS,Delivered,39,5.6,23.8,0.15,15.99,804.96
7000736,5/11/2025,17383,4905,498,WHPA1,AZ,Ground,FedEx,Delivered,34,6.25,239.63,0,62.33,8209.75
7000737,1/12/2024,13532,2689,487,WHPA1,DE,Ground,USPS,Pending,3,14.55,43.85,0.1,31.43,149.83
7000738,3/1/2025,10802,2638,416,WHGA1,VA,2Day,UPS,Delivered,153,15.63,95.08,0,47.98,14595.22
7000739,3/7/2024,18235,5729,358,WHPA1,NM,Ground,FedEx,Delivered,111,12.43,131.86,0.05,40.7,13945.34
7000740,12/28/2023,13350,5671,370,WHGA1,FL,Ground,UPS,Delivered,61,8.4,103.16,0,15.14,6307.9
7000741,4/4/2024,18006,5083,393,WHWA1,CA,Ground,FedEx,Delivered,166,16.25,66.62,0,3.04,11061.96
7000742,11/18/2023,19970,2891,529,WHWA1,NV,Ground,FedEx,InTransit,36,8.29,58.46,0.1,15.51,1909.61
7000743,12/22/2024,13202,4206,696,WHFL1,IA,Ground,UPS,Delivered,95,5.99,87.42,0,1.54,8306.44
7000744,5/21/2024,10350,1478,437,WHCA1,WI,2Day,UPS,Delivered,37,25.91,51.27,0.05,19.76,1821.9
7000745,9/18/2023,19760,3367,405,WHNJ1,NE,Ground,FedEx,Delivered,39,13.41,97.59,0.15,55.34,3290.45
7000746,6/6/2025,19322,3527,605,WHPA1,TN,Ground,FedEx,Delivered,134,6.24,50.05,0.15,8.4,5709.09
7000747,1/2/2024,19973,1367,639,WHFL1,NM,Ground,UPS,Delivered,119,10.84,54.19,0.15,22.66,5503.98
7000748,7/8/2024,10584,2837,317,WHNJ1,SC,Ground,FedEx,Delivered,36,10.17,223.98,0,19.61,8082.89
7000749,6/15/2025,13378,2716,354,WHFL1,LA,Ground,FedEx,Delivered,10,8.11,42.87,0.1,51.08,436.91
7000750,9/28/2024,16029,1013,412,WHPA1,PA,Overnight,FedEx,Delivered,44,11.5,60.81,0,2.37,2678.01
7000751,5/18/2023,17695,1536,472,WHGA1,WI,Ground,UPS,Delivered,113,5.73,81.1,0,45.22,9209.52
7000752,7/24/2025,16197,4240,605,WHFL1,AR,Ground,FedEx,Delivered,12,16.89,84.83,0,5.21,1023.17
7000753,10/3/2024,17084,3318,444,WHIL1,MA,Ground,FedEx,InTransit,95,9.96,73.65,0,31.45,7028.2
7000754,12/6/2023,13402,5043,385,WHNJ1,WA,Ground,FedEx,Delivered,147,3.81,25,0,18.63,3693.63
7000755,6/13/2023,13186,1376,312,WHNJ1,TN,Ground,USPS,Delivered,21,8.72,67.21,0,14.06,1425.47
7000756,2/2/2025,15286,2725,552,WHGA1,MN,Ground,UPS,Pending,139,6.91,71.12,0,23.08,9908.76
7000757,9/24/2024,19355,1257,516,WHWA1,VT,Ground,UPS,Delivered,6,1.66,133.26,0,13.07,812.63
7000758,6/26/2024,16773,3265,426,WHNJ1,MI,Ground,UPS,Delivered,94,9.11,100.67,0,19.34,9482.32
7000759,5/31/2025,18491,1450,398,WHCA1,AL,Ground,UPS,Delivered,120,18.63,139.55,0,58.18,16804.18
7000760,1/27/2025,13348,1894,692,WHGA1,MO,Ground,UPS,Delivered,57,9.37,29.73,0.15,10.26,1450.68
7000761,6/28/2023,10789,4213,604,WHNJ1,SD,2Day,USPS,Delivered,24,15.29,29.88,0,4.95,722.07
7000762,11/23/2023,14946,2185,692,WHNJ1,NV,Ground,USPS,Delivered,159,10.05,75.49,0,10.86,12013.77
7000763,10/8/2023,12890,4224,328,WHNJ1,OR,2Day,UPS,Delivered,3,7.6,132.6,0,19.23,417.03
7000764,12/20/2024,19570,2309,636,WHGA1,HI,Ground,UPS,Delivered,74,6.45,52.15,0,19.09,3878.19
7000765,2/9/2023,15274,5706,566,WHWA1,MI,Ground,UPS,Delivered,47,4.63,35.74,0.05,12.83,1608.62
7000766,8/6/2024,13273,1917,352,WHIL1,MO,Overnight,USPS,Delivered,59,17.43,19.56,0,40.16,1194.2
7000767,12/30/2024,19070,1148,443,WHTX1,MA,Ground,USPS,InTransit,71,15.5,77.36,0.25,47.55,4166.97
7000768,5/11/2025,15235,5752,432,WHFL1,OK,Ground,UPS,Delivered,71,8.46,55.44,0.15,10.72,3356.52
7000769,12/10/2023,19770,3115,646,WHPA1,MD,Ground,FedEx,Delivered,24,2.97,44.28,0.25,12.33,809.37
7000770,3/6/2025,16903,5017,507,WHFL1,KS,2Day,UPS,Delivered,96,13.27,113.07,0,14.55,10869.27
7000771,5/11/2023,17613,4941,362,WHNJ1,NV,Ground,UPS,Delivered,3,5.81,56.46,0.1,31.33,183.77
7000772,4/5/2025,12493,5072,663,WHFL1,NH,Ground,UPS,Delivered,3,10.9,60.04,0,6.1,186.22
7000773,5/31/2023,16746,3796,432,WHTX1,WY,Ground,FedEx,InTransit,62,3.97,112.65,0.05,25.79,6660.88
7000774,1/18/2024,19575,1443,341,WHTX1,MT,2Day,UPS,Delivered,72,10.57,278.07,0.15,16.4,17034.28
7000775,2/6/2025,14241,3945,501,WHNJ1,SC,Ground,UPS,Delivered,33,9.24,43.96,0,12.27,1462.95
7000776,6/26/2023,12323,4937,399,WHNJ1,AK,Ground,UPS,Delivered,74,2.36,32.49,0,53.79,2458.05
7000777,9/15/2023,15299,1399,611,WHPA1,WI,Ground,UPS,Delivered,68,26.4,30.02,0,12.2,2053.56
7000778,12/8/2024,11862,2152,584,WHWA1,GA,2Day,FedEx,Delivered,43,8.22,83.77,0.1,14.06,3255.96
7000779,12/7/2024,16621,4793,657,WHTX1,IL,Ground,UPS,Delivered,91,8.56,27.97,0.05,57.36,2475.37
7000780,10/18/2024,14048,3996,347,WHIL1,IA,Ground,USPS,Delivered,173,13.78,46.21,0,21.64,8015.97
7000781,11/23/2024,17582,3217,437,WHTX1,FL,2Day,UPS,Delivered,64,9.7,49.14,0.1,52.68,2883.14
7000782,7/7/2024,17321,2708,430,WHIL1,NE,Ground,UPS,Delivered,119,12.44,178.36,0.1,36.77,19139.13
7000783,10/11/2023,11099,4332,495,WHWA1,DE,Ground,UPS,Delivered,30,5.03,138.29,0.15,9.85,3536.24
7000784,12/12/2023,15248,2988,417,WHFL1,CO,Overnight,UPS,Delivered,113,9.18,20.46,0,20.93,2332.91
7000785,8/2/2023,11735,5603,664,WHCA1,OK,2Day,UPS,Delivered,90,3.18,181.95,0,26.88,16402.38
7000786,6/17/2025,14664,3569,369,WHIL1,WY,Ground,UPS,Delivered,89,8.67,25.61,0.15,53.84,1991.24
7000787,8/17/2024,15910,1161,328,WHPA1,MS,Ground,USPS,Delivered,148,23.8,67.12,0,11.27,9945.03
7000788,1/22/2024,13417,5436,635,WHGA1,AZ,Ground,FedEx,Delivered,28,4.05,33.45,0,32.87,969.47
7000789,4/3/2024,16303,4905,314,WHWA1,MT,Overnight,USPS,Delivered,46,8.1,45.72,0.15,118.62,1906.27
7000790,8/1/2025,17594,4574,346,WHFL1,OK,Overnight,UPS,Delivered,10,2.8,30.21,0.05,14.73,301.73
7000791,6/30/2023,10681,4178,697,WHNJ1,MA,Ground,FedEx,Delivered,106,10.05,193.87,0,23.92,20574.14
7000792,8/20/2024,18164,2826,316,WHWA1,IL,Ground,UPS,Delivered,133,13.23,54.4,0,22.38,7257.58
7000793,5/24/2024,12071,4925,509,WHCA1,HI,2Day,FedEx,Delivered,51,12.59,70.26,0.15,33.96,3079.73
7000794,9/13/2024,16669,2624,458,WHTX1,DE,Ground,DHL,Delivered,44,6.97,28.33,0,21.52,1268.04
7000795,1/22/2023,18002,2177,637,WHIL1,VA,Ground,USPS,Delivered,92,2.76,22.28,0,24.59,2074.35
7000796,5/5/2025,19922,5919,527,WHCA1,VA,Ground,UPS,Delivered,9,4.75,43.97,0.15,25.74,362.11
7000797,7/15/2025,12192,4721,541,WHFL1,WV,Ground,UPS,Delivered,36,21.25,86.43,0,8.44,3119.92
7000798,8/2/2024,18860,5881,358,WHGA1,IN,2Day,UPS,Delivered,46,16.94,55.11,0.05,53.78,2462.09
7000799,11/24/2024,19805,4221,604,WHWA1,NC,2Day,UPS,Delivered,68,9.47,118.69,0,22.61,8093.53
7000800,7/3/2025,17587,4260,605,WHIL1,AK,Ground,UPS,Delivered,62,11.02,65.45,0,5.04,4062.94
7000801,11/30/2024,18873,1131,645,WHPA1,AL,Ground,UPS,Delivered,25,5.4,60.27,0.05,55.28,1486.69
7000802,6/29/2023,19165,4563,430,WHTX1,HI,Ground,UPS,Delivered,72,21.69,87.26,0.1,26.8,5681.25
7000803,8/11/2024,12847,2500,517,WHTX1,CO,2Day,UPS,Delivered,159,6.5,64.36,0,19.56,10252.8
7000804,9/8/2024,12464,3789,314,WHIL1,NY,Ground,UPS,Pending,4,13,116.18,0.05,33.06,474.54
7000805,2/18/2024,16838,5877,659,WHWA1,IA,Ground,FedEx,Delivered,96,4.51,88.5,0,16.36,8512.36
7000806,12/16/2024,14923,4709,677,WHGA1,ID,Ground,UPS,Pending,86,8.99,113.52,0,59.42,9822.14
7000807,7/17/2025,14393,2708,543,WHWA1,OR,Ground,UPS,InTransit,159,21.15,99.07,0.05,8.03,14972.55
7000808,7/7/2025,13184,2770,445,WHNJ1,NH,Ground,FedEx,InTransit,90,5.67,155.48,0.05,53.38,13346.92
7000809,3/21/2024,13168,2319,679,WHNJ1,UT,Overnight,FedEx,InTransit,86,15.68,107.19,0.1,20.79,8317.3
7000810,5/14/2023,12998,4380,694,WHTX1,MI,Ground,UPS,Delivered,115,5.23,203.91,0,53.13,23502.78
7000811,9/3/2025,16522,3774,626,WHFL1,VA,Ground,USPS,Delivered,32,5.82,41.08,0,32.3,1346.86
7000812,3/27/2025,13228,3991,403,WHFL1,IN,Ground,UPS,Delivered,81,9.95,107.63,0,18.05,8736.08
7000813,5/27/2023,16565,4045,517,WHGA1,ME,Ground,UPS,Delivered,68,17.91,22.82,0.05,11.15,1485.32
7000814,7/2/2025,19921,1376,658,WHTX1,CA,Ground,UPS,Delivered,56,8.36,116.43,0,5.92,6526
7000815,5/2/2025,12025,4037,364,WHNJ1,OH,Ground,UPS,InTransit,9,14.49,62.42,0,13.63,575.41
7000816,6/9/2024,10330,1661,458,WHTX1,MO,2Day,FedEx,Delivered,36,19.87,115.6,0,49.47,4211.07
7000817,8/24/2024,12487,2404,462,WHWA1,WY,Ground,UPS,Delivered,34,6.3,194.42,0.3,65.56,4692.76
7000818,1/20/2024,11156,1741,318,WHIL1,PA,Ground,UPS,Delivered,105,4,105.12,0.1,24.13,9957.97
7000819,3/6/2023,14478,1304,516,WHFL1,FL,Ground,USPS,Delivered,157,8.08,44.94,0,2.57,7058.15
7000820,12/6/2023,12186,2086,619,WHFL1,CT,2Day,UPS,Delivered,28,21.47,28.02,0,12.89,797.45
7000821,2/13/2025,17087,5882,349,WHPA1,LA,Ground,FedEx,Delivered,9,6.14,87.32,0.05,5.6,752.19
7000822,1/6/2023,12318,4180,356,WHIL1,AK,2Day,UPS,InTransit,200,18.39,49.12,0.2,36.72,7895.92
7000823,12/5/2023,13622,2211,647,WHPA1,GA,Ground,UPS,Delivered,99,8.54,95.47,0.1,16.21,8522.59
7000824,1/19/2024,14492,4035,358,WHGA1,UT,Ground,UPS,Delivered,146,28.68,42.08,0,17.8,6161.48
7000825,7/1/2024,12512,1229,455,WHNJ1,AK,Ground,FedEx,Delivered,17,38.47,31.3,0.2,14.76,440.44
7000826,7/1/2025,17843,4120,355,WHGA1,VT,Overnight,FedEx,Pending,122,18.57,50.66,0,16.28,6196.8
7000827,12/12/2023,18642,2855,641,WHGA1,DE,Ground,UPS,Delivered,125,3.72,85.2,0,6.02,10656.02
7000828,12/12/2023,19547,1268,319,WHNJ1,CT,Ground,UPS,Delivered,18,2.36,65.36,0.05,7.55,1125.21
7000829,12/16/2024,17849,3775,451,WHCA1,OH,Ground,USPS,Cancelled,19,10.37,33.96,0,24.71,669.95
7000830,3/22/2024,15405,3850,659,WHCA1,MN,Ground,USPS,Delivered,36,17.23,211.6,0.2,19.92,6114
7000831,9/9/2023,15394,5350,668,WHTX1,DE,Ground,FedEx,Delivered,26,13.51,54.45,0,12.97,1428.67
7000832,3/22/2024,11294,5966,408,WHCA1,MA,Ground,FedEx,Delivered,182,6.48,12.32,0,72.36,2314.6
7000833,6/15/2023,12466,3135,347,WHIL1,NC,Ground,USPS,Delivered,45,4.1,115.23,0,33.24,5218.59
7000834,7/27/2023,13176,4460,507,WHFL1,WA,Ground,UPS,InTransit,113,17.47,59.54,0.1,11.46,6066.68
7000835,5/16/2024,17850,3270,663,WHPA1,AL,Ground,FedEx,Delivered,123,30.5,53.25,0,13.94,6563.69
7000836,2/12/2024,19426,1990,640,WHFL1,ID,Ground,FedEx,Pending,48,6.69,52.51,0,18.32,2538.8
7000837,6/25/2025,19630,5493,428,WHGA1,HI,Ground,FedEx,Delivered,97,16.41,52.72,0,29.41,5143.25
7000838,12/21/2023,18445,1938,485,WHFL1,WV,Ground,UPS,Delivered,13,47.67,192.99,0,12.68,2521.55
7000839,8/15/2024,18211,1440,358,WHTX1,NJ,Ground,FedEx,Delivered,50,8.92,83.06,0,21.45,4174.45
7000840,10/8/2024,12760,3359,443,WHGA1,AR,Ground,FedEx,Delivered,178,9.03,72,0,48.06,12864.06
7000841,1/16/2023,15256,3008,397,WHNJ1,ND,Ground,USPS,Delivered,20,13.99,49.92,0,19.89,1018.29
7000842,11/7/2024,18415,4346,347,WHWA1,MN,Ground,FedEx,Delivered,48,8.43,201.2,0,16.85,9674.45
7000843,7/29/2023,10003,5131,491,WHFL1,NY,Ground,USPS,Delivered,120,22.33,108.24,0.05,10.84,12350.2
7000844,8/13/2025,18131,5817,440,WHCA1,AZ,Ground,USPS,Pending,94,7.85,119.9,0,35.59,11306.19
7000845,6/25/2023,11260,4744,403,WHWA1,NV,Ground,UPS,Delivered,87,9.82,72.9,0,25.42,6367.72
7000846,2/7/2024,18191,1519,531,WHNJ1,AR,Ground,UPS,Delivered,136,4.21,120.82,0,10.58,16442.1
7000847,4/11/2023,14324,1269,640,WHTX1,WY,Ground,FedEx,Delivered,4,8.68,79.01,0.15,25.53,294.16
7000848,9/17/2025,15774,5734,349,WHPA1,ID,Ground,USPS,Delivered,115,5.46,46.27,0,31.89,5352.94
7000849,5/20/2024,12569,5186,687,WHIL1,MS,Ground,UPS,Delivered,145,12.31,77.71,0.1,39.09,10180.24
7000850,8/27/2024,11886,2389,412,WHCA1,NC,Ground,FedEx,Delivered,2,3.68,260.42,0.1,21.81,490.57
7000851,3/21/2023,17061,2695,616,WHNJ1,AZ,2Day,UPS,Pending,75,18,69.2,0.25,15.62,3908.12
7000852,12/23/2024,17845,4274,622,WHPA1,AR,Ground,UPS,Pending,43,5.93,145.98,0.05,43.25,6006.53
7000853,8/25/2023,16112,2390,387,WHWA1,NJ,Overnight,FedEx,Delivered,6,29.17,138.15,0,39.48,868.38
7000854,6/5/2025,19492,4866,682,WHFL1,CO,Ground,FedEx,Pending,53,22.76,88.97,0,36.7,4752.11
7000855,8/22/2023,12339,4030,582,WHCA1,WI,2Day,FedEx,Delivered,90,13.79,191.35,0,23.87,17245.37
7000856,8/9/2023,19269,3336,627,WHGA1,NJ,Ground,USPS,InTransit,157,3.97,13.11,0.15,31.54,1781.07
7000857,2/13/2023,13759,4675,552,WHIL1,DE,2Day,UPS,Delivered,85,6.86,16.59,0,91.11,1501.26
7000858,4/15/2024,14811,5577,374,WHFL1,LA,Ground,UPS,Delivered,137,5.84,201.1,0.05,23.46,26196.62
7000859,8/1/2024,19140,1501,347,WHWA1,KS,Ground,USPS,Cancelled,14,6.3,38.14,0,17.07,551.03
7000860,3/19/2023,16792,2662,376,WHPA1,CO,Ground,FedEx,Delivered,25,25.76,64.88,0.1,27.96,1487.76
7000861,1/12/2025,17172,3100,396,WHCA1,MS,Overnight,UPS,Delivered,179,9.12,204.33,0.05,35.45,34781.77
7000862,3/24/2024,12732,1103,331,WHFL1,DC,Overnight,FedEx,Delivered,146,6.74,69,0,11.13,10085.13
7000863,6/15/2024,10870,3747,322,WHIL1,NV,Ground,USPS,Delivered,28,6.38,195.8,0.05,32.44,5240.72
7000864,3/9/2024,15167,4277,317,WHPA1,NY,Ground,FedEx,Delivered,85,7.27,45.72,0,17.99,3904.19
7000865,1/22/2024,10094,4086,512,WHGA1,MO,Ground,FedEx,Delivered,45,13.77,92.34,0.1,69.2,3808.97
7000866,7/27/2024,12988,4538,448,WHWA1,NV,Ground,UPS,Cancelled,60,3.77,62.49,0.15,8.13,3195.12
7000867,7/2/2023,19968,2328,535,WHGA1,MA,Ground,UPS,Delivered,138,10.61,170.34,0.15,41.48,20022.36
7000868,8/2/2023,18628,3475,692,WHNJ1,DE,Overnight,USPS,InTransit,108,12.89,49.96,0,86.47,5482.15
7000869,4/23/2025,14948,2680,654,WHWA1,OK,Ground,FedEx,Delivered,29,3.53,30.55,0,7.15,893.1
7000870,7/31/2025,16652,4747,605,WHTX1,FL,Ground,UPS,Delivered,39,4.27,43.25,0.1,51.3,1569.38
7000871,12/26/2023,16980,3563,387,WHNJ1,SC,Ground,FedEx,Delivered,35,9.72,44.61,0.05,14.3,1497.58
7000872,11/1/2023,16795,5164,338,WHIL1,MA,Ground,FedEx,InTransit,118,23.74,38.14,0,4.7,4505.22
7000873,10/22/2024,16525,4318,353,WHWA1,DC,Ground,UPS,Delivered,64,20.58,37.05,0.05,12.19,2264.83
7000874,1/31/2024,13145,3437,328,WHNJ1,AL,Ground,FedEx,Delivered,170,6.94,131.57,0,35.05,22401.95
7000875,1/30/2023,13588,1308,377,WHPA1,AR,Ground,UPS,Delivered,126,23.29,160.74,0.05,32.93,19273.51
7000876,7/3/2023,10077,4997,500,WHCA1,GA,Ground,UPS,Pending,25,8.25,78.94,0.1,19.98,1796.13
7000877,12/5/2024,19008,2090,695,WHPA1,MT,Ground,FedEx,Delivered,119,8.21,38.14,0.05,7.16,4318.89
7000878,11/4/2024,18960,5556,473,WHNJ1,SC,Ground,UPS,Delivered,66,10.58,39.87,0,5.76,2637.18
7000879,2/1/2023,16554,3395,574,WHTX1,AZ,2Day,UPS,Pending,31,16.55,14.06,0.25,24.48,351.38
7000880,9/6/2023,18298,5005,350,WHPA1,UT,Ground,USPS,Delivered,45,6.94,78.27,0,8.32,3530.47
7000881,9/17/2023,16695,1667,645,WHPA1,FL,2Day,FedEx,Pending,180,7.88,37.2,0,15.29,6711.29
7000882,11/11/2024,12874,5164,477,WHPA1,NY,Ground,FedEx,Pending,63,4.73,168.03,0,7.49,10593.38
7000883,1/24/2023,13347,3235,601,WHTX1,AZ,Ground,UPS,Delivered,104,12.34,22.87,0,30.21,2408.69
7000884,5/3/2023,17025,2237,527,WHWA1,AR,Ground,UPS,Delivered,62,17.51,39.63,0,11.05,2468.11
7000885,2/9/2025,13149,2624,427,WHPA1,CO,Ground,FedEx,Delivered,46,18.16,56.12,0.1,47.98,2371.35
7000886,7/30/2023,19658,2375,649,WHIL1,FL,2Day,UPS,Cancelled,121,4.4,83.1,0.05,9.85,9562.19
7000887,11/1/2024,10245,4312,321,WHGA1,MT,Ground,FedEx,Delivered,135,7.95,211.96,0.05,29.67,27213.54
7000888,9/26/2023,12626,1177,499,WHTX1,AK,Ground,UPS,InTransit,9,21.11,22.99,0.1,1.91,188.13
7000889,4/27/2023,13850,2354,489,WHIL1,AK,Ground,FedEx,Delivered,34,11.49,48.57,0.3,56.34,1212.31
7000890,10/1/2023,19598,3929,632,WHTX1,WY,Ground,UPS,Delivered,67,10.21,22.08,0,42.63,1521.99
7000891,12/8/2024,19174,1626,452,WHTX1,MA,Ground,UPS,Delivered,39,10.06,104.3,0,42.83,4110.53
7000892,4/16/2025,17738,3655,460,WHWA1,MI,Ground,DHL,Delivered,118,13.84,38.15,0.05,32.72,4309.34
7000893,3/17/2025,18334,4609,647,WHGA1,AZ,Ground,DHL,Delivered,14,11.87,55.81,0.05,29.7,771.97
7000894,1/18/2024,10893,4716,396,WHCA1,OH,Ground,UPS,Delivered,122,7.08,53.18,0,24.47,6512.43
7000895,11/9/2024,15488,5275,652,WHWA1,WY,Ground,FedEx,Delivered,85,16.97,65.09,0.05,10.7,5266.72
7000896,8/22/2023,17252,1395,375,WHWA1,PA,Ground,FedEx,Delivered,35,4.86,53.78,0.05,4.77,1792.96
7000897,11/14/2023,17311,2169,666,WHIL1,NC,Ground,UPS,Delivered,43,22.11,30.39,0.25,19.74,999.82
7000898,6/3/2025,12400,5972,382,WHTX1,IA,Ground,UPS,Delivered,22,5.84,63.67,0.05,12.72,1343.42
7000899,1/16/2023,14641,1198,428,WHFL1,HI,Ground,UPS,Delivered,31,13.89,34.41,0.05,9.68,1023.05
7000900,4/11/2023,12961,1969,659,WHTX1,GA,Ground,FedEx,Delivered,104,9.06,106.12,0.1,26.35,9959.18
7000901,8/24/2023,17326,4909,433,WHNJ1,OK,Ground,FedEx,InTransit,47,7.51,62.46,0,34.04,2969.66
7000902,2/1/2023,11470,4156,439,WHPA1,IN,Overnight,USPS,Delivered,98,22.58,28.98,0.05,24.37,2722.41
7000903,8/2/2023,13375,5765,546,WHCA1,AK,Ground,FedEx,Cancelled,67,15.62,323.49,0,4.34,21678.17
7000904,8/17/2024,18848,3505,591,WHGA1,VT,Ground,USPS,Delivered,17,9.65,191.63,0,53.32,3311.03
7000905,2/15/2024,18235,2277,412,WHFL1,WV,2Day,USPS,InTransit,65,28.49,331.88,0.05,6.34,20499.93
7000906,5/29/2025,17924,5168,503,WHIL1,UT,Ground,USPS,Delivered,112,18,47.2,0,4.75,5291.15
7000907,3/2/2025,15123,5319,470,WHTX1,OR,Ground,UPS,Delivered,36,6.17,33.44,0,26.36,1230.2
7000908,12/10/2023,19853,2270,387,WHPA1,DC,Ground,UPS,Delivered,90,2.58,105.52,0,20.33,9517.13
7000909,10/20/2023,15388,2365,419,WHIL1,NH,2Day,FedEx,Delivered,24,10.66,130.32,0,19.09,3146.77
7000910,12/30/2023,17632,1924,398,WHWA1,OH,2Day,FedEx,Delivered,16,22.94,68.86,0,21.52,1123.28
7000911,8/23/2024,17227,1471,540,WHGA1,MD,Ground,UPS,Delivered,45,14.43,13.76,0,21.73,640.93
7000912,10/31/2023,15109,4017,637,WHCA1,MA,Ground,USPS,Delivered,49,25.71,30.19,0,10.3,1489.61
7000913,9/28/2024,12225,3055,438,WHNJ1,ND,Ground,DHL,Delivered,113,6.98,80.65,0,18.41,9131.86
7000914,2/1/2024,12111,5284,382,WHWA1,WI,Ground,FedEx,Delivered,59,9.32,37.8,0,10.82,2241.02
7000915,7/18/2024,10958,3052,536,WHCA1,TX,Ground,FedEx,Delivered,10,9.46,23.08,0.1,13.73,221.45
7000916,3/4/2024,17147,3955,436,WHWA1,NC,Ground,USPS,Delivered,88,11.56,50.1,0.15,26.06,3773.54
7000917,11/14/2023,10561,2149,582,WHNJ1,ME,Ground,UPS,Delivered,61,15.85,6.18,0,9.82,386.8
7000918,8/2/2025,19523,4087,303,WHIL1,DE,2Day,UPS,Delivered,41,26.63,39.33,0,13.34,1625.87
7000919,12/30/2024,17414,1960,359,WHCA1,NM,Ground,USPS,Delivered,123,30.21,44.53,0.05,5.26,5208.59
7000920,6/14/2023,11313,1630,416,WHWA1,HI,Ground,FedEx,Delivered,18,27.18,74.56,0,17.71,1359.79
7000921,5/1/2025,11822,1775,431,WHCA1,DE,2Day,UPS,Delivered,155,14.94,88.03,0.25,32.44,10265.93
7000922,5/3/2024,15647,1360,686,WHCA1,MO,2Day,USPS,Delivered,41,8.14,78.16,0.05,7.8,3052.13
7000923,6/1/2025,14946,1518,501,WHGA1,WI,Ground,UPS,Delivered,59,11.45,112.44,0,12.76,6646.72
7000924,2/9/2025,15375,2344,592,WHIL1,MD,Ground,FedEx,Cancelled,161,14.82,53.34,0,5.66,8593.4
7000925,2/20/2024,12652,2970,642,WHFL1,PA,Ground,FedEx,Cancelled,113,10.84,21.66,0.05,15.25,2340.45
7000926,1/27/2023,19934,4228,398,WHNJ1,CT,2Day,UPS,Delivered,9,5.78,61.89,0,16.9,573.91
7000927,10/31/2023,14702,3900,516,WHCA1,IL,Ground,UPS,Delivered,78,7.58,32.51,0,25.67,2561.45
7000928,7/5/2024,12878,1935,424,WHIL1,RI,Ground,USPS,Delivered,38,16.83,23.21,0.1,21.51,815.29
7000929,10/9/2024,15583,2987,373,WHFL1,TX,Ground,UPS,Delivered,67,8.63,89.99,0,43.94,6073.27
7000930,10/19/2023,15391,5997,666,WHPA1,GA,Ground,UPS,Delivered,109,10.15,22.32,0.05,4.77,2316.01
7000931,6/14/2023,14084,1377,678,WHGA1,DE,2Day,FedEx,Delivered,65,9.54,96.59,0.15,7.98,5344.58
7000932,3/22/2025,10746,4561,430,WHGA1,TN,Ground,UPS,Delivered,9,5.85,24.28,0,2.58,221.1
7000933,9/2/2025,18750,2775,327,WHPA1,TX,Ground,USPS,InTransit,70,9.02,48.96,0,8.25,3435.45
7000934,6/17/2024,10942,2506,465,WHIL1,MD,Ground,UPS,InTransit,3,7.6,40.43,0.15,38.85,141.95
7000935,7/21/2023,14024,3655,368,WHNJ1,KY,Ground,FedEx,Cancelled,43,6.6,132.98,0,46.22,5764.36
7000936,11/2/2023,12297,2011,314,WHIL1,HI,Ground,UPS,Delivered,62,5.3,90.96,0,26.52,5666.04
7000937,1/22/2023,10940,4478,398,WHIL1,KS,2Day,USPS,Pending,90,9.41,33.7,0.1,12.96,2742.66
7000938,6/24/2025,11611,2231,579,WHTX1,OR,Overnight,FedEx,Delivered,66,14.49,53.73,0,19.31,3565.49
7000939,5/19/2023,16301,2178,671,WHFL1,TN,Ground,UPS,Delivered,18,19.59,152.16,0,22.86,2761.74
7000940,8/12/2024,11726,4858,547,WHGA1,NY,Ground,DHL,Pending,162,4.33,170.62,0,19.6,27660.04
7000941,11/3/2023,19177,3096,412,WHNJ1,MT,Overnight,UPS,Pending,91,26.22,23.02,0.15,10.69,1791.29
7000942,7/20/2024,19780,2673,507,WHTX1,OR,Ground,FedEx,Delivered,39,11.92,150.76,0.1,9.88,5301.56
7000943,10/30/2024,19529,2929,652,WHPA1,FL,Overnight,DHL,Delivered,177,5.09,142.89,0.05,11.08,24038.03
7000944,3/17/2025,18854,4840,634,WHIL1,OH,Ground,FedEx,Delivered,145,7.85,67.99,0,10.44,9868.99
7000945,8/23/2023,17188,4179,533,WHPA1,AZ,Ground,FedEx,Delivered,17,3.24,56.31,0,38.49,995.76
7000946,1/13/2023,10033,5269,361,WHGA1,NM,Ground,UPS,InTransit,92,3.78,40.81,0.15,26.13,3217.47
7000947,6/11/2023,15986,3554,385,WHTX1,TN,2Day,UPS,Delivered,75,28.09,24.95,0.05,37.07,1814.76
7000948,6/7/2025,13415,3446,483,WHFL1,CT,2Day,UPS,Delivered,23,6.57,76.07,0,19.23,1768.84
7000949,5/7/2025,11157,5390,539,WHTX1,AK,Ground,DHL,Delivered,28,13.8,53.27,0.15,27.86,1295.69
7000950,8/29/2024,13127,1552,550,WHNJ1,MO,Ground,DHL,Delivered,76,9.35,81.35,0.15,27.45,5282.66
7000951,9/1/2024,18253,3898,371,WHFL1,SC,Ground,UPS,Pending,40,10.11,82.72,0.05,19.78,3163.14
7000952,11/7/2024,11544,2040,528,WHIL1,ID,Ground,UPS,Delivered,131,12.47,349.63,0.25,20.46,34371.61
7000953,7/26/2023,10272,1885,385,WHWA1,NJ,Ground,UPS,Delivered,12,2.86,138.66,0,26.22,1690.14
7000954,6/24/2025,15296,4052,606,WHWA1,NJ,Ground,UPS,InTransit,155,22.06,87.99,0.05,23.38,12979.91
7000955,2/12/2024,14077,5230,696,WHNJ1,NH,Ground,UPS,Delivered,133,9.42,13.44,0,56.35,1843.87
7000956,1/1/2024,15903,5867,571,WHTX1,SD,Ground,FedEx,InTransit,108,7.39,78.96,0.05,14.72,8116.02
7000957,6/9/2024,12710,4598,590,WHFL1,HI,Ground,USPS,InTransit,32,13.24,181.62,0.15,19.35,4959.41
7000958,2/25/2023,19347,3556,536,WHTX1,DC,Ground,FedEx,Delivered,103,6.49,44.5,0,18.87,4602.37
7000959,7/15/2023,15222,2090,591,WHNJ1,MN,Ground,FedEx,Delivered,56,11.33,278.06,0.1,19.14,14033.36
7000960,12/17/2024,19938,5576,339,WHTX1,KY,2Day,FedEx,Delivered,88,9.06,87.8,0,46.44,7772.84
7000961,4/8/2023,18530,5959,506,WHFL1,IL,Ground,FedEx,Delivered,38,15.32,73.74,0.05,8.39,2670.4
7000962,9/4/2024,16723,1459,483,WHCA1,NC,Ground,FedEx,Delivered,131,8.8,29.99,0,42.29,3970.98
7000963,10/4/2023,18202,5722,487,WHGA1,AL,Ground,UPS,Delivered,5,5.39,171.9,0,13.76,873.26
7000964,1/8/2024,14145,5255,433,WHIL1,SC,2Day,UPS,Delivered,99,12.43,33.55,0.05,97,3252.38
7000965,11/11/2023,15607,3008,330,WHGA1,IL,Ground,FedEx,Delivered,129,8.5,40.42,0,8.96,5223.14
7000966,12/17/2023,16767,2921,688,WHIL1,PA,Ground,DHL,Delivered,90,3.35,16.08,0,18.08,1465.28
7000967,12/6/2024,10731,5528,555,WHFL1,AZ,Overnight,FedEx,Delivered,23,11.26,112.35,0,9.42,2593.47
7000968,11/16/2023,14891,2004,443,WHTX1,KS,Ground,USPS,Delivered,35,7.24,90.53,0.05,75.76,3085.88
7000969,8/3/2024,11649,4084,403,WHWA1,TN,Ground,UPS,Delivered,68,12.31,60.43,0.05,12.53,3916.31
7000970,4/19/2024,14229,3115,374,WHFL1,CT,Ground,FedEx,Delivered,41,5.99,100.74,0,26.24,4156.58
7000971,11/7/2024,12131,3590,355,WHNJ1,AZ,2Day,USPS,InTransit,1,4.85,94.31,0.05,15.28,104.87
7000972,7/21/2025,14367,3144,536,WHWA1,IN,Ground,FedEx,Delivered,5,20.3,46.45,0.05,20.11,240.75
7000973,12/13/2024,11507,5311,360,WHNJ1,KS,Ground,USPS,Pending,115,16.58,34.64,0.05,39.47,3823.89
7000974,8/30/2023,12159,3242,324,WHTX1,AR,Ground,FedEx,Delivered,10,9.96,18.06,0.1,2.8,165.34
7000975,2/6/2023,12917,5981,322,WHIL1,NM,Ground,UPS,Delivered,160,13,52.98,0,5.04,8481.84
7000976,10/24/2023,13230,3087,332,WHTX1,IL,Overnight,UPS,InTransit,57,16.26,24.01,0.15,20.53,1183.81
7000977,8/27/2024,19859,1939,651,WHIL1,NE,Ground,FedEx,Delivered,113,9.94,67.24,0.25,24.81,5723.4
7000978,3/2/2023,16266,5302,639,WHTX1,AL,Ground,USPS,Delivered,15,4.84,53.63,0.05,26.33,790.56
7000979,5/13/2024,14137,4971,303,WHWA1,MO,Overnight,UPS,Delivered,160,11.97,45.28,0,45.25,7290.05
7000980,8/28/2024,12690,5000,370,WHTX1,OR,Ground,FedEx,Delivered,4,18.25,124.82,0,35.06,534.34
7000981,12/6/2023,17191,5651,460,WHTX1,WY,Ground,FedEx,Delivered,5,14.27,30.08,0.1,0.72,136.08
7000982,1/6/2025,12811,4409,686,WHWA1,UT,Ground,UPS,Delivered,7,10.36,16.46,0,2.31,117.53
7000983,5/6/2023,16153,1771,388,WHNJ1,HI,Ground,UPS,Delivered,12,14.04,51.24,0,6,620.88
7000984,3/30/2023,10013,1249,665,WHIL1,FL,Ground,UPS,Pending,63,8.75,35.74,0.15,11.48,1925.36
7000985,12/11/2024,15939,1373,359,WHPA1,CT,Ground,UPS,InTransit,119,18.71,65.33,0,17.96,7792.23
7000986,5/12/2024,18000,3927,552,WHTX1,IN,Ground,UPS,Delivered,35,22.44,31.65,0,21.33,1129.08
7000987,11/20/2024,17220,4858,519,WHGA1,NJ,Ground,UPS,Pending,110,4.59,80.54,0.2,10.65,7098.17
7000988,3/2/2024,15329,5931,501,WHGA1,MS,Ground,UPS,Delivered,116,19.53,30.37,0.05,37.79,3384.56
7000989,10/5/2023,13622,1702,377,WHFL1,AZ,Ground,FedEx,Delivered,153,38.28,30.14,0,8.82,4620.24
7000990,3/4/2025,13684,3186,555,WHFL1,WV,Ground,FedEx,InTransit,18,13.71,92.37,0,67.94,1730.6
7000991,2/9/2025,17873,1942,547,WHNJ1,RI,Ground,FedEx,Delivered,16,18.04,58.08,0.05,22.8,905.62
7000992,11/23/2024,15311,4915,570,WHCA1,NE,Ground,FedEx,Delivered,14,6.78,26.14,0.05,46.12,393.78
7000993,11/2/2023,10653,1794,607,WHPA1,AL,Overnight,DHL,Delivered,45,7.39,30.82,0.05,15.51,1333.06
7000994,8/23/2024,15800,1678,439,WHNJ1,PA,Overnight,USPS,Delivered,64,8.82,46.22,0,23.08,2981.16
7000995,12/20/2023,18813,2562,378,WHCA1,MT,Ground,DHL,Delivered,59,7.85,26.96,0.05,18.31,1529.42
7000996,4/18/2023,13791,5054,380,WHNJ1,CO,Overnight,UPS,InTransit,31,4.55,49.05,0.05,4.28,1448.8
7000997,6/27/2025,11646,1453,310,WHFL1,TN,Overnight,USPS,Delivered,86,9.02,50.27,0.1,22.1,3913
7000998,6/11/2023,14513,3467,636,WHGA1,ID,Ground,FedEx,Delivered,42,16.52,31.58,0.05,6.05,1266.09
7000999,8/4/2025,14760,4657,424,WHTX1,DC,Ground,UPS,Delivered,46,4.59,94.57,0,16.7,4366.92
7001000,3/15/2024,15875,5147,486,WHIL1,PA,Overnight,UPS,InTransit,13,11.13,29.37,0,18.17,399.98
7001001,8/5/2023,13689,4755,334,WHFL1,VA,Ground,FedEx,Delivered,80,10.93,143.5,0.05,72.95,10978.95
7001002,7/6/2024,17690,1210,421,WHTX1,OH,Ground,UPS,Delivered,92,8.35,51.49,0.05,35.18,4535.41
7001003,5/6/2025,11380,5984,380,WHGA1,GA,Ground,UPS,InTransit,112,13.47,37.81,0,19.48,4254.2
7001004,12/13/2024,14244,2927,506,WHWA1,FL,Ground,FedEx,Delivered,152,12.73,87.52,0,23.88,13326.92
7001005,2/17/2025,19581,5946,353,WHIL1,MN,Ground,FedEx,Delivered,114,8,61.46,0,35.92,7042.36
7001006,11/4/2024,16508,4967,456,WHCA1,NJ,Ground,USPS,Delivered,28,18.9,102.13,0,32.52,2892.16
7001007,11/22/2024,17820,2878,574,WHCA1,DC,Ground,FedEx,Delivered,28,14,14.78,0,20.95,434.79
7001008,4/8/2025,18594,1627,658,WHGA1,MI,Ground,FedEx,Delivered,155,25.7,86.15,0.1,12.68,12030.61
7001009,10/9/2023,12654,3727,435,WHIL1,WA,2Day,UPS,Delivered,120,9.61,41.71,0.05,33.33,4788.27
7001010,5/5/2024,15612,2459,398,WHTX1,FL,Ground,FedEx,Delivered,118,8.24,61.6,0.2,3.84,5818.88
7001011,9/5/2023,16128,3825,541,WHGA1,ME,Ground,UPS,Cancelled,104,8.82,56.41,0.15,28.47,5015.11
7001012,9/6/2025,13924,2251,345,WHCA1,DE,Ground,USPS,Delivered,32,20.28,154,0.05,71.72,4753.32
7001013,7/29/2025,18460,5759,499,WHWA1,AR,Ground,UPS,Delivered,134,9.15,16.31,0,11.8,2197.34
7001014,2/16/2023,15913,5364,591,WHGA1,CA,Overnight,FedEx,InTransit,17,9.49,185.71,0.15,11.05,2694.56
7001015,11/29/2024,15131,3164,414,WHWA1,ME,Ground,UPS,Delivered,43,32.43,98.38,0,18.6,4248.94
7001016,7/7/2025,15440,2624,577,WHTX1,VA,Ground,USPS,Delivered,43,4.46,66.74,0,100.37,2970.19
7001017,8/1/2023,17881,2854,541,WHNJ1,LA,Ground,DHL,Delivered,75,12.39,22,0,3.62,1653.62
7001018,8/4/2024,16450,1754,456,WHWA1,NH,Ground,UPS,Delivered,60,9.64,18.61,0,30.6,1147.2
7001019,6/25/2025,11726,2869,652,WHWA1,ME,Ground,FedEx,Delivered,59,8.6,40.52,0,7.92,2398.6
7001020,2/9/2023,19305,1182,344,WHPA1,CO,Ground,FedEx,Delivered,74,5.64,93.59,0,6.62,6932.28
7001021,11/25/2024,17523,2514,380,WHPA1,CA,Ground,USPS,InTransit,53,6.71,59.75,0,25.91,3192.66
7001022,11/16/2023,14785,1903,612,WHFL1,TX,Ground,FedEx,Delivered,30,7.83,89.94,0,38.45,2736.65
7001023,7/6/2025,19473,4345,438,WHPA1,CA,2Day,UPS,Delivered,93,13.46,21.54,0.05,22.94,1926
7001024,8/21/2025,11233,4454,451,WHNJ1,DE,Ground,UPS,Delivered,120,16.68,61.89,0,1.45,7428.25
7001025,7/29/2025,18809,4608,542,WHTX1,NE,Ground,FedEx,InTransit,62,3.44,129.17,0,5.65,8014.19
7001026,4/17/2024,18339,3557,443,WHFL1,OR,2Day,UPS,Delivered,91,4.86,165.78,0,21.77,15107.75
7001027,4/23/2025,17447,3140,611,WHIL1,TX,2Day,UPS,InTransit,71,13.89,24.94,0,48.16,1818.9
7001028,4/3/2025,14617,5245,599,WHWA1,VT,Ground,UPS,Delivered,7,14.61,46.9,0.05,23.84,335.72
7001029,11/27/2023,14726,3165,350,WHGA1,PA,Overnight,FedEx,Delivered,54,4.16,47.27,0.1,1.05,2298.37
7001030,3/15/2025,13678,3613,562,WHTX1,OR,Ground,DHL,Delivered,2,16.9,38.7,0,53.86,131.26
7001031,2/13/2023,16288,3022,461,WHNJ1,LA,Ground,USPS,Delivered,93,9.92,113.27,0,28.35,10562.46
7001032,8/28/2024,18481,3822,362,WHWA1,MT,Ground,FedEx,Delivered,67,15.66,447.81,0,17.96,30021.23
7001033,9/16/2023,11410,3282,355,WHFL1,TN,Ground,USPS,Delivered,15,6,27.52,0,19.35,432.15
7001034,5/23/2023,18206,2571,696,WHCA1,KS,Ground,UPS,InTransit,72,4.34,80.78,0,5.02,5821.18
7001035,4/1/2023,10257,2973,672,WHPA1,MI,Ground,FedEx,Delivered,150,8.31,73.79,0,32.9,11101.4
7001036,11/24/2024,11722,4987,331,WHPA1,VA,Ground,UPS,Delivered,42,8.53,74.91,0,35.15,3181.37
7001037,12/8/2023,11424,3245,630,WHTX1,MN,2Day,FedEx,InTransit,187,8.25,152.54,0.2,45.37,22865.35
7001038,12/9/2024,14954,3443,590,WHWA1,WA,Ground,DHL,Delivered,174,7.91,77.92,0.1,33.61,12235.88
7001039,3/18/2023,12991,1714,469,WHPA1,AZ,Ground,USPS,Delivered,119,27.61,13.45,0.05,63.32,1583.84
7001040,11/25/2023,11196,4546,566,WHPA1,AZ,Ground,FedEx,Delivered,126,3.61,21.95,0.1,35.6,2524.73
7001041,7/3/2024,14560,1223,608,WHWA1,ID,Ground,FedEx,Delivered,52,6.02,28.43,0,35.38,1513.74
7001042,1/29/2025,14366,1864,485,WHTX1,MN,2Day,USPS,Delivered,51,7.78,35.53,0,8.44,1820.47
7001043,11/27/2023,11245,5626,634,WHTX1,WA,Ground,UPS,Delivered,171,10.14,54.41,0,5.66,9309.77
7001044,10/1/2024,16767,2426,303,WHFL1,HI,Ground,FedEx,Pending,46,15.32,51.63,0.05,23.07,2279.3
7001045,5/22/2025,15303,3305,461,WHNJ1,TN,Ground,UPS,Delivered,12,16.81,16.74,0.15,20.84,191.59
7001046,9/19/2024,11307,1654,691,WHNJ1,WA,Ground,USPS,InTransit,18,19.08,19.46,0,2.18,352.46
7001047,9/19/2023,12403,2160,560,WHPA1,WY,Ground,UPS,Delivered,102,13.35,13.61,0,20.97,1409.19
7001048,1/29/2023,10497,2843,348,WHFL1,VA,Ground,UPS,Delivered,48,3.54,20.22,0.1,47.27,920.77
7001049,5/3/2025,13400,1444,554,WHTX1,NH,Ground,FedEx,Pending,24,3.68,120.08,0,40.08,2922
7001050,1/26/2023,10910,3466,374,WHTX1,CO,2Day,UPS,Delivered,126,19.9,49.65,0.05,76.23,6019.33
7001051,5/8/2025,10373,5670,635,WHPA1,VA,Ground,UPS,Pending,64,19.15,30.8,0,33.63,2004.83
7001052,6/21/2024,16237,5437,466,WHIL1,KS,Overnight,FedEx,Delivered,76,14.65,15.67,0,49.95,1240.87
7001053,7/23/2025,11345,3858,560,WHCA1,ND,Ground,USPS,Pending,18,6.11,29.53,0.05,42.95,547.91
7001054,2/8/2025,18516,2281,304,WHGA1,DC,Ground,UPS,Delivered,23,8.24,91.78,0,52.78,2163.72
7001055,9/18/2025,12432,4040,676,WHGA1,OR,Ground,USPS,Delivered,15,7.87,83.71,0,13.19,1268.84
7001056,12/14/2023,14671,4796,419,WHWA1,HI,Ground,USPS,Delivered,68,5.41,50.28,0.15,8.03,2914.21
7001057,1/2/2025,12785,4638,573,WHPA1,HI,2Day,FedEx,InTransit,116,11.68,49.77,0,62.75,5836.07
7001058,1/23/2024,19408,4759,526,WHFL1,MO,2Day,FedEx,Delivered,107,36.45,17.37,0,6.76,1865.35
7001059,4/24/2024,11696,1100,652,WHWA1,ME,Ground,UPS,Cancelled,32,7.43,34.85,0,16.09,1131.29
7001060,10/2/2024,11908,3087,370,WHGA1,NY,Ground,UPS,Delivered,136,21.77,88.52,0,16.18,12054.9
7001061,5/7/2025,14815,3311,482,WHNJ1,WY,Overnight,UPS,Delivered,13,5.88,37.41,0,19.85,506.18
7001062,9/2/2025,10781,5246,653,WHFL1,DE,Ground,UPS,Delivered,14,3.98,186.94,0,17.08,2634.24
7001063,1/3/2025,11020,3738,564,WHWA1,ID,2Day,UPS,Delivered,135,18.08,139.52,0,21.59,18856.79
7001064,2/11/2024,11404,2608,670,WHFL1,SD,Overnight,UPS,Delivered,29,8.77,43.67,0,28.5,1294.93
7001065,2/15/2024,11427,3954,481,WHWA1,OH,Ground,FedEx,Delivered,102,21.44,49.83,0.1,26.61,4601
7001066,12/16/2024,18856,4982,305,WHNJ1,CO,2Day,FedEx,InTransit,2,24.17,284.43,0,2.47,571.33
7001067,9/26/2023,15869,4195,497,WHIL1,MA,Ground,USPS,Delivered,11,8.46,108.57,0.05,14.11,1148.67
7001068,5/11/2023,10011,5340,347,WHPA1,MT,Ground,UPS,Delivered,83,22.39,63.03,0,17.54,5249.03
7001069,12/16/2023,16331,5683,340,WHNJ1,AL,Ground,UPS,Delivered,22,5.91,68.33,0,51.22,1554.48
7001070,11/10/2023,19231,4093,422,WHPA1,KY,Ground,FedEx,Cancelled,4,5.86,66.59,0,4.16,270.52
7001071,11/15/2023,12826,3963,435,WHPA1,OH,Ground,UPS,Delivered,60,19.03,59.29,0.1,38.6,3240.26
7001072,9/20/2023,17465,3663,440,WHWA1,NE,2Day,FedEx,Delivered,41,3.95,28.35,0,35.08,1197.43
7001073,2/19/2023,13004,1856,650,WHFL1,WY,Ground,FedEx,Delivered,123,9.99,45.27,0,24.47,5592.68
7001074,1/22/2023,19268,3147,453,WHTX1,WY,Ground,FedEx,InTransit,127,21.17,21.96,0,25.12,2814.04
7001075,9/6/2025,17196,5926,328,WHCA1,AK,Ground,UPS,Cancelled,84,22.04,99.65,0.05,14.17,7966.24
7001076,2/22/2024,16721,2387,377,WHCA1,OK,Ground,UPS,Cancelled,36,7.71,54.69,0.15,15.97,1689.48
7001077,1/2/2024,13089,2717,475,WHPA1,AL,Ground,UPS,Pending,59,18.32,103.25,0,35.18,6126.93
7001078,11/15/2024,11790,5152,349,WHCA1,GA,Ground,UPS,Delivered,101,5.1,24.59,0,10.26,2493.85
7001079,9/2/2023,13037,2726,642,WHCA1,NM,Ground,UPS,Delivered,8,6.7,162.36,0,23.44,1322.32
7001080,8/4/2025,17378,2954,610,WHGA1,OR,Ground,FedEx,Delivered,41,11.48,148.82,0.2,12.59,4893.89
7001081,1/24/2025,17599,1185,574,WHFL1,CA,2Day,UPS,Delivered,128,12.54,19.93,0.05,29.6,2453.09
7001082,4/16/2023,14839,1522,327,WHGA1,SD,Ground,FedEx,Delivered,51,5.33,42.11,0,17.63,2165.24
7001083,2/11/2024,15873,3312,628,WHTX1,VA,Ground,UPS,Delivered,86,30.57,45.43,0,8.17,3915.15
7001084,5/14/2025,13654,2249,690,WHIL1,IL,Overnight,UPS,Delivered,11,3.24,21.93,0,37.82,279.05
7001085,7/30/2025,14300,2659,521,WHFL1,VT,2Day,UPS,Delivered,117,10.33,50.02,0.05,9.41,5569.13
7001086,4/9/2024,19269,2003,422,WHNJ1,MS,Ground,UPS,Delivered,12,11.25,88.68,0,22.42,1086.58
7001087,9/16/2024,10974,4228,661,WHWA1,NE,Ground,UPS,Delivered,138,3.51,43.2,0.05,59.38,5722.9
7001088,7/16/2023,17084,4139,369,WHWA1,AL,2Day,UPS,InTransit,13,22.13,18.09,0,36.26,271.43
7001089,9/10/2025,15495,2929,371,WHWA1,WI,Ground,UPS,Delivered,147,6.41,103.04,0,23.04,15169.92
7001090,9/18/2023,19492,1394,450,WHNJ1,MD,2Day,UPS,Pending,45,10.61,34.47,0.05,14.13,1487.72
7001091,7/28/2025,13407,2618,487,WHGA1,DE,Ground,USPS,Delivered,86,12.18,37.11,0.15,71.14,2783.88
7001092,10/28/2024,15151,4642,673,WHPA1,AZ,Ground,USPS,Delivered,134,4.18,194.66,0,22.42,26106.86
7001093,9/9/2024,19351,1661,546,WHCA1,WI,Ground,UPS,Delivered,2,5.26,79.2,0.1,23.11,165.67
7001094,6/2/2024,13130,5165,496,WHTX1,NY,Ground,UPS,Delivered,32,25.54,34.06,0,24.46,1114.38
7001095,9/17/2023,10105,1320,332,WHIL1,UT,Ground,FedEx,InTransit,153,9.61,26.1,0,10.28,4003.58
7001096,7/27/2023,17434,3225,409,WHGA1,MO,Ground,USPS,Delivered,49,1.98,117.97,0.15,20.52,4933.97
7001097,9/5/2023,17690,1584,653,WHPA1,MO,Ground,DHL,InTransit,102,8.34,112.42,0.05,20.35,10913.85
7001098,8/6/2023,13568,4601,301,WHTX1,WY,Overnight,UPS,Delivered,17,9.8,42.08,0.05,12.65,692.24
7001099,1/16/2025,14349,1582,482,WHWA1,IN,Ground,UPS,Delivered,96,11.41,24.85,0,44.59,2430.19
7001100,12/14/2023,14391,4697,474,WHPA1,TX,Ground,FedEx,Delivered,9,3.01,78.59,0,47.93,755.24
7001101,3/10/2023,16812,2768,469,WHTX1,NE,2Day,USPS,Delivered,104,9.83,90.93,0,17.46,9474.18
7001102,8/20/2025,11182,2557,548,WHGA1,WV,Ground,UPS,Delivered,40,6.07,46.22,0.05,48.97,1805.33
7001103,5/19/2025,14645,2799,408,WHTX1,NY,Ground,FedEx,Delivered,60,11.42,27.72,0.05,27.6,1607.64
7001104,7/10/2025,15874,5207,670,WHFL1,NE,Ground,UPS,InTransit,20,13.55,61.05,0,15,1236
7001105,9/15/2025,14395,1999,597,WHCA1,AR,Ground,UPS,Delivered,87,12.71,82.89,0,36.88,7248.31
7001106,7/24/2023,13535,1758,564,WHTX1,WY,Ground,FedEx,Delivered,42,23.22,42.66,0,5.16,1796.88
7001107,1/16/2024,15845,1283,330,WHIL1,RI,2Day,UPS,Pending,48,37.22,72.07,0.2,23.5,2790.99
7001108,12/27/2024,15940,5897,602,WHTX1,HI,Ground,FedEx,Delivered,91,5.07,77.25,0,48.68,7078.43
7001109,11/24/2024,16476,1131,661,WHFL1,WV,Ground,FedEx,Delivered,21,7.95,133.78,0.05,10.72,2679.63
7001110,7/1/2023,11775,2294,652,WHNJ1,WV,Ground,USPS,Delivered,136,15.62,44.7,0.1,7.68,5478.96
7001111,2/28/2025,18284,1061,617,WHFL1,AZ,Ground,UPS,Pending,108,9.27,27.03,0,21.56,2940.8
7001112,9/9/2023,10447,3212,525,WHTX1,MO,2Day,UPS,Delivered,78,1.95,57.24,0,20.65,4485.37
7001113,9/8/2023,10109,2549,697,WHWA1,MS,Ground,UPS,Delivered,15,8.91,195.51,0.05,7.24,2793.26
7001114,6/30/2024,13240,5368,389,WHPA1,FL,Ground,FedEx,Cancelled,98,20.97,17.46,0.1,1.17,1541.14
7001115,8/25/2024,15932,2782,534,WHWA1,DE,Ground,FedEx,InTransit,3,4.33,11.88,0.05,2.2,36.06
7001116,8/14/2024,14054,1038,468,WHWA1,RI,Ground,UPS,Delivered,123,11.41,55.63,0,50.52,6893.01
7001117,4/18/2023,14538,4632,531,WHGA1,NM,Ground,FedEx,InTransit,37,3.18,46.01,0,2.09,1704.46
7001118,5/12/2025,16362,3665,426,WHNJ1,KY,Ground,FedEx,Delivered,14,16.85,51.86,0,43.04,769.08
7001119,10/28/2023,11246,1474,361,WHGA1,TX,Ground,UPS,Delivered,20,11.56,50.52,0,6.22,1016.62
7001120,6/2/2023,12721,1059,420,WHPA1,NM,2Day,FedEx,Delivered,176,7.11,121.3,0,12.9,21361.7
7001121,5/25/2025,18470,3637,490,WHIL1,AR,Ground,UPS,Delivered,116,7.78,58.24,0,8.58,6764.42
7001122,8/8/2025,17742,3615,421,WHCA1,AR,Ground,USPS,Delivered,29,4.07,106.49,0.05,11.51,2945.31
7001123,4/23/2025,15106,3615,348,WHIL1,OR,Ground,FedEx,Delivered,176,18.3,10.59,0,38.97,1902.81
7001124,2/20/2025,12923,5479,502,WHNJ1,DE,Ground,UPS,Delivered,17,6.19,41.43,0,10.32,714.63
7001125,11/2/2024,12514,2412,359,WHPA1,TN,Ground,FedEx,Pending,107,13.5,33.91,0.1,36.53,3302.06
7001126,7/17/2024,19031,1085,485,WHWA1,WI,2Day,FedEx,Delivered,92,5.61,12.12,0.05,13.58,1072.87
7001127,4/13/2023,12802,2534,523,WHPA1,CO,Ground,UPS,Delivered,128,37.4,64.5,0,20.45,8276.45
7001128,1/31/2024,16982,4798,311,WHWA1,FL,Ground,FedEx,Delivered,48,25.49,55.93,0.3,6.59,1885.84
7001129,12/26/2023,18222,3675,581,WHCA1,TN,Overnight,UPS,Delivered,51,34.7,43.27,0,29.31,2236.08
7001130,10/21/2023,16503,3874,489,WHTX1,DE,Ground,FedEx,Cancelled,86,37.22,54.94,0,35.33,4760.17
7001131,12/9/2024,16039,4121,602,WHNJ1,NY,Ground,USPS,Delivered,50,6.83,64.5,0,23.65,3248.65
7001132,5/13/2024,16230,2091,610,WHCA1,IA,Ground,FedEx,Delivered,5,5.88,121.94,0.1,12.88,561.61
7001133,4/6/2023,19450,3835,537,WHFL1,LA,Ground,UPS,Cancelled,106,33.73,94.08,0.05,17.03,9490.89
7001134,9/4/2023,10365,5225,334,WHFL1,MN,Ground,UPS,Delivered,89,9.19,75.52,0.05,10.2,6395.42
7001135,11/17/2024,11801,3077,640,WHGA1,CA,Ground,UPS,Delivered,54,16.49,301.69,0,6.42,16297.68
7001136,3/31/2023,15959,4191,435,WHWA1,WY,Ground,FedEx,Delivered,37,6.89,36.55,0.05,27.34,1312.07
7001137,4/11/2025,19097,5788,362,WHCA1,NE,Ground,FedEx,Delivered,39,6.96,23.16,0,10.04,913.28
7001138,5/12/2024,17437,5229,613,WHGA1,NC,2Day,UPS,Delivered,109,16.45,136.49,0.1,25.93,13415.6
7001139,4/25/2024,14794,2209,527,WHFL1,AK,Ground,USPS,Delivered,106,3.07,221.66,0,31.76,23527.72
7001140,8/25/2024,18161,4578,393,WHFL1,TN,Ground,UPS,Delivered,127,16,38.46,0,18.41,4902.83
7001141,3/10/2025,10180,5742,416,WHGA1,PA,Ground,FedEx,Pending,113,13.7,157.4,0.2,45.28,14274.24
7001142,12/13/2023,13874,3582,632,WHPA1,NV,Ground,FedEx,Delivered,112,7.28,41.3,0,22.18,4647.78
7001143,11/14/2024,13961,4788,433,WHCA1,MS,Ground,FedEx,Delivered,30,10.15,90.35,0,22.32,2732.82
7001144,8/2/2024,11187,1516,632,WHPA1,DC,Ground,FedEx,Delivered,12,11.15,93.93,0,9.89,1137.05
7001145,10/30/2023,10774,3213,593,WHFL1,MA,Ground,UPS,Delivered,113,11.53,38.58,0.1,30.98,3954.57
7001146,5/13/2025,14461,3975,493,WHPA1,NM,Ground,USPS,Delivered,12,15.13,218.56,0,63.47,2686.19
7001147,2/6/2025,10353,1933,330,WHWA1,HI,2Day,FedEx,Pending,186,6.13,236.86,0,10.22,44066.18
7001148,11/4/2024,16944,2664,598,WHIL1,WY,Ground,FedEx,Delivered,142,50.46,29.36,0,11.14,4180.26
7001149,4/10/2025,15203,1557,361,WHIL1,NV,Overnight,FedEx,Delivered,71,8.84,69.07,0,31.68,4935.65
7001150,4/30/2025,15345,2672,604,WHPA1,WV,2Day,UPS,Delivered,44,9.25,113.81,0.15,20.76,4277.25
7001151,12/1/2024,14508,1993,640,WHPA1,SC,Ground,FedEx,Delivered,70,32.12,16.06,0.2,27.14,926.5
7001152,3/25/2025,14831,2629,649,WHWA1,AR,Ground,FedEx,InTransit,107,3.34,61.11,0.3,19.68,4596.82
7001153,11/25/2024,10118,2692,624,WHGA1,TX,Ground,FedEx,Pending,112,31.92,18.86,0,73.83,2186.15
7001154,11/15/2024,10482,5853,602,WHPA1,TN,Ground,FedEx,Delivered,9,10.58,95.73,0.1,8.92,784.33
7001155,9/22/2024,14288,2105,669,WHNJ1,KS,Ground,USPS,InTransit,123,7.28,63.72,0,37.71,7875.27
7001156,12/24/2024,16803,2271,328,WHCA1,ID,Ground,UPS,Delivered,89,5.11,46.19,0,15.19,4126.1
7001157,7/6/2023,18299,3903,377,WHNJ1,MI,Ground,USPS,Delivered,5,4.67,20.04,0.1,16.35,106.53
7001158,5/15/2025,14478,5745,421,WHIL1,OH,Ground,UPS,InTransit,38,8.15,39.46,0.1,17.22,1366.75
7001159,5/5/2025,16534,2410,303,WHNJ1,TX,Overnight,FedEx,Delivered,67,11.82,86.3,0,38.8,5820.9
7001160,2/4/2023,10244,4647,337,WHTX1,KS,Ground,UPS,Delivered,22,14.53,58.3,0.15,46.91,1137.12
7001161,3/12/2025,17013,2331,447,WHTX1,MS,Ground,UPS,Delivered,18,11.73,138.26,0.1,8.12,2247.93
7001162,6/1/2023,10866,5724,392,WHIL1,OH,Ground,UPS,Delivered,2,7.36,132.13,0.05,6.14,257.19
7001163,12/6/2023,19754,3055,639,WHNJ1,NV,2Day,UPS,Delivered,154,22.34,128.26,0.1,17.14,17793.98
7001164,12/19/2024,15330,1954,573,WHCA1,TN,Ground,UPS,InTransit,7,49.74,41.18,0,37.15,325.41
7001165,7/9/2023,10604,2843,677,WHWA1,NH,2Day,FedEx,Delivered,46,24.52,73.76,0.1,10.79,3064.45
7001166,3/3/2025,15757,3803,387,WHIL1,MA,2Day,UPS,Delivered,25,8.06,30.53,0.05,19.35,744.44
7001167,3/19/2025,14019,1010,340,WHTX1,WV,2Day,FedEx,Delivered,109,13.52,24.84,0,6.06,2713.62
7001168,5/27/2024,15193,3610,478,WHIL1,MO,Ground,UPS,Delivered,102,14.05,137.23,0,11.44,14008.9
7001169,1/8/2023,12016,1122,629,WHNJ1,RI,Ground,UPS,InTransit,124,26.17,26.15,0.1,29.14,2947.48
7001170,11/10/2023,19851,5783,585,WHNJ1,NM,Ground,UPS,Pending,85,8.16,24.25,0.15,7.22,1759.28
7001171,9/20/2024,13381,3561,342,WHNJ1,IA,Ground,UPS,Cancelled,80,5.6,64.58,0.2,5.41,4138.53
7001172,8/30/2025,13771,4038,585,WHGA1,WA,Ground,UPS,Delivered,51,19.74,49.64,0,28.41,2560.05
7001173,10/7/2024,15830,1441,366,WHNJ1,TN,Ground,DHL,Cancelled,88,12.76,52.74,0,24.49,4665.61
7001174,10/21/2023,11614,3750,424,WHPA1,OH,Ground,UPS,Delivered,14,5.14,301.36,0.05,15.91,4024
7001175,10/10/2024,11880,1591,445,WHTX1,PA,Ground,FedEx,Delivered,97,15.27,29.91,0.1,27.29,2638.43
7001176,7/4/2024,15373,2369,420,WHFL1,WY,Ground,UPS,InTransit,12,30.13,84.85,0.05,29.41,996.7
7001177,1/17/2025,14109,2990,409,WHTX1,MI,Ground,USPS,Delivered,138,6.6,63.75,0,12.43,8809.93
7001178,5/6/2023,19292,2362,392,WHGA1,CA,2Day,UPS,Delivered,66,5.86,121.62,0.05,5.48,7631.05
7001179,12/29/2024,19267,4774,668,WHTX1,WV,Ground,USPS,Pending,70,10.18,34.62,0,26.65,2450.05
7001180,7/5/2024,18979,3065,608,WHTX1,IL,Ground,UPS,InTransit,79,15.04,51.28,0.05,6.44,3855
7001181,8/15/2025,10149,3416,360,WHIL1,NY,Ground,UPS,Delivered,117,9.56,64.99,0,47.79,7651.62
7001182,12/10/2023,11755,3952,650,WHFL1,AZ,Overnight,FedEx,InTransit,62,19.75,21.99,0,23.54,1386.92
7001183,10/8/2024,17379,3769,527,WHFL1,IA,2Day,FedEx,InTransit,54,11.69,16.95,0.05,33.23,902.76
7001184,7/15/2025,16682,4417,540,WHNJ1,NE,Ground,UPS,Pending,35,18.35,59.13,0,17.2,2086.75
7001185,5/1/2023,13757,2577,512,WHPA1,NE,Ground,UPS,Delivered,15,6.49,153.04,0,13.95,2309.55
7001186,7/21/2025,19372,1115,398,WHPA1,NJ,Ground,FedEx,Delivered,23,4.79,46.89,0,46.7,1125.17
7001187,11/20/2024,19117,2369,314,WHIL1,CO,Ground,UPS,InTransit,1,8.15,51.61,0,24.64,76.25
7001188,3/21/2023,15393,1139,518,WHPA1,MO,2Day,FedEx,Delivered,141,4.46,134.27,0,35.71,18967.78
7001189,11/18/2023,19796,5924,470,WHIL1,NV,Ground,FedEx,Delivered,114,12.78,54.06,0,45.55,6208.39
7001190,11/30/2024,13053,5942,607,WHFL1,MI,Ground,FedEx,Delivered,26,2.98,103.36,0,38.02,2725.38
7001191,3/21/2023,15693,4374,580,WHFL1,AR,Ground,UPS,Delivered,1,7.62,387.95,0,73.2,461.15
7001192,8/16/2024,14219,2316,663,WHWA1,IA,2Day,FedEx,Cancelled,64,8.42,40.06,0,33.25,2597.09
7001193,12/12/2023,14804,1074,510,WHFL1,MT,Ground,UPS,Delivered,52,5.34,53.01,0,7.95,2764.47
7001194,9/25/2024,12378,4847,556,WHPA1,LA,2Day,UPS,Delivered,117,8.32,79.18,0,15.59,9279.65
7001195,2/23/2023,15087,1484,471,WHTX1,FL,Ground,FedEx,InTransit,51,10.03,170.46,0,25.75,8719.21
7001196,5/5/2025,13183,5112,373,WHFL1,AR,Ground,USPS,Delivered,139,21.42,55.35,0.1,8.11,6932.4
7001197,8/23/2025,13161,2550,447,WHWA1,WV,Ground,UPS,Delivered,11,5.36,99.97,0.1,27.59,1017.29
7001198,8/20/2025,16577,2360,640,WHCA1,WY,Ground,UPS,Delivered,46,12.39,76.54,0.1,17.25,3186.01
7001199,12/23/2024,18904,2897,617,WHNJ1,CA,2Day,FedEx,Delivered,163,13.96,57.04,0,14.83,9312.35
7001200,6/2/2023,12587,5225,406,WHCA1,VT,2Day,UPS,Pending,2,9.87,44.7,0,60.91,150.31
7001201,12/27/2024,12649,1511,394,WHTX1,CO,Ground,FedEx,Delivered,49,7.42,39.17,0,35.14,1954.47
7001202,1/30/2023,17314,1423,363,WHGA1,DC,Ground,DHL,Delivered,31,5.05,512.97,0.05,25.56,15132.53
7001203,1/26/2023,11718,3433,454,WHIL1,ID,Ground,DHL,Cancelled,70,31.24,20.4,0,30.36,1458.36
7001204,11/30/2023,15309,2907,555,WHWA1,NM,Ground,UPS,Delivered,34,10.45,21.8,0.05,7.86,712
7001205,5/4/2024,17408,5328,651,WHPA1,WA,Ground,FedEx,Delivered,141,8.28,71.21,0.05,58.39,9596.97
7001206,1/6/2025,10871,1959,335,WHPA1,FL,Ground,USPS,Delivered,164,35.71,69.17,0.15,28.67,9670.97
7001207,11/17/2024,13575,1825,623,WHTX1,CT,2Day,UPS,Cancelled,135,11.43,80.87,0.15,13.16,9292.99
7001208,3/15/2024,15828,1065,612,WHPA1,NH,Ground,FedEx,Delivered,50,46,32.53,0.1,23.99,1487.84
7001209,11/3/2023,17987,5929,596,WHTX1,IN,Ground,UPS,Delivered,192,4.28,29.25,0,47.91,5663.91
7001210,9/17/2025,18463,5711,553,WHWA1,DC,2Day,UPS,Delivered,108,8.67,49.13,0.2,36.06,4280.89
7001211,2/21/2024,19736,4349,457,WHCA1,MD,Ground,DHL,Delivered,44,4.4,113.26,0.05,26.99,4761.26
7001212,3/21/2024,18742,1801,434,WHGA1,WV,Ground,FedEx,Pending,11,9.29,29.43,0.05,38.44,345.98
7001213,7/12/2023,15770,1278,429,WHIL1,NY,Ground,UPS,Delivered,94,9.27,66.7,0,14.46,6284.26
7001214,2/3/2025,15734,2718,580,WHPA1,MI,Ground,USPS,InTransit,106,7.6,41.92,0,34.77,4478.29
7001215,11/23/2024,19905,3414,658,WHGA1,OK,2Day,FedEx,Delivered,15,10.33,20.64,0.05,6.22,300.34
7001216,9/5/2023,13241,2239,671,WHGA1,UT,2Day,USPS,InTransit,73,7.82,24.47,0,18.1,1804.41
7001217,4/7/2023,19555,5524,552,WHGA1,LA,Ground,UPS,InTransit,190,9.36,113.48,0,29.44,21590.64
7001218,11/15/2024,14894,2487,435,WHNJ1,SC,Ground,UPS,Delivered,40,6.35,39.32,0,37.08,1609.88
7001219,11/2/2024,19477,5682,631,WHGA1,WI,Ground,UPS,Delivered,37,23.77,143.31,0,7.93,5310.4
7001220,11/3/2023,10887,4299,311,WHFL1,MO,Ground,FedEx,Cancelled,151,5.14,58.46,0,23.21,8850.67
7001221,8/5/2025,15855,5471,592,WHTX1,NM,2Day,UPS,InTransit,14,11.36,23.03,0,22.67,345.09
7001222,6/27/2023,15319,3996,448,WHNJ1,OH,Overnight,UPS,Delivered,162,4.89,83.8,0,2.28,13577.88
7001223,2/28/2024,12259,1093,619,WHFL1,MT,Ground,DHL,Delivered,117,6.06,34.24,0,29.28,4035.36
7001224,7/29/2025,14383,4532,380,WHNJ1,AR,2Day,USPS,InTransit,49,6.46,46.09,0,11.42,2269.83
7001225,2/13/2024,11786,2841,491,WHGA1,TN,Ground,FedEx,Delivered,10,9.24,132.59,0.2,16.97,1077.69
7001226,10/15/2024,17728,4528,644,WHPA1,WV,Ground,USPS,Delivered,3,11.11,24.33,0,26.52,99.51
7001227,1/18/2024,10296,2622,330,WHPA1,MD,Ground,USPS,Cancelled,47,5.15,43.8,0,17.84,2076.44
7001228,11/3/2023,12598,2562,659,WHPA1,ND,2Day,FedEx,Pending,101,7.8,28.1,0,6.99,2845.09
7001229,9/2/2025,10681,2417,668,WHPA1,ID,Ground,FedEx,InTransit,63,5.52,26.08,0,12.61,1655.65
7001230,2/1/2024,14891,3965,529,WHTX1,KS,2Day,USPS,Delivered,108,5.37,43.08,0,27.52,4680.16
7001231,5/31/2025,14299,5191,384,WHWA1,TN,Ground,FedEx,Cancelled,95,19.74,32.92,0.3,9.27,2198.45
7001232,9/16/2023,10325,2131,450,WHPA1,CA,Ground,UPS,Delivered,77,4.34,49.53,0,26.52,3840.33
7001233,8/28/2023,17953,2414,661,WHIL1,UT,Ground,UPS,Delivered,178,10.46,93.83,0,24.87,16726.61
7001234,2/6/2023,10987,4598,489,WHGA1,OH,2Day,UPS,Delivered,106,27.7,35.47,0.05,17.74,3589.57
7001235,10/31/2024,13119,4745,321,WHNJ1,UT,Ground,USPS,InTransit,155,20.62,21.47,0.1,32.55,3027.62
7001236,12/24/2023,10761,3119,337,WHIL1,NE,2Day,FedEx,Delivered,29,12.91,94.01,0.05,39.03,2629.01
7001237,4/26/2025,17759,1664,546,WHPA1,AL,Ground,USPS,Pending,103,9.9,35.31,0,16.18,3653.11
7001238,4/16/2024,19229,3635,583,WHIL1,ND,Ground,FedEx,Pending,81,15.56,215.68,0.05,13.77,16610.35
7001239,8/19/2025,10907,3775,402,WHNJ1,TX,2Day,UPS,Delivered,159,12.48,45.06,0.2,14.94,5746.57
7001240,8/5/2023,15500,4970,594,WHPA1,NY,Ground,FedEx,Pending,67,23.48,54.55,0.1,21.33,3310.7
7001241,5/1/2025,10365,4491,532,WHIL1,UT,2Day,UPS,Pending,34,9.23,11.96,0,28.7,435.34
7001242,1/13/2025,17770,2572,616,WHTX1,RI,Ground,UPS,Delivered,48,18.23,26.61,0,63.52,1340.8
7001243,1/6/2025,13414,2524,626,WHTX1,NC,Ground,USPS,Delivered,26,8.22,12.17,0,10.23,326.65
7001244,4/3/2025,18028,1988,588,WHGA1,NM,Ground,FedEx,Delivered,26,31.15,73.71,0,7.55,1924.01
7001245,12/29/2024,17940,4239,636,WHWA1,IL,2Day,USPS,Delivered,61,9.07,56.66,0,7.33,3463.59
7001246,10/1/2024,19262,4846,545,WHGA1,VT,Ground,UPS,InTransit,148,3.79,93.26,0,19.03,13821.51
7001247,6/4/2023,13082,4694,687,WHFL1,AK,Ground,FedEx,Delivered,23,10.48,105.59,0,18.49,2447.06
7001248,2/8/2023,15449,1099,477,WHIL1,NJ,Ground,UPS,Cancelled,35,15.82,117.61,0,15.45,4131.8
7001249,7/2/2025,13259,3289,513,WHNJ1,GA,Ground,FedEx,Cancelled,136,26.57,51.26,0,45.77,7017.13
7001250,9/19/2024,12108,2515,658,WHTX1,MN,Ground,UPS,Delivered,42,5.5,63.7,0,45.13,2720.53
7001251,2/5/2025,17929,5298,402,WHCA1,NC,Ground,FedEx,Delivered,175,3.51,89.98,0.25,36.44,11846.32
7001252,4/26/2024,12934,1634,586,WHWA1,RI,2Day,UPS,Delivered,33,13.47,34.4,0.1,16.07,1037.75
7001253,5/19/2023,12830,5842,322,WHGA1,VT,2Day,UPS,Delivered,57,13.22,31.12,0,25.51,1799.35
7001254,5/28/2023,18634,5586,319,WHFL1,NH,Ground,FedEx,Delivered,11,4.29,176.34,0,33.04,1972.78
7001255,11/18/2024,15007,1579,587,WHTX1,NJ,2Day,FedEx,Delivered,194,8.21,16.95,0,64.42,3352.72
7001256,2/26/2024,11560,4960,576,WHFL1,ND,Ground,FedEx,Delivered,147,8.43,85.14,0.05,19.66,11909.46
7001257,8/18/2023,11742,1273,447,WHPA1,RI,Ground,FedEx,Delivered,127,16.39,76.19,0,22.26,9698.39
7001258,5/8/2024,15831,5882,686,WHIL1,KY,2Day,USPS,Pending,19,7.8,27.33,0.25,12.39,401.84
7001259,3/17/2023,17524,4955,340,WHFL1,MI,2Day,USPS,Delivered,179,7.7,37.59,0.05,47.36,6439.54
7001260,8/16/2024,10626,4928,467,WHWA1,CA,Ground,UPS,Delivered,161,10.71,46.74,0.25,47.57,5691.42
7001261,11/1/2023,11691,1453,391,WHTX1,HI,2Day,UPS,Delivered,56,4.37,69.83,0,21.74,3932.22
7001262,2/6/2025,18283,2176,372,WHTX1,MI,Ground,FedEx,Delivered,97,31.28,76.75,0.05,7.18,7079.69
7001263,11/23/2023,16311,5912,665,WHIL1,NY,2Day,UPS,Delivered,194,17.51,58.71,0,14.25,11403.99
7001264,3/26/2024,13007,1414,583,WHGA1,MS,Ground,UPS,Delivered,52,6.56,68.46,0,58.74,3618.66
7001265,1/14/2023,14303,2551,635,WHGA1,HI,2Day,UPS,Delivered,13,5.11,95.2,0.1,9.25,1123.09
7001266,3/27/2023,11089,5527,440,WHCA1,HI,Ground,UPS,Delivered,140,5.36,92.17,0,25.85,12929.65
7001267,1/12/2024,16008,5991,539,WHWA1,KY,Ground,FedEx,Delivered,62,14.22,175.63,0,30.49,10919.55
7001268,4/24/2024,14612,2947,378,WHCA1,NY,Ground,UPS,Delivered,190,5.45,124.53,0,6.89,23667.59
7001269,8/31/2024,19373,1192,499,WHGA1,ME,Ground,UPS,Delivered,73,8.61,60.75,0,9.08,4443.83
7001270,11/13/2023,17929,1041,317,WHGA1,NE,Ground,USPS,Delivered,4,3.63,93.96,0.05,23.19,380.24
7001271,11/23/2024,14491,2860,518,WHWA1,NY,2Day,USPS,Delivered,64,13.84,80.72,0.05,26.3,4934.08
7001272,4/21/2025,18379,2333,529,WHFL1,MO,2Day,USPS,Delivered,104,14.15,67.32,0.1,14.03,6315.18
7001273,1/17/2025,11598,4450,640,WHWA1,NV,Ground,UPS,InTransit,3,8.95,32.67,0.2,21.83,100.24
7001274,2/16/2023,13748,1136,438,WHGA1,SC,2Day,UPS,Pending,52,11.23,67.22,0,40.3,3535.74
7001275,4/25/2024,12671,5202,447,WHGA1,NE,Ground,UPS,Pending,18,16.12,14.14,0,64.28,318.8
7001276,5/4/2023,18432,5615,510,WHTX1,IN,Ground,UPS,Delivered,89,11.05,127.1,0,2.83,11314.73
7001277,9/30/2023,12581,2942,458,WHCA1,TN,2Day,UPS,Delivered,173,15.98,76.68,0,45.68,13311.32
7001278,9/5/2025,17433,2566,453,WHIL1,RI,Ground,USPS,Delivered,86,4.96,53.67,0.05,9.12,4393.96
7001279,6/17/2023,18331,5222,644,WHWA1,AK,2Day,DHL,InTransit,99,12.55,44.69,0.05,22.47,4225.56
7001280,5/16/2024,12507,1389,630,WHNJ1,KY,2Day,USPS,InTransit,50,11.23,94.87,0,35.2,4778.7
7001281,9/21/2024,14726,2559,683,WHIL1,AL,Ground,FedEx,Delivered,75,20.57,217.15,0.1,3.47,14661.1
7001282,11/27/2024,14301,3122,658,WHWA1,VT,Ground,FedEx,Delivered,72,10.18,78.01,0.05,11.51,5347.39
7001283,7/27/2024,19942,2029,652,WHPA1,NY,Ground,FedEx,Delivered,113,9.43,227.22,0,29.94,25705.8
7001284,1/12/2023,18760,4535,463,WHWA1,ME,Overnight,USPS,Delivered,137,7.16,103.9,0,15.9,14250.2
7001285,12/1/2023,17003,1082,607,WHNJ1,IN,Ground,FedEx,Cancelled,93,24.47,34.14,0.15,16.78,2715.55
7001286,6/7/2024,19074,1776,401,WHTX1,NM,Ground,UPS,Delivered,185,2.43,84.42,0,7.52,15625.22
7001287,4/14/2023,16132,4039,627,WHPA1,LA,Ground,UPS,Delivered,129,13.59,78.84,0.25,8.55,7636.32
7001288,12/14/2023,18832,5374,627,WHCA1,IN,Ground,FedEx,Pending,15,9.88,34.13,0,9.92,521.87
7001289,2/9/2023,14538,3888,455,WHNJ1,WA,2Day,UPS,Delivered,66,8.96,45.1,0,37.37,3013.97
7001290,4/3/2023,12336,2879,310,WHGA1,IN,Ground,USPS,Delivered,151,8.21,44.48,0.05,18.34,6399
7001291,1/17/2024,14322,3272,653,WHPA1,MS,Overnight,FedEx,Delivered,167,9.67,64.36,0,5.71,10753.83
7001292,6/6/2023,12986,2608,483,WHTX1,CA,Ground,FedEx,Delivered,48,13.33,49.32,0.1,31.96,2162.58
7001293,8/4/2024,10560,4140,434,WHWA1,KS,Ground,UPS,Delivered,106,6.21,72.41,0.05,38.26,7329.95
7001294,11/20/2024,10714,1606,306,WHWA1,CA,Ground,FedEx,Delivered,52,10.84,81.11,0.2,3.04,3377.22
7001295,2/10/2025,14594,5736,633,WHNJ1,IL,Overnight,UPS,Delivered,15,12.34,145.72,0.05,43.07,2119.58
7001296,8/17/2023,13989,4415,633,WHGA1,KS,Ground,FedEx,Delivered,145,5.64,88.12,0,6.9,12784.3
7001297,7/17/2023,16204,4666,558,WHPA1,IA,Ground,UPS,Delivered,162,13.53,36.71,0,37.69,5984.71
7001298,5/4/2023,10257,3145,511,WHTX1,NM,Ground,DHL,InTransit,66,12.4,262.99,0,30.86,17388.2
7001299,10/13/2024,18769,5271,351,WHWA1,CA,Ground,FedEx,Delivered,3,6.19,36.87,0.15,13.94,107.96
7001300,11/29/2024,10038,4766,447,WHPA1,MA,Ground,FedEx,Delivered,126,4.9,45.74,0,2.79,5766.03
7001301,2/7/2023,18653,2377,677,WHNJ1,NJ,Ground,USPS,Delivered,62,6.14,91.16,0.05,28.4,5397.72
7001302,7/20/2025,19633,4463,428,WHGA1,MN,Ground,DHL,Delivered,9,10.85,455.34,0,19.33,4117.39
7001303,3/3/2023,11833,1348,558,WHCA1,PA,Ground,UPS,Delivered,23,9.55,79.48,0,36.1,1864.14
7001304,7/5/2024,17601,1001,351,WHFL1,NH,2Day,USPS,InTransit,18,23.08,38.29,0,21.54,710.76
7001305,12/1/2024,15168,1063,454,WHTX1,IL,Ground,UPS,Delivered,98,8.02,19.05,0.05,18.76,1792.32
7001306,5/4/2025,10433,2784,370,WHNJ1,NY,Ground,FedEx,Delivered,37,5.87,18.18,0,25.91,698.57
7001307,12/4/2024,14152,4815,576,WHWA1,WV,Ground,UPS,Delivered,15,14.83,60.46,0,20.23,927.13
7001308,2/11/2025,16412,1226,579,WHGA1,TN,Ground,FedEx,InTransit,156,5.55,87.85,0,45.35,13749.95
7001309,12/8/2023,11752,2043,610,WHCA1,NE,Ground,FedEx,Cancelled,172,6.22,22.21,0.05,16.57,3645.68
7001310,2/27/2025,14998,1845,434,WHPA1,ND,Ground,FedEx,Delivered,16,6.27,70.09,0,38.06,1159.5
7001311,4/5/2023,15721,3681,520,WHGA1,VT,Ground,FedEx,Delivered,28,1.66,23.92,0,29.02,698.78
7001312,6/1/2025,17617,5120,463,WHFL1,WI,Ground,FedEx,Delivered,80,14.05,31.41,0,23.42,2536.22
7001313,7/12/2024,10257,2235,436,WHCA1,NC,Ground,UPS,Pending,18,17.58,93.37,0.05,3.8,1600.43
7001314,3/2/2025,10672,2985,357,WHNJ1,AR,Overnight,USPS,Delivered,19,17.33,35.55,0,18.11,693.56
7001315,3/22/2024,10490,5257,477,WHWA1,LA,Overnight,FedEx,Delivered,42,31,150.12,0.15,6.39,5365.67
7001316,10/21/2024,16890,2279,415,WHGA1,CO,2Day,FedEx,Delivered,169,24.7,39.86,0,12.77,6749.11
7001317,6/18/2024,12097,2595,449,WHFL1,NV,Ground,DHL,Delivered,175,8.18,130.45,0.05,12.03,21699.34
7001318,12/13/2024,11683,3552,541,WHGA1,UT,Ground,UPS,Delivered,133,19.46,292.95,0.1,38.77,35104.88
7001319,4/7/2023,12461,2953,423,WHIL1,NE,2Day,FedEx,Delivered,99,9.43,35.6,0,20.53,3544.93
7001320,3/13/2023,14530,2696,592,WHTX1,MT,Ground,FedEx,InTransit,104,7.74,337.16,0,41.53,35106.17
7001321,10/6/2023,15122,1955,627,WHGA1,MD,Ground,UPS,Delivered,61,6.35,60.57,0.1,5.98,3331.27
7001322,7/7/2023,11976,4292,369,WHFL1,IL,Ground,UPS,Delivered,70,8.52,38.53,0,17.08,2714.18
7001323,5/5/2025,13217,1357,614,WHCA1,NV,Ground,USPS,Delivered,88,12.18,48.77,0,72.44,4364.2
7001324,9/3/2023,19582,4596,363,WHTX1,ND,2Day,UPS,Delivered,107,25.82,45.24,0,24.44,4865.12
7001325,8/26/2025,14516,1969,521,WHNJ1,WI,2Day,FedEx,Delivered,12,15.48,160.07,0,11.02,1931.86
7001326,12/7/2023,15693,1242,316,WHFL1,MN,2Day,FedEx,Pending,27,6.3,150.93,0.05,8.17,3879.52
7001327,8/2/2023,19777,4447,690,WHTX1,GA,2Day,FedEx,Delivered,176,5.34,149.68,0,32.62,26376.3
7001328,1/28/2025,14940,5235,378,WHIL1,DC,Ground,FedEx,InTransit,41,14.07,24.16,0,18.22,1008.78
7001329,11/4/2024,15564,3145,422,WHWA1,NJ,2Day,USPS,Delivered,33,17.18,68.5,0,38.6,2299.1
7001330,5/15/2024,12964,1147,558,WHNJ1,MI,Ground,UPS,Delivered,54,20.89,20.28,0.1,4.59,990.2
7001331,7/22/2024,14530,1543,517,WHGA1,CA,Ground,FedEx,Delivered,35,8.51,121.77,0,0.44,4262.39
7001332,12/6/2024,16787,1692,414,WHFL1,UT,Ground,FedEx,Pending,11,13.25,42.77,0.15,15.26,415.16
7001333,9/14/2023,16201,2026,670,WHPA1,WY,Ground,UPS,Delivered,25,16.71,85.33,0,18.37,2151.62
7001334,9/16/2025,10977,5051,680,WHNJ1,FL,Overnight,DHL,Delivered,89,4.45,42.23,0.05,5.58,3576.13
7001335,8/25/2025,17346,5006,446,WHFL1,TX,Ground,USPS,Delivered,27,11.81,17.55,0,41.57,515.42
7001336,10/29/2024,10046,4360,537,WHWA1,AR,Ground,UPS,Delivered,90,17.2,111.49,0,27.8,10061.9
7001337,8/17/2023,11194,3952,386,WHWA1,TN,Ground,FedEx,Delivered,12,13.58,117.69,0.1,39.52,1310.57
7001338,11/15/2024,14513,1730,467,WHNJ1,AL,Ground,FedEx,Delivered,5,9.53,66.15,0.05,39.76,353.97
7001339,3/27/2023,14944,5500,429,WHIL1,ND,Ground,UPS,Delivered,138,47.87,13.69,0.15,6.45,1612.29
7001340,2/6/2023,16283,3556,465,WHCA1,SD,2Day,USPS,Delivered,113,31.85,101.45,0.05,24.4,10915.06
7001341,10/18/2023,10247,2151,577,WHNJ1,MT,Ground,FedEx,Delivered,94,10.06,35.8,0,30.63,3395.83
7001342,4/4/2024,13220,2736,557,WHFL1,LA,Ground,FedEx,Pending,4,8.92,86.14,0.1,38.46,348.56
7001343,5/1/2025,18984,2039,432,WHWA1,KS,Ground,UPS,Delivered,29,15.22,42.56,0,53.11,1287.35
7001344,12/11/2024,10637,3913,358,WHCA1,MN,Ground,UPS,Delivered,125,9.66,45.73,0,48.16,5764.41
7001345,12/19/2024,13776,5841,557,WHTX1,VA,Ground,UPS,InTransit,17,21.45,85,0,6.69,1451.69
7001346,2/20/2024,12422,3541,441,WHPA1,OK,2Day,FedEx,Delivered,125,4.68,33.77,0.1,20.68,3819.8
7001347,12/12/2023,19281,5415,474,WHIL1,MT,2Day,FedEx,Delivered,79,8.66,53.39,0,16.65,4234.46
7001348,12/25/2023,14184,2243,475,WHWA1,AK,Ground,UPS,Delivered,109,15.09,85.72,0.05,10.37,8886.68
7001349,9/6/2025,10713,1773,509,WHGA1,UT,Ground,UPS,Delivered,90,18.26,273.38,0,14.43,24618.63
7001350,2/17/2023,15846,2917,504,WHWA1,CA,Ground,FedEx,Delivered,53,4.11,56.95,0.1,51.38,2767.9
7001351,4/29/2025,15324,4413,307,WHFL1,NH,Ground,FedEx,Delivered,36,5.64,107.98,0.1,24.35,3522.9
7001352,8/13/2024,16033,3500,351,WHFL1,AR,Ground,FedEx,Delivered,95,3.66,26.42,0,2.18,2512.08
7001353,3/6/2024,13645,4441,559,WHFL1,WA,Ground,FedEx,Delivered,124,5.92,196.49,0.05,3.95,23150.47
7001354,12/10/2024,17774,4546,478,WHNJ1,OH,2Day,UPS,Cancelled,6,4.65,34.08,0,15.91,220.39
7001355,5/2/2024,12109,2214,331,WHPA1,MI,Ground,UPS,Delivered,48,13.82,54.7,0,66.97,2692.57
7001356,5/7/2025,13615,3932,656,WHPA1,WI,Ground,UPS,InTransit,44,11.47,85.82,0.15,6.23,3215.9
7001357,6/8/2025,19435,1419,618,WHCA1,DE,Ground,FedEx,Delivered,75,9.12,34.76,0.2,37.71,2123.31
7001358,2/15/2024,16958,4782,454,WHNJ1,UT,Ground,UPS,Delivered,14,10.16,127.87,0,21.85,1812.03
7001359,11/5/2023,15280,5961,664,WHFL1,MA,Ground,FedEx,Delivered,162,20.47,37.75,0,31.96,6147.46
7001360,8/25/2024,14333,1789,355,WHPA1,DE,2Day,FedEx,Delivered,73,5.35,107.32,0,33.29,7867.65
7001361,6/22/2025,13901,2872,456,WHWA1,CA,Ground,DHL,Delivered,159,3.14,126.69,0.1,64.45,18193.79
7001362,8/26/2023,17940,5591,344,WHFL1,MA,Ground,DHL,Pending,126,15.32,89.95,0.05,35.69,10802.7
7001363,9/27/2024,16964,3026,381,WHFL1,NE,Ground,DHL,Delivered,23,7.91,98.52,0,16.89,2282.85
7001364,10/7/2024,14569,3447,466,WHFL1,PA,Ground,FedEx,Delivered,16,5.43,352.82,0,12.68,5657.8
7001365,12/14/2024,17839,5824,330,WHIL1,CA,Ground,FedEx,Delivered,138,13.94,80.31,0.05,54.31,10582.95
7001366,6/5/2023,11846,1561,622,WHGA1,MA,Ground,FedEx,Delivered,71,3.07,64.8,0,14.65,4615.45
7001367,12/5/2024,10383,3652,436,WHTX1,DE,Ground,USPS,Delivered,3,5.98,75.92,0,25.14,252.9
7001368,6/18/2025,14113,4905,314,WHWA1,MI,Ground,DHL,Delivered,163,2.39,146.1,0,5.35,23819.65
7001369,7/31/2023,17070,1540,657,WHTX1,LA,Overnight,UPS,Delivered,61,11.68,306.38,0.1,6.01,16826.27
7001370,9/25/2023,13811,5756,406,WHCA1,AR,Ground,UPS,Delivered,37,25.71,53.4,0,20.86,1996.66
7001371,8/22/2025,11510,4137,659,WHPA1,AR,Ground,FedEx,Delivered,68,7.09,31.68,0.05,6.02,2052.55
7001372,8/1/2023,17574,4290,618,WHTX1,OR,Ground,FedEx,Cancelled,128,6.22,135.39,0.15,24.16,14754.59
7001373,4/14/2025,11579,3611,375,WHCA1,IA,Ground,FedEx,Delivered,13,29.18,23.11,0,5.89,306.32
7001374,5/8/2024,10880,5913,379,WHGA1,PA,Ground,USPS,Delivered,45,14.57,71.86,0.05,36.45,3108.46
7001375,10/6/2023,12163,2945,494,WHFL1,NE,Ground,FedEx,Delivered,39,41.71,74.26,0.15,15.08,2476.8
7001376,5/4/2025,19765,4146,663,WHWA1,MA,Ground,UPS,Delivered,132,11.01,55.66,0,32.71,7379.83
7001377,3/14/2024,19841,3759,396,WHWA1,WV,2Day,DHL,InTransit,117,11.46,58,0.25,31.93,5121.43
7001378,6/4/2024,17715,4261,340,WHNJ1,VA,Ground,UPS,Delivered,50,23.8,18.87,0,30.05,973.55
7001379,12/19/2023,11360,5108,556,WHIL1,VA,2Day,UPS,Delivered,93,9.15,32.67,0,26.06,3064.37
7001380,8/25/2024,14432,2896,697,WHGA1,WV,2Day,FedEx,Delivered,50,11.6,115.62,0.1,25.48,5228.38
7001381,7/12/2023,18149,3501,407,WHGA1,AR,Ground,UPS,Delivered,77,2.34,14.37,0,16.02,1122.51
7001382,1/10/2024,13961,3830,317,WHTX1,HI,Ground,UPS,Delivered,193,28.37,56.49,0.05,18.95,10376.39
7001383,8/20/2025,13812,4874,315,WHTX1,ME,Ground,UPS,Pending,71,12.64,48.21,0,54.36,3477.27
7001384,10/19/2023,14243,1048,572,WHIL1,ME,Ground,UPS,Delivered,191,9.38,14.87,0.05,38.35,2736.51
7001385,11/3/2024,14218,3365,313,WHWA1,NE,Ground,FedEx,Delivered,110,17.24,196.18,0,19.04,21598.84
7001386,12/1/2023,10081,3257,547,WHNJ1,SC,Ground,UPS,InTransit,14,4.92,29.17,0,9.57,417.95
7001387,1/9/2025,12733,5673,514,WHGA1,TN,2Day,FedEx,Delivered,121,7.18,88.11,0.05,9.11,10137.35
7001388,6/4/2023,17834,1754,451,WHPA1,NV,Ground,UPS,Delivered,19,13.94,43.21,0,23.46,844.45
7001389,8/20/2025,12710,3803,592,WHTX1,CA,Ground,FedEx,Cancelled,70,10.27,33.21,0.1,37.24,2129.47
7001390,3/24/2024,12423,5650,343,WHWA1,WV,Ground,UPS,Delivered,84,13.07,50.86,0.2,31.53,3449.32
7001391,9/23/2023,13642,4653,414,WHGA1,MO,Ground,UPS,Pending,148,11.61,46.75,0,135.51,7054.51
7001392,3/28/2023,10668,1403,630,WHNJ1,AZ,2Day,UPS,Delivered,25,14.6,52.65,0.1,6.72,1191.34
7001393,7/19/2023,12497,3087,381,WHWA1,MT,Ground,UPS,Delivered,143,4.53,34.59,0,10.35,4956.72
7001394,6/10/2024,13500,3228,650,WHCA1,GA,Ground,FedEx,Delivered,163,21.53,29.5,0.15,43.22,4130.44
7001395,12/7/2023,19637,4411,441,WHNJ1,MS,2Day,FedEx,Delivered,11,7.48,121.2,0.15,12.89,1146.11
7001396,3/15/2025,19538,3991,330,WHGA1,NH,2Day,DHL,Delivered,145,10.35,60.29,0,13.93,8755.98
7001397,2/26/2024,18081,5644,330,WHGA1,VT,2Day,USPS,Delivered,31,6.97,57.52,0,66.65,1849.77
7001398,10/8/2023,16824,2150,566,WHIL1,CT,2Day,FedEx,Cancelled,10,8.42,32.15,0.05,33.12,338.54
7001399,9/20/2024,11190,1063,399,WHWA1,UT,Ground,UPS,InTransit,173,11.47,180.63,0.15,30.3,26591.94
7001400,11/30/2024,16605,5940,394,WHWA1,MN,Ground,FedEx,Delivered,49,15.54,56.44,0,3.45,2769.01
7001401,7/16/2023,18651,4154,511,WHWA1,VA,Ground,UPS,Delivered,86,17.17,15.92,0,23.2,1392.32
7001402,7/17/2023,19405,2009,595,WHGA1,NE,Ground,FedEx,Delivered,74,12.96,72.78,0,11.23,5396.95
7001403,2/13/2023,19104,3032,337,WHWA1,TN,Ground,UPS,Delivered,26,6.99,35.14,0.1,12.9,835.18
7001404,12/16/2024,11026,2323,687,WHWA1,FL,2Day,USPS,InTransit,94,12.48,113.51,0,52.06,10722
7001405,11/7/2024,17786,3082,389,WHTX1,UT,Ground,USPS,Delivered,6,11.55,124.12,0.05,9.31,716.79
7001406,4/18/2024,10072,1752,555,WHPA1,AZ,2Day,UPS,Delivered,24,10.36,114.48,0,19.38,2766.9
7001407,4/2/2025,15547,5145,514,WHIL1,IL,Ground,FedEx,Delivered,167,13.78,43.44,0.15,23.87,6190.18
7001408,2/16/2025,12686,1658,314,WHGA1,CO,Ground,FedEx,Delivered,171,4.65,55.44,0,15.03,9495.27
7001409,8/19/2024,19386,2661,492,WHWA1,PA,Ground,UPS,Delivered,63,2.96,71.41,0.2,8.96,3608.02
7001410,5/1/2025,17373,1701,595,WHNJ1,MA,Ground,USPS,Delivered,20,20.42,112.08,0,22.65,2264.25
7001411,8/22/2023,11849,2081,482,WHGA1,ME,Ground,UPS,Delivered,54,9.24,29.02,0,22.64,1589.72
7001412,5/12/2023,12023,3157,430,WHNJ1,MO,Ground,UPS,Delivered,143,12.83,64.06,0,28.14,9188.72
7001413,11/1/2023,16339,2541,524,WHNJ1,RI,Ground,FedEx,Delivered,8,5.94,221.83,0,37.14,1811.78
7001414,3/9/2023,13742,4033,343,WHGA1,AR,Overnight,UPS,InTransit,15,21.33,41.25,0.05,11.15,598.96
7001415,6/23/2024,11299,2984,481,WHNJ1,MI,Ground,UPS,Delivered,149,12.34,58.91,0.1,8.26,7908.09
7001416,7/20/2025,14103,1315,687,WHPA1,CA,Ground,FedEx,Delivered,53,8.98,373.82,0.05,21.08,18842.92
7001417,2/16/2023,10905,4082,469,WHCA1,AL,Ground,FedEx,Delivered,10,11.87,50.68,0.2,9.17,414.61
7001418,5/24/2023,13027,5734,564,WHIL1,WY,Ground,FedEx,Delivered,17,3.52,20.43,0,33.64,380.95
7001419,3/22/2024,16710,3315,396,WHGA1,KY,2Day,FedEx,InTransit,145,12.51,57.64,0.2,16.97,6703.21
7001420,7/17/2025,14712,3136,503,WHFL1,FL,2Day,UPS,InTransit,64,24.4,193.52,0,49.76,12435.04
7001421,11/26/2023,18022,2650,621,WHCA1,FL,2Day,FedEx,Pending,19,12.08,125.72,0.1,11.7,2161.51
7001422,5/26/2024,15970,4220,635,WHWA1,MS,Ground,UPS,Cancelled,148,11.18,30.22,0,22.89,4495.45
7001423,2/18/2023,12621,4801,688,WHNJ1,GA,Ground,DHL,InTransit,134,8.27,80.25,0,14.06,10767.56
7001424,6/24/2023,12647,3479,368,WHNJ1,MD,2Day,UPS,Delivered,3,19.15,53.05,0,6.86,166.01
7001425,9/5/2025,14866,5068,392,WHIL1,KY,Overnight,UPS,Delivered,78,20.93,105.93,0.1,14.29,7450.58
7001426,8/16/2025,17346,2776,566,WHCA1,IL,Overnight,USPS,Delivered,29,7.72,39,0.05,11.07,1085.52
7001427,1/6/2023,12290,2967,631,WHCA1,NH,Ground,DHL,Cancelled,71,12.4,84.82,0,8.9,6031.12
7001428,8/5/2025,17371,2768,478,WHGA1,OK,Ground,USPS,Delivered,34,11.5,228.5,0.15,4.33,6607.98
7001429,10/16/2024,13873,4816,451,WHWA1,MN,Ground,UPS,Delivered,39,12.73,9.64,0.15,36.63,356.2
7001430,4/30/2025,19678,1242,617,WHNJ1,NE,2Day,FedEx,Pending,82,6.29,90.86,0,14.88,7465.4
7001431,3/25/2024,17691,5798,347,WHFL1,LA,2Day,UPS,Delivered,71,19.85,151.06,0.1,134.07,9786.8
7001432,6/5/2024,11441,3950,303,WHTX1,LA,2Day,USPS,Delivered,50,14.04,20.18,0,27.24,1036.24
7001433,5/4/2024,10766,5837,403,WHWA1,FL,Ground,UPS,InTransit,13,20.57,36.23,0.1,9.02,432.91
7001434,11/8/2024,14093,5877,573,WHFL1,AZ,Ground,UPS,InTransit,179,5.12,45.55,0,19.05,8172.5
7001435,6/14/2023,19342,3257,322,WHGA1,CT,Ground,FedEx,InTransit,21,5.3,35.97,0,15.54,770.91
7001436,2/5/2023,12667,5112,416,WHGA1,IA,Ground,UPS,InTransit,88,34.41,34.13,0.05,14.52,2867.79
7001437,11/21/2023,18656,4369,647,WHGA1,NJ,Ground,FedEx,Delivered,10,19.9,46.16,0,25.01,486.61
7001438,11/28/2024,15969,1367,404,WHIL1,FL,2Day,USPS,Delivered,98,6.13,108.91,0,17.62,10690.8
7001439,8/19/2023,17642,3828,559,WHIL1,SD,Ground,FedEx,Delivered,11,16.84,169.98,0.05,26.09,1802.38
7001440,11/12/2024,12182,2253,608,WHWA1,NE,Ground,UPS,InTransit,28,7.56,149.34,0.05,14.03,3986.47
7001441,8/20/2025,19835,3488,667,WHGA1,OK,Ground,USPS,Delivered,90,3.61,120.3,0.05,6.87,10292.52
7001442,4/21/2023,13889,5786,598,WHPA1,LA,Ground,UPS,Delivered,34,2.84,216.33,0.05,21.34,7008.8
7001443,11/12/2024,10841,4604,430,WHTX1,NM,Ground,UPS,Delivered,70,9.87,248.71,0,13.01,17422.71
7001444,3/12/2024,15900,4522,595,WHCA1,KY,Overnight,FedEx,Delivered,15,25.51,67.4,0,41.9,1052.9
7001445,5/1/2025,14119,5943,602,WHCA1,CO,Ground,UPS,Delivered,24,24.91,163.37,0.1,20.15,3548.94
7001446,7/28/2023,10566,5518,348,WHNJ1,RI,Ground,UPS,InTransit,107,21.3,80.73,0.1,6.22,7780.52
7001447,11/22/2024,16006,2644,327,WHCA1,MO,2Day,UPS,Delivered,4,16.45,51.57,0,7.63,213.91
7001448,3/26/2025,19157,2213,315,WHFL1,TN,Ground,USPS,Delivered,13,12.1,57.95,0.1,31.73,709.74
7001449,7/30/2025,19188,5704,563,WHCA1,TN,Ground,USPS,Delivered,26,19.96,121.89,0,4.02,3173.16
7001450,11/17/2024,17227,1020,665,WHTX1,PA,Ground,FedEx,Delivered,3,2.99,167.38,0,45.13,547.27
7001451,5/14/2024,19380,1676,598,WHCA1,PA,Ground,UPS,Delivered,11,18.11,90.08,0,3.86,994.74
7001452,9/21/2024,15891,5478,565,WHFL1,NM,Ground,UPS,Delivered,34,5.1,45.47,0.05,15.38,1484.06
7001453,5/1/2025,14312,1609,661,WHTX1,DC,Ground,UPS,Pending,11,5.78,42.59,0,61.34,529.83
7001454,8/6/2024,17737,1062,434,WHIL1,NH,2Day,UPS,InTransit,140,15.18,16.4,0.1,30.72,2097.12
7001455,2/5/2023,18849,2266,376,WHTX1,SC,Ground,UPS,InTransit,8,17.46,77.25,0.15,27.3,552.6
7001456,7/14/2025,12983,3286,330,WHIL1,FL,Ground,FedEx,Delivered,138,6.94,73.65,0.2,7.32,8138.28
7001457,11/20/2024,19306,2155,640,WHTX1,AL,Ground,FedEx,InTransit,128,14.74,28.88,0,55.64,3752.28
7001458,11/13/2024,16084,2629,426,WHGA1,KS,Ground,UPS,InTransit,12,14.02,83.56,0.15,27.82,880.13
7001459,8/30/2023,10557,2627,384,WHFL1,PA,Ground,FedEx,Cancelled,3,8.3,82.58,0,60.46,308.2
7001460,11/4/2024,13020,4717,354,WHPA1,MN,2Day,FedEx,Delivered,6,10.97,21.24,0.05,9.22,130.29
7001461,1/14/2024,12581,2443,666,WHWA1,DE,Ground,FedEx,Delivered,80,34.85,47.9,0.15,12.92,3270.12
7001462,10/30/2024,18147,2654,583,WHIL1,WA,Ground,UPS,Delivered,95,8.45,160.88,0.05,6.83,14526.25
7001463,5/6/2023,18244,3503,640,WHIL1,ID,2Day,USPS,Pending,85,8.62,38.52,0,11.74,3285.94
7001464,11/4/2024,19554,4270,563,WHCA1,GA,Ground,FedEx,Delivered,72,10.94,60.75,0,12.26,4386.26
7001465,9/20/2025,19387,1282,660,WHIL1,KS,Ground,UPS,Delivered,21,8.96,67.13,0.05,35.46,1374.7
7001466,2/26/2023,14020,5982,522,WHTX1,WA,Ground,FedEx,Delivered,133,16.07,58.9,0.15,16.83,6675.48
7001467,8/27/2025,13139,2025,628,WHGA1,TX,Ground,UPS,InTransit,40,24.15,97.17,0.15,28.58,3332.36
7001468,1/29/2024,19841,5819,302,WHGA1,MS,Ground,FedEx,Pending,189,8.62,115.47,0,25.09,21848.92
7001469,5/4/2025,10672,4404,698,WHCA1,RI,Ground,FedEx,Delivered,48,5.98,145.41,0,5.6,6985.28
7001470,1/20/2025,10778,2236,694,WHTX1,DE,Ground,FedEx,InTransit,32,32.71,48.18,0,26.12,1567.88
7001471,8/3/2024,14928,5183,606,WHTX1,HI,Ground,FedEx,Delivered,148,10.75,86.58,0,27.57,12841.41
7001472,12/17/2024,13023,5761,446,WHNJ1,SD,Ground,FedEx,Delivered,76,3.6,108.01,0,25.73,8234.49
7001473,5/13/2025,11861,5958,318,WHWA1,MT,Ground,UPS,Pending,105,30.57,55.23,0.05,16.58,5525.77
7001474,1/26/2024,13140,1786,316,WHIL1,CT,Ground,UPS,InTransit,52,19.65,36.27,0.1,59.56,1757
7001475,12/1/2023,11075,4318,608,WHCA1,IA,Ground,UPS,Delivered,146,26.14,66.34,0,40.35,9725.99
7001476,11/9/2024,19909,2668,459,WHGA1,IA,Ground,UPS,Delivered,156,23.64,39.26,0.1,8.65,5520.75
7001477,2/19/2025,19476,4009,640,WHFL1,WV,Ground,UPS,Delivered,56,48.89,36.65,0.05,62.55,2012.33
7001478,12/30/2024,16764,4195,652,WHPA1,AZ,Ground,FedEx,Delivered,29,5.37,70,0,20.14,2050.14
7001479,2/7/2025,11987,5790,598,WHNJ1,KS,Ground,UPS,Delivered,90,6.2,52.59,0.05,16.23,4512.67
7001480,3/3/2024,19194,4776,509,WHWA1,IA,Ground,FedEx,Delivered,171,7.44,67.84,0.1,7.88,10448.46
7001481,3/2/2025,16328,3447,505,WHTX1,MO,Ground,FedEx,Pending,86,7.32,20.26,0,19.07,1761.43
7001482,5/22/2023,11047,4791,413,WHIL1,NC,2Day,UPS,Delivered,171,10.77,53.06,0,31.45,9104.71
7001483,7/9/2024,12177,1534,478,WHGA1,IN,Ground,FedEx,Delivered,43,7.45,12.33,0,15.54,545.73
7001484,1/7/2023,12339,1402,509,WHFL1,MS,Overnight,DHL,Delivered,155,4.9,28.86,0,30.44,4503.74
7001485,11/30/2023,10501,4664,424,WHNJ1,HI,2Day,UPS,InTransit,13,5.92,56.38,0.15,54.15,677.15
7001486,12/23/2023,12234,1130,315,WHTX1,AZ,Overnight,USPS,Delivered,45,8.38,140.26,0,51.01,6362.71
7001487,1/16/2024,14609,3340,646,WHGA1,FL,2Day,FedEx,Delivered,64,19.87,87.37,0.05,17.81,5329.91
7001488,11/24/2024,17235,5372,598,WHGA1,CO,Ground,FedEx,Delivered,91,7.08,63.91,0.15,27.09,4970.53
7001489,1/8/2024,17973,3960,345,WHTX1,NM,Ground,UPS,Delivered,36,16.26,46.09,0.1,20.23,1513.55
7001490,3/18/2024,16611,2859,394,WHTX1,KS,Ground,FedEx,Delivered,159,4.53,50.35,0,34.92,8040.57
7001491,9/25/2023,10601,3974,407,WHCA1,HI,2Day,FedEx,Delivered,151,1.47,149.66,0.1,30.18,20368.97
7001492,12/26/2023,14285,5151,578,WHGA1,WY,Ground,FedEx,Delivered,122,9.23,27.66,0.05,17.72,3223.51
7001493,9/13/2023,19181,4650,428,WHTX1,KY,Ground,USPS,Delivered,14,6.93,36.11,0,24.28,529.82
7001494,3/28/2023,14484,3787,338,WHPA1,WI,Ground,FedEx,Delivered,9,5.89,126.61,0.05,27.27,1109.79
7001495,9/4/2024,15902,4098,397,WHWA1,AZ,Ground,UPS,Cancelled,65,5.49,47.16,0.1,51.46,2810.32
7001496,11/9/2024,16130,4513,498,WHFL1,ME,Ground,UPS,InTransit,114,6.54,233.16,0,19.95,26600.19
7001497,9/23/2024,11755,5861,492,WHFL1,MS,Ground,UPS,Delivered,15,5.53,97.3,0.1,32.58,1346.13
7001498,4/5/2024,12465,2221,657,WHPA1,WA,Ground,USPS,Delivered,89,5.84,134.67,0,16.73,12002.36
7001499,12/30/2023,14483,1642,307,WHFL1,TN,2Day,UPS,Delivered,70,4.43,19.23,0,23.78,1369.88
7001500,4/25/2025,19687,4315,344,WHNJ1,DE,2Day,UPS,Delivered,106,2.79,125.96,0,18.25,13370.01
7001501,6/9/2024,19045,1724,632,WHFL1,WI,2Day,UPS,Cancelled,56,2.66,33.11,0.05,9.47,1770.92
7001502,4/23/2024,17401,5898,307,WHIL1,OK,Ground,USPS,Delivered,99,43.78,99.03,0,5.61,9809.58
7001503,1/31/2023,16807,1738,494,WHFL1,SC,2Day,FedEx,Pending,19,9.63,46.51,0,15.41,899.1
7001504,12/9/2023,18644,5854,616,WHPA1,AK,Ground,DHL,Cancelled,26,24.96,70.13,0,17.95,1841.33
7001505,12/30/2023,17397,2300,301,WHCA1,MN,2Day,FedEx,Delivered,151,8.99,27.66,0.1,26.69,3785.68
7001506,1/19/2024,17339,4481,362,WHTX1,SC,Ground,USPS,Delivered,41,9.17,17.99,0,36.57,774.16
7001507,8/14/2024,19951,1340,643,WHIL1,NJ,Ground,UPS,Delivered,189,12.02,66.67,0.05,10.96,11981.56
7001508,6/26/2024,15242,1153,389,WHCA1,MO,2Day,UPS,Delivered,6,14.68,48.85,0.05,15.14,293.58
7001509,9/9/2024,17395,2422,318,WHGA1,CT,Ground,UPS,InTransit,65,4.73,32.09,0,31.61,2117.46
7001510,12/31/2024,16438,4052,408,WHIL1,NV,Ground,FedEx,Delivered,40,7.96,18.48,0,21.04,760.24
7001511,2/25/2025,14696,1427,435,WHPA1,SD,Ground,FedEx,Delivered,197,12.01,9.22,0,9.33,1825.67
7001512,12/6/2024,12589,4559,671,WHCA1,WY,Ground,UPS,Pending,192,3.13,86.56,0.05,22.82,15811.36
7001513,8/8/2025,11783,2136,610,WHTX1,KY,Ground,UPS,Cancelled,28,21.78,50.19,0.15,9.92,1204.44
7001514,1/22/2023,15948,3373,367,WHTX1,NY,Ground,FedEx,Delivered,32,18.92,39.32,0,30.56,1288.8
7001515,8/14/2023,16595,4330,393,WHFL1,AL,Ground,UPS,InTransit,111,2.83,69.64,0.1,60.21,7017.25
7001516,1/9/2023,13521,1950,438,WHCA1,NE,Ground,FedEx,Delivered,147,5.9,122.05,0.1,32.13,16179.34
7001517,10/26/2024,19972,2374,489,WHGA1,UT,Ground,UPS,InTransit,93,10.65,72.46,0,45.5,6784.28
7001518,6/5/2025,13219,1957,359,WHFL1,OK,Ground,FedEx,Delivered,139,16.57,44,0.05,6.54,5816.74
7001519,10/2/2023,13758,2702,487,WHPA1,WI,Ground,FedEx,Cancelled,8,24.98,266.96,0.05,24.49,2053.39
7001520,7/9/2025,14017,3942,535,WHCA1,CT,Ground,FedEx,Delivered,89,6.82,38.45,0,31.8,3453.85
7001521,3/13/2023,12838,3483,369,WHNJ1,AZ,Ground,UPS,Delivered,100,40.67,22.37,0,6.04,2243.04
7001522,7/18/2025,16001,2304,398,WHCA1,NJ,Ground,UPS,Delivered,23,9.71,64.34,0,24.05,1503.87
7001523,12/15/2023,17035,1371,308,WHCA1,AL,Overnight,USPS,Delivered,117,8.74,50.17,0.05,24.6,5601
7001524,4/30/2023,17310,3981,611,WHPA1,DC,2Day,FedEx,Delivered,167,14.01,116.43,0,5.71,19449.52
7001525,5/1/2024,14240,3297,434,WHTX1,ND,Ground,FedEx,Pending,150,12.05,41.51,0,20.8,6247.3
7001526,10/17/2023,14429,5799,685,WHFL1,PA,Ground,FedEx,InTransit,30,11.65,53.45,0.1,26.92,1470.07
7001527,11/9/2023,19612,3126,356,WHGA1,TX,Ground,UPS,InTransit,40,33.12,32.73,0,32.02,1341.22
7001528,11/21/2023,14151,3967,660,WHFL1,OK,Ground,USPS,InTransit,65,11.6,105.6,0,7.26,6871.26
7001529,2/13/2025,19523,5146,414,WHCA1,NC,Ground,FedEx,Cancelled,19,5.54,66.34,0,3.4,1263.86
7001530,7/3/2024,11447,3743,388,WHIL1,TX,2Day,FedEx,InTransit,171,6.04,49.49,0,24.22,8487.01
7001531,11/23/2023,19633,5022,438,WHTX1,KS,Ground,USPS,Delivered,19,24.2,54.02,0.05,15.92,990.98
7001532,9/12/2024,16469,3365,408,WHTX1,PA,Ground,UPS,InTransit,113,15.07,59.11,0,45.76,6725.19
7001533,12/5/2024,15791,1763,323,WHWA1,HI,Ground,FedEx,Delivered,42,3.93,21.94,0,74.34,995.82
7001534,11/2/2023,14176,5063,444,WHCA1,DE,Ground,DHL,Cancelled,77,3.82,135.4,0,33.52,10459.32
7001535,2/6/2024,15081,2005,657,WHPA1,AL,Ground,UPS,Delivered,6,10.15,129.95,0,55.74,835.44
7001536,5/24/2023,10865,4756,444,WHIL1,IN,Ground,UPS,Delivered,25,14.48,61.73,0,12.89,1556.14
7001537,8/1/2023,16861,3847,356,WHCA1,NJ,Ground,FedEx,Delivered,57,6.66,57.28,0,32.85,3297.81
7001538,11/16/2024,18664,1350,408,WHIL1,MA,Ground,UPS,Delivered,96,3.65,29.86,0.05,11.74,2734.97
7001539,8/2/2023,16218,3965,651,WHTX1,MA,Ground,USPS,Delivered,117,5.09,201.04,0,35.28,23556.96
7001540,6/16/2024,15673,1687,306,WHIL1,ND,2Day,UPS,Cancelled,4,26.84,169.72,0,28.14,707.02
7001541,12/1/2024,11503,5638,330,WHFL1,PA,2Day,FedEx,Delivered,18,13.47,79.08,0.1,36.52,1317.62
7001542,5/6/2023,14685,4127,685,WHCA1,MT,2Day,UPS,Delivered,106,18.22,106.52,0,9.16,11300.28
7001543,8/4/2024,11411,5457,607,WHNJ1,SD,Ground,UPS,Delivered,125,20.12,141.98,0,32.29,17779.79
7001544,10/17/2023,13771,3756,662,WHNJ1,IN,Ground,USPS,Delivered,28,6.87,123.17,0.05,43.61,3319.93
7001545,8/14/2025,14660,4525,645,WHIL1,SC,Overnight,FedEx,Delivered,28,7.99,32.95,0,27.2,949.8
7001546,4/28/2024,14002,4625,427,WHPA1,OH,Ground,UPS,Delivered,10,9.04,48.26,0,24.03,506.63
7001547,2/17/2025,13484,3733,602,WHCA1,TN,Ground,UPS,Delivered,18,12.84,83.27,0,13.79,1512.65
7001548,7/16/2024,14563,2694,421,WHGA1,LA,Ground,FedEx,Delivered,1,19.23,69.18,0,99.52,168.7
7001549,2/21/2023,10599,3893,399,WHNJ1,MD,Ground,USPS,Delivered,80,30.71,101.64,0,23.69,8154.89
7001550,10/9/2024,19184,4812,466,WHWA1,FL,Ground,FedEx,InTransit,152,16.3,94.16,0,21.91,14334.23
7001551,8/5/2025,13042,5181,625,WHTX1,SD,Ground,FedEx,Delivered,18,16.37,71.32,0,20.29,1304.05
7001552,9/2/2024,18161,1685,619,WHFL1,DC,Ground,UPS,Delivered,111,31.77,9.7,0.25,15.18,822.7
7001553,3/4/2025,16392,5341,541,WHCA1,VT,Ground,USPS,Delivered,77,8.84,136.36,0,33.4,10533.12
7001554,5/20/2025,17288,3920,350,WHCA1,NC,Ground,FedEx,Delivered,165,20.41,107.95,0,37.58,17849.33
7001555,9/14/2023,10067,4757,568,WHFL1,WI,Ground,FedEx,Delivered,122,14.15,255.39,0,34.1,31191.68
7001556,8/28/2023,18124,4284,625,WHNJ1,AR,Ground,FedEx,Delivered,136,14.46,42.95,0,70.45,5911.65
7001557,9/13/2024,12751,5692,373,WHFL1,AR,Ground,FedEx,Cancelled,89,8.79,16.52,0,8.29,1478.57
7001558,2/3/2024,18662,5027,600,WHFL1,WV,Ground,USPS,Delivered,125,4.33,52.88,0.05,21.45,6300.95
7001559,3/28/2025,19917,2157,352,WHGA1,KS,Ground,FedEx,Delivered,44,12.3,82.6,0.1,4.34,3275.3
7001560,6/7/2025,16807,4062,565,WHWA1,WA,Ground,USPS,Delivered,25,12.33,44.03,0,19.68,1120.43
7001561,12/16/2023,16430,5446,527,WHFL1,MT,Ground,FedEx,Delivered,155,7.08,156.74,0,35.2,24329.9
7001562,9/24/2023,18124,3330,493,WHTX1,CO,Ground,FedEx,Delivered,107,9.44,37.8,0.25,9.14,3042.59
7001563,1/17/2025,11632,2293,674,WHGA1,OR,Ground,USPS,Delivered,11,5.89,55.91,0.1,6.32,559.83
7001564,11/4/2023,16453,2885,539,WHTX1,MI,Ground,UPS,Pending,140,5.92,50.51,0,5.66,7077.06
7001565,3/8/2025,10775,2561,310,WHNJ1,TN,Ground,UPS,Delivered,43,7.49,418.37,0.15,5.68,15297.1
7001566,2/18/2024,16108,1984,602,WHCA1,RI,2Day,FedEx,Delivered,36,4.51,31.82,0.05,38.53,1126.77
7001567,11/9/2024,17805,3068,659,WHTX1,CT,Ground,USPS,InTransit,86,7.05,90.28,0,7.68,7771.76
7001568,4/23/2023,19679,2864,528,WHCA1,TN,Ground,UPS,Delivered,76,15.35,25.88,0.1,36.16,1806.35
7001569,9/28/2024,14020,2980,593,WHIL1,NJ,Ground,UPS,Delivered,71,23.96,76.28,0.05,16.92,5162.01
7001570,3/22/2024,10930,2737,352,WHIL1,GA,2Day,UPS,Delivered,31,34.74,30.76,0.1,10.36,868.56
7001571,8/20/2024,13013,3453,540,WHWA1,IA,Ground,UPS,Delivered,174,7.87,129.58,0,24.54,22571.46
7001572,7/17/2023,15025,2919,399,WHNJ1,CO,Ground,UPS,InTransit,169,20.55,113.3,0.1,19.28,17252.21
7001573,12/16/2024,16265,1701,381,WHWA1,MS,2Day,FedEx,Delivered,1,12.23,72.56,0,13.32,85.88
7001574,4/24/2025,17974,5047,313,WHNJ1,AK,Ground,USPS,Delivered,42,8.67,22.65,0.05,3.83,907.56
7001575,8/31/2023,19698,3074,690,WHPA1,SC,Ground,FedEx,Delivered,6,12.73,57.81,0,11.7,358.56
7001576,4/23/2023,14730,5662,657,WHNJ1,IA,Ground,UPS,Delivered,135,19.37,48.49,0,15.22,6561.37
7001577,1/28/2023,17962,4754,428,WHIL1,MA,2Day,USPS,Delivered,146,7.42,107.3,0.1,20,14119.22
7001578,10/19/2024,12820,1395,604,WHTX1,LA,Ground,FedEx,Delivered,68,7.31,31.9,0,21.34,2190.54
7001579,9/8/2024,16656,2957,311,WHFL1,CA,Ground,UPS,InTransit,132,7.82,134.68,0.15,11.91,15123.01
7001580,7/11/2024,11185,4049,381,WHFL1,MO,2Day,UPS,Delivered,101,6.87,118.1,0,25.49,11953.59
7001581,9/18/2023,18481,4453,561,WHFL1,OK,Ground,FedEx,Delivered,65,20.53,22.93,0.05,32.03,1447.96
7001582,1/10/2024,16344,1523,306,WHGA1,GA,Ground,FedEx,Delivered,45,6.32,51.45,0,52.5,2367.75
7001583,8/27/2024,10528,2563,673,WHFL1,DC,Ground,FedEx,Delivered,32,7.03,57.88,0.05,36.67,1796.22
7001584,5/14/2024,10917,3910,522,WHNJ1,VA,Overnight,UPS,Cancelled,31,12.05,121.33,0.05,4.96,3578.13
7001585,9/6/2025,19901,3850,598,WHFL1,MN,Ground,USPS,Delivered,75,11.48,37.1,0.1,37.81,2542.06
7001586,6/10/2023,13575,1550,381,WHGA1,MS,Overnight,UPS,InTransit,20,7.82,69.38,0.1,49.9,1298.74
7001587,11/23/2024,13320,2469,303,WHGA1,VT,Ground,FedEx,Delivered,21,27.46,129.5,0,58.49,2777.99
7001588,1/26/2024,11407,1833,360,WHIL1,GA,2Day,FedEx,Pending,2,6.85,71.54,0.05,7.09,143.02
7001589,2/23/2024,11242,5483,521,WHPA1,CO,Ground,UPS,Delivered,84,9.02,16.35,0.1,17.39,1253.45
7001590,12/5/2024,15207,2422,649,WHTX1,IL,2Day,UPS,Delivered,195,3.15,42.44,0.1,4.79,7453.01
7001591,11/22/2024,17250,1286,349,WHIL1,MA,Ground,UPS,InTransit,147,8.33,112.99,0.15,17.26,14135.36
7001592,9/10/2025,13134,3746,528,WHNJ1,NY,Ground,UPS,InTransit,101,4.52,103.53,0.1,10.69,9421.57
7001593,6/1/2023,10799,4766,590,WHIL1,TX,Ground,UPS,Delivered,119,5.77,12.43,0.05,22.61,1427.82
7001594,5/3/2023,11524,5465,593,WHIL1,IA,Ground,FedEx,Delivered,53,3.09,69.05,0.05,32.8,3509.47
7001595,12/9/2024,17210,2446,598,WHIL1,AK,Ground,FedEx,Delivered,36,5.85,116.34,0.1,18.16,3787.58
7001596,8/13/2024,14929,2467,493,WHNJ1,IA,2Day,FedEx,Delivered,46,9.56,87.5,0.1,76.71,3699.21
7001597,11/3/2023,12889,2777,557,WHNJ1,DC,Ground,FedEx,Delivered,10,8.64,94.81,0,30.56,978.66
7001598,4/4/2023,12691,4656,688,WHWA1,KY,Ground,USPS,Delivered,88,7.8,254.16,0.1,30.34,20159.81
7001599,4/11/2023,14092,1915,403,WHIL1,MD,Ground,USPS,Delivered,21,8.23,58.2,0.15,32.17,1071.04
7001600,5/31/2025,17283,1288,698,WHIL1,WY,Ground,UPS,Delivered,114,7.39,74.27,0,5.88,8472.66
7001601,8/10/2023,19434,5191,666,WHGA1,CO,2Day,FedEx,Delivered,23,9.79,31.08,0,32.86,747.7
7001602,11/30/2023,16250,3089,446,WHWA1,IA,2Day,UPS,Pending,27,9.36,38.48,0,11.15,1050.11
7001603,9/12/2023,10691,5427,590,WHTX1,KY,Overnight,UPS,Delivered,173,11.79,47.56,0,29.04,8256.92
7001604,12/17/2023,18720,2805,557,WHGA1,MT,Ground,FedEx,Delivered,13,8.86,108.76,0.15,20.71,1222.51
7001605,3/23/2023,11496,2179,609,WHPA1,MI,Ground,FedEx,Pending,65,7.71,35.55,0,18.1,2328.85
7001606,6/9/2024,10893,3552,578,WHTX1,FL,Ground,FedEx,Delivered,8,15.95,142.39,0.05,11.08,1093.24
7001607,3/21/2023,18579,5371,489,WHWA1,ID,Ground,UPS,Delivered,11,14.36,27.91,0.1,15.49,291.8
7001608,2/10/2025,19442,2589,478,WHPA1,MI,Overnight,UPS,Delivered,88,9.81,93.88,0.1,18.93,7454.23
7001609,9/20/2023,15874,2957,316,WHTX1,MN,Ground,USPS,Delivered,87,20.48,88.3,0,12.32,7694.42
7001610,7/4/2024,14504,2776,675,WHIL1,OR,Ground,UPS,Delivered,23,10.51,71.85,0,3.6,1656.15
7001611,5/15/2025,10898,5863,386,WHWA1,IN,Ground,UPS,Delivered,142,9.08,119.53,0,33.44,17006.7
7001612,10/30/2024,10711,1988,548,WHWA1,MS,Ground,UPS,Pending,101,9.6,35.68,0,12.08,3615.76
7001613,6/25/2024,13696,2204,517,WHGA1,DE,Ground,DHL,Delivered,37,11.04,43.3,0,15.57,1617.67
7001614,11/30/2023,12687,4331,342,WHTX1,MT,2Day,UPS,InTransit,30,5.77,30.57,0,18.09,935.19
7001615,12/5/2023,17189,2120,494,WHPA1,NY,Ground,FedEx,Delivered,112,3.25,60.38,0,59.57,6822.13
7001616,11/10/2024,15779,1197,627,WHTX1,NV,Overnight,FedEx,Delivered,107,11.84,55.17,0,34.98,5938.17
7001617,9/14/2025,17769,4976,673,WHNJ1,NY,Ground,FedEx,Delivered,18,16.49,109.27,0,2.38,1969.24
7001618,11/6/2024,15014,1526,463,WHTX1,MI,Ground,USPS,Delivered,43,5.48,78.66,0.1,40.71,3084.85
7001619,7/25/2024,14513,5728,576,WHFL1,WI,Ground,FedEx,InTransit,26,19.04,97.22,0.05,4.23,2405.56
7001620,12/12/2024,10416,2411,664,WHIL1,FL,Ground,DHL,Delivered,36,3.72,52.27,0.05,25.42,1813.05
7001621,4/7/2024,19664,5504,430,WHCA1,AZ,Ground,FedEx,Delivered,35,7.15,79.7,0.1,28.01,2538.56
7001622,3/12/2023,14181,2293,563,WHNJ1,MO,Ground,UPS,Delivered,183,27.83,213.42,0,7.83,39063.69
7001623,7/30/2024,14263,2195,477,WHCA1,RI,Ground,UPS,Delivered,111,12.38,23.39,0.1,10.93,2347.59
7001624,8/10/2025,12516,2949,565,WHWA1,ID,Ground,USPS,InTransit,117,8.34,16.56,0,13.27,1950.79
7001625,7/26/2023,19288,4656,327,WHIL1,NH,Ground,FedEx,InTransit,34,11.63,93.71,0,11.89,3198.03
7001626,11/21/2024,19002,5787,686,WHFL1,AZ,Ground,FedEx,InTransit,1,20.5,33.13,0,6.21,39.34
7001627,8/18/2023,15641,3218,385,WHWA1,SD,Overnight,FedEx,Delivered,7,4.2,22.81,0,29.74,189.41
7001628,6/29/2024,16617,5255,496,WHCA1,VA,2Day,FedEx,Delivered,74,22.05,87.19,0,6.68,6458.74
7001629,4/24/2023,10993,4581,616,WHWA1,MN,Ground,UPS,Delivered,35,7.45,29.7,0.2,15.05,846.65
7001630,3/20/2024,19474,2018,543,WHTX1,MN,Ground,UPS,Delivered,23,15.3,176.21,0.05,13.11,3863.3
7001631,12/26/2024,14371,4154,668,WHCA1,LA,Ground,FedEx,Delivered,6,6.92,66.95,0,13.67,415.37
7001632,12/13/2023,11774,4591,642,WHGA1,HI,Ground,UPS,Cancelled,143,27.46,52.07,0.05,16.58,7090.29
7001633,11/7/2024,13562,5208,477,WHIL1,OK,Ground,UPS,Cancelled,82,9.81,33.76,0.1,19.36,2510.85
7001634,2/4/2025,13817,5070,430,WHGA1,MT,Ground,FedEx,Pending,13,4.51,69.75,0,0.33,907.08
7001635,7/9/2025,16634,1048,445,WHCA1,DE,Ground,UPS,Delivered,114,13.26,19.7,0.05,7.47,2140.98
7001636,9/21/2023,11757,4664,383,WHWA1,NV,Ground,UPS,Delivered,112,21.83,10.66,0.15,41.82,1056.65
7001637,1/20/2024,12374,5472,660,WHFL1,LA,2Day,USPS,InTransit,35,20.4,20.22,0.05,31.58,703.9
7001638,6/29/2023,12577,1828,388,WHWA1,IL,Ground,FedEx,Delivered,22,10.58,133,0.05,2.23,2781.93
7001639,9/12/2025,19084,5723,320,WHWA1,OK,Ground,UPS,Delivered,126,16.28,31.42,0.1,9.25,3572.28
7001640,7/9/2025,14185,3090,530,WHGA1,TN,2Day,USPS,Delivered,41,7.77,21.98,0.05,17.32,873.44
7001641,7/4/2024,18900,3057,426,WHNJ1,SC,2Day,FedEx,InTransit,134,14.26,56.38,0.3,7.35,5295.79
7001642,3/31/2025,12398,1819,654,WHCA1,UT,Ground,UPS,Delivered,5,12.43,284.75,0,17.69,1441.44
7001643,6/11/2024,15970,5753,351,WHPA1,DC,2Day,UPS,Delivered,65,1.76,128.85,0.1,8.31,7546.04
7001644,9/28/2024,14536,4985,388,WHGA1,ID,Ground,UPS,InTransit,21,5.49,34.26,0.05,39.01,722.5
7001645,4/15/2023,16884,4681,470,WHTX1,MI,Ground,USPS,Delivered,95,11.33,33.83,0,33.52,3247.37
7001646,12/26/2024,18128,2812,363,WHCA1,AK,Ground,FedEx,Delivered,198,11.04,34.37,0.15,51.69,5836.16
7001647,5/31/2023,19169,5886,389,WHFL1,SC,2Day,FedEx,Delivered,52,9.83,31.73,0.3,30.88,1185.85
7001648,3/12/2025,10735,4115,489,WHPA1,NV,Ground,USPS,Delivered,12,10.55,87.79,0,27.18,1080.66
7001649,1/19/2025,10633,2630,490,WHFL1,IL,Ground,UPS,Delivered,39,20.64,47.43,0.15,7.71,1580.01
7001650,12/1/2024,14269,2544,687,WHNJ1,NC,Ground,UPS,Delivered,147,12.37,27.53,0,10.74,4057.65
7001651,2/12/2023,14100,4580,389,WHTX1,AZ,Ground,UPS,Delivered,114,2.47,23.55,0,28.67,2713.37
7001652,11/19/2023,12902,2905,648,WHCA1,ND,Ground,UPS,Delivered,28,32.18,300.39,0,13.16,8424.08
7001653,10/25/2023,11664,2437,632,WHFL1,MN,Ground,FedEx,InTransit,171,3.19,100.63,0.15,32.48,14659.05
7001654,12/19/2023,15592,4318,326,WHTX1,NY,Ground,FedEx,Delivered,86,17.77,32.95,0.05,5.27,2697.29
7001655,4/14/2023,13873,4521,476,WHCA1,MD,Ground,UPS,Pending,20,3.91,140.19,0,20.82,2824.62
7001656,7/21/2025,11055,4060,664,WHCA1,NV,Ground,UPS,Delivered,77,23.49,26.78,0.05,18.24,1977.2
7001657,7/20/2024,18573,5117,564,WHIL1,DE,2Day,UPS,Delivered,58,8.46,54.51,0,9.87,3171.45
7001658,11/20/2023,13083,1999,689,WHGA1,AZ,Ground,DHL,Delivered,127,12.59,50.49,0.05,19.58,6111.2
7001659,1/17/2024,18008,2432,695,WHCA1,NJ,Ground,FedEx,Delivered,43,3.04,68.17,0,7.4,2938.71
7001660,3/16/2024,19785,5553,342,WHNJ1,MO,Overnight,FedEx,InTransit,142,15.49,31.03,0,17.81,4424.07
7001661,9/1/2024,14262,4062,419,WHPA1,NJ,Ground,UPS,Delivered,125,12.84,65.65,0.1,4.81,7390.44
7001662,6/5/2024,12390,1265,469,WHGA1,NH,Ground,UPS,Cancelled,95,14.48,17.65,0,11,1687.75
7001663,6/30/2025,13554,4732,408,WHIL1,WA,Ground,UPS,Delivered,31,17.68,46.09,0.1,42.46,1328.37
7001664,5/14/2024,15139,3275,447,WHGA1,NJ,Ground,DHL,Pending,179,11.13,152.78,0.05,41.72,26021.96
7001665,9/11/2025,19400,4876,476,WHGA1,ND,Ground,FedEx,Delivered,73,8.81,122.99,0,16.83,8995.1
7001666,4/11/2025,10545,4318,676,WHCA1,MO,Ground,FedEx,Delivered,153,6.15,36.86,0.05,22.77,5380.37
7001667,8/24/2023,13664,3047,489,WHNJ1,KY,Ground,FedEx,Delivered,26,7.67,20.62,0,48.86,584.98
7001668,7/13/2025,12240,4145,460,WHCA1,MS,Ground,FedEx,Delivered,187,20.62,13.02,0,16,2450.74
7001669,5/17/2023,13774,4222,602,WHFL1,PA,Ground,UPS,Delivered,126,6.05,92.44,0.1,5.69,10488.39
7001670,3/2/2025,12628,4141,648,WHNJ1,NV,2Day,UPS,Delivered,169,3.31,72.91,0.1,25.23,11114.84
7001671,12/30/2023,16619,5901,374,WHFL1,NC,2Day,FedEx,Delivered,25,5.53,78.6,0.15,13.8,1684.05
7001672,5/12/2025,16781,2254,652,WHNJ1,OK,Ground,UPS,Delivered,55,14.39,195.93,0.05,47.07,10284.41
7001673,4/30/2025,18016,1723,318,WHTX1,DC,Ground,UPS,InTransit,12,8.34,66.78,0.15,9.52,690.68
7001674,2/16/2025,13131,1084,440,WHCA1,CT,Ground,FedEx,Delivered,16,14.37,70.39,0,11.62,1137.86
7001675,1/29/2025,10097,5836,415,WHWA1,MN,Ground,USPS,Delivered,35,3.01,22.56,0,21.56,811.16
7001676,11/20/2023,13859,4371,628,WHWA1,VA,2Day,USPS,Delivered,170,1.67,187,0,42.57,31832.57
7001677,4/6/2023,12709,4820,525,WHFL1,MT,Ground,UPS,InTransit,94,11.72,53.49,0.1,32.2,4557.45
7001678,1/24/2024,15398,4365,346,WHIL1,IN,Ground,UPS,Delivered,39,18.27,33.87,0.05,21.85,1276.73
7001679,7/24/2023,16153,2758,338,WHPA1,TN,Ground,FedEx,Delivered,171,3.58,69.4,0,30.8,11898.2
7001680,11/23/2024,10457,5319,506,WHWA1,NV,Ground,USPS,Delivered,109,13.71,243.37,0,61.43,26588.76
7001681,12/12/2023,15915,3781,686,WHWA1,MS,Ground,DHL,Delivered,153,20.42,267.46,0,18.18,40939.56
7001682,8/25/2025,14369,4288,309,WHGA1,CT,Ground,USPS,Delivered,160,9.97,30.42,0,6.54,4873.74
7001683,10/18/2024,14089,3453,553,WHTX1,WV,Ground,FedEx,Delivered,111,17.17,136.61,0,21.44,15185.15
7001684,3/8/2025,19224,1329,408,WHFL1,OK,Overnight,UPS,Delivered,29,11.21,75.9,0,47.2,2248.3
7001685,6/6/2023,18400,1426,689,WHIL1,RI,Ground,UPS,Delivered,197,8.54,119.78,0.1,9.37,21246.36
7001686,4/23/2025,11938,1770,398,WHPA1,IA,2Day,UPS,Delivered,40,16.37,72.82,0.15,7.54,2483.42
7001687,7/4/2025,11147,4976,575,WHPA1,WI,2Day,FedEx,Delivered,95,31.51,92.27,0.1,36.91,7926
7001688,5/2/2024,15153,1608,371,WHCA1,AZ,Ground,UPS,Delivered,134,7.16,151.3,0.05,7.59,19268.08
7001689,9/7/2024,14300,2853,339,WHNJ1,WV,Ground,FedEx,Delivered,21,9.49,17.64,0.05,26.03,377.95
7001690,12/31/2024,18119,3673,598,WHFL1,AK,Ground,FedEx,Delivered,83,5.52,77.22,0.15,17.46,5465.33
7001691,7/25/2023,18635,3125,390,WHCA1,CT,Ground,UPS,Delivered,47,10.98,26.46,0,30.55,1274.17
7001692,5/21/2024,17760,2301,519,WHPA1,KS,Ground,USPS,Delivered,29,9.1,43.37,0,37.83,1295.56
7001693,1/19/2024,17954,1466,407,WHCA1,MA,Ground,FedEx,Delivered,2,20.04,60.04,0,9.46,129.54
7001694,6/22/2023,14785,2965,692,WHTX1,FL,Ground,USPS,Delivered,141,23.44,29.63,0,7.77,4185.6
7001695,12/23/2023,19025,2946,396,WHFL1,ID,2Day,USPS,Delivered,16,16.04,39.94,0,40.03,679.07
7001696,3/22/2023,11462,3540,332,WHIL1,NH,Overnight,UPS,Delivered,143,18.74,22.51,0,26.47,3245.4
7001697,1/31/2023,11160,3361,426,WHPA1,MS,Ground,UPS,Delivered,82,6.55,39.61,0.1,12.95,2936.17
7001698,6/9/2023,10387,3040,447,WHFL1,NC,Ground,UPS,Delivered,85,5.64,85.85,0.05,2.03,6934.42
7001699,8/15/2025,17193,2185,580,WHWA1,IN,2Day,FedEx,Pending,129,13,109.96,0,5.5,14190.34
7001700,7/15/2024,19911,4935,324,WHTX1,TX,Ground,FedEx,Delivered,67,10.12,35.02,0,24.98,2371.32
7001701,8/17/2025,14776,4218,509,WHIL1,LA,Ground,USPS,Delivered,44,33.19,151.99,0.1,16.65,6035.45
7001702,2/28/2024,13410,3783,420,WHWA1,CA,Ground,UPS,Delivered,16,3.16,89.88,0,40.02,1478.1
7001703,11/23/2023,10690,1778,574,WHTX1,IA,2Day,FedEx,InTransit,77,14.5,163.65,0,38.93,12639.98
7001704,5/25/2024,17029,4380,440,WHGA1,CT,Ground,DHL,InTransit,74,14.36,17.37,0,12.45,1297.83
7001705,3/7/2024,17263,3419,597,WHNJ1,MO,Ground,FedEx,Delivered,36,6.33,74.61,0.1,22.25,2439.61
7001706,5/5/2023,15665,5078,643,WHWA1,IN,Ground,UPS,Delivered,82,5.6,92.04,0.1,34.72,6827.27
7001707,10/18/2024,16767,5263,382,WHWA1,SC,2Day,FedEx,Delivered,56,8.16,18.02,0,14.13,1023.25
7001708,8/31/2023,19362,3440,508,WHNJ1,OK,Overnight,UPS,Delivered,124,3.73,325.16,0,41.1,40360.94
7001709,9/23/2024,10953,5832,333,WHNJ1,OH,Ground,UPS,Delivered,75,23.97,38.43,0,48.75,2931
7001710,10/29/2024,16143,2990,324,WHGA1,UT,Overnight,UPS,Delivered,162,50.55,87.8,0,27.38,14250.98
7001711,6/28/2023,15968,2067,361,WHPA1,WY,Ground,UPS,Delivered,68,8.15,114.79,0,12.98,7818.7
7001712,3/14/2023,17206,1945,611,WHPA1,MS,Ground,FedEx,Delivered,146,6.81,64.4,0,50.39,9452.79
7001713,1/18/2025,12485,1029,489,WHGA1,IA,Overnight,UPS,Delivered,69,4.55,158.29,0,18.39,10940.4
7001714,3/31/2024,11855,2898,384,WHNJ1,HI,Ground,FedEx,Delivered,75,5.18,242.5,0,10.02,18197.52
7001715,3/10/2023,13232,2698,525,WHNJ1,MS,Ground,UPS,InTransit,46,7.02,27.59,0,10.22,1279.36
7001716,9/15/2025,12598,3815,468,WHIL1,HI,Ground,UPS,Delivered,50,20.65,65.08,0.1,14.08,2942.68
7001717,3/9/2023,17830,4366,486,WHIL1,UT,2Day,UPS,Delivered,162,67.92,113.9,0,42.03,18493.83
7001718,11/23/2024,18187,3489,675,WHWA1,DC,2Day,UPS,Pending,27,6.48,19.13,0,21.33,537.84
7001719,9/1/2025,13984,2666,372,WHCA1,KY,2Day,UPS,Delivered,14,5.82,126.39,0.2,24.44,1440.01
7001720,9/27/2023,16964,5620,374,WHWA1,CO,Ground,FedEx,InTransit,130,4.96,198.13,0,36.66,25793.56
7001721,6/17/2023,16685,2571,685,WHFL1,MA,2Day,DHL,InTransit,78,13.11,147.39,0,8.16,11504.58
7001722,5/23/2023,10657,2734,641,WHFL1,DE,Ground,UPS,Delivered,35,12.29,81.55,0,22.01,2876.26
7001723,11/19/2023,17744,1760,453,WHFL1,IA,Ground,UPS,Delivered,55,10.62,176.26,0,13.24,9707.54
7001724,4/29/2023,16840,3158,396,WHTX1,NY,2Day,UPS,InTransit,69,7.66,77.06,0,3.41,5320.55
7001725,11/22/2024,19989,2352,353,WHIL1,GA,Ground,USPS,Delivered,80,22.6,23.82,0,27.01,1932.61
7001726,3/15/2023,16313,4477,474,WHIL1,NV,Ground,FedEx,Delivered,127,15.82,41.64,0,29.14,5317.42
7001727,5/29/2024,17939,2269,410,WHIL1,IA,Ground,FedEx,Pending,50,15.41,50.17,0.3,27.02,1782.97
7001728,9/17/2025,19955,2786,616,WHIL1,ID,Ground,UPS,Delivered,96,12.49,57.37,0,44.37,5551.89
7001729,2/26/2025,16177,4950,351,WHWA1,TX,Ground,UPS,Delivered,131,8.93,56.17,0.05,40.55,7030.91
7001730,9/18/2024,13286,3608,677,WHGA1,LA,Ground,UPS,Delivered,133,6.51,47.35,0.1,20.96,5688.76
7001731,11/21/2023,19778,1399,553,WHCA1,OR,Ground,USPS,Delivered,31,13.66,69.93,0.15,11.36,1854.02
7001732,9/28/2024,15560,3631,373,WHIL1,UT,Ground,UPS,Delivered,43,12.89,171.97,0,36.97,7431.68
7001733,6/18/2024,13564,3447,512,WHPA1,MS,2Day,FedEx,Delivered,81,14.05,69.7,0.2,49.72,4566.28
7001734,2/21/2024,14585,2670,512,WHTX1,OR,Ground,FedEx,Delivered,146,3.91,93.17,0.05,19.8,12942.48
7001735,6/3/2023,14818,1239,551,WHFL1,NH,Ground,FedEx,Delivered,120,12.26,12.92,0.05,34.31,1507.19
7001736,5/22/2025,15042,4537,468,WHIL1,GA,Ground,UPS,InTransit,79,8.31,65.53,0.05,30.25,4948.28
7001737,3/20/2024,16183,4862,563,WHGA1,IN,2Day,FedEx,Delivered,187,5.9,128.4,0,28.71,24039.51
7001738,8/13/2023,18027,4104,631,WHPA1,KS,Ground,UPS,Delivered,56,15.48,143.62,0,10.02,8052.74
7001739,12/23/2023,13245,2147,530,WHFL1,OR,Ground,DHL,Delivered,133,11.12,133.74,0.05,14.48,16912.53
7001740,2/7/2024,11041,2558,539,WHNJ1,HI,Overnight,UPS,Pending,127,41.06,74.2,0,32.6,9456
7001741,3/14/2025,12274,4739,575,WHWA1,DC,Ground,UPS,Delivered,153,13.37,80.17,0.1,17.49,11056.9
7001742,12/14/2024,13630,3158,443,WHNJ1,MT,Overnight,UPS,Delivered,190,8.37,37.47,0,33.64,7152.94
7001743,1/4/2025,12115,4452,370,WHFL1,SC,Ground,USPS,Pending,65,9.37,108.4,0.1,20.14,6361.54
7001744,1/13/2023,17365,1300,612,WHCA1,ME,Ground,UPS,InTransit,23,4.95,37.61,0,20,885.03
7001745,2/9/2024,11678,4699,694,WHNJ1,LA,Ground,FedEx,Delivered,59,20.93,96.64,0,9.24,5711
7001746,4/26/2024,13095,5054,474,WHIL1,NJ,Ground,UPS,Delivered,136,12.08,61.77,0.05,54.63,8035.31
7001747,1/23/2023,19191,5860,636,WHFL1,NY,2Day,UPS,Pending,131,12.21,60.63,0,30.53,7973.06
7001748,10/21/2023,15874,1249,409,WHGA1,MN,Overnight,FedEx,InTransit,41,5.28,120.93,0.1,75.25,4537.57
7001749,12/28/2024,12285,3569,503,WHCA1,ID,Overnight,UPS,Delivered,6,15.96,88.87,0.1,41.94,521.84
7001750,6/11/2023,15053,5130,485,WHPA1,IL,2Day,FedEx,Delivered,67,5.71,73.12,0,16.72,4915.76
7001751,6/28/2024,17063,5324,591,WHIL1,MA,2Day,FedEx,Delivered,61,7.17,42.35,0,12.94,2596.29
7001752,8/30/2023,11590,5681,628,WHNJ1,MA,Ground,USPS,Delivered,10,10.78,184.19,0,47.32,1889.22
7001753,1/15/2023,19354,3861,392,WHTX1,NH,2Day,UPS,Delivered,121,7.06,75.75,0.05,6.13,8713.59
7001754,9/29/2023,12521,1724,559,WHWA1,NH,Ground,FedEx,Delivered,35,6.22,101.24,0.1,27.69,3216.75
7001755,8/26/2025,14649,1570,622,WHIL1,WY,Ground,USPS,Delivered,90,9.7,63.5,0,29.34,5744.34
7001756,2/11/2025,15730,1220,506,WHTX1,NE,Ground,FedEx,Delivered,12,18.33,36.92,0,30.07,473.11
7001757,8/12/2025,10695,2395,352,WHPA1,NH,2Day,UPS,Delivered,138,17.11,76.92,0,44.66,10659.62
7001758,5/3/2024,17808,3835,649,WHTX1,IA,Ground,FedEx,Delivered,108,15.29,39.54,0,24.26,4294.58
7001759,5/10/2023,13684,3123,481,WHPA1,WA,2Day,USPS,Delivered,49,13.39,81.52,0.2,30.39,3225.97
7001760,7/13/2024,16705,5232,603,WHCA1,ID,Ground,UPS,Delivered,87,7.52,6.1,0,45.2,575.9
7001761,3/25/2024,17369,5001,303,WHGA1,SD,Ground,USPS,Pending,22,19.59,45.32,0,8.86,1005.9
7001762,4/3/2025,11972,5350,384,WHNJ1,ME,Overnight,FedEx,Delivered,189,3.53,59.4,0.1,6.98,10110.92
7001763,4/26/2023,19696,4090,514,WHWA1,ID,Ground,UPS,Delivered,121,12.97,30.76,0.05,43.2,3579.06
7001764,5/4/2024,18056,1050,334,WHNJ1,MN,Overnight,UPS,Delivered,120,16.57,77.4,0,13.03,9301.03
7001765,6/26/2023,14219,1515,350,WHWA1,CA,Ground,UPS,Delivered,18,9.47,44.65,0,32.45,836.15
7001766,11/30/2023,11869,3792,589,WHIL1,MT,Ground,UPS,Delivered,2,6.48,59.75,0.05,77.42,190.94
7001767,12/16/2024,11672,3779,629,WHFL1,GA,2Day,USPS,Delivered,79,9.78,40.78,0.05,43.04,3103.58
7001768,4/19/2024,19275,3619,559,WHNJ1,MI,Ground,FedEx,Delivered,17,6.35,118.47,0,2.35,2016.34
7001769,12/28/2023,11729,2838,558,WHCA1,RI,Ground,FedEx,Delivered,118,13.61,87.93,0,47.83,10423.57
7001770,1/15/2024,17633,5672,688,WHNJ1,MN,Ground,FedEx,Delivered,53,17.64,73.91,0.1,9.03,3534.54
7001771,3/31/2024,16404,2166,572,WHIL1,HI,Ground,UPS,Delivered,42,13.07,62.66,0,39.5,2671.22
7001772,1/23/2025,16093,3250,482,WHNJ1,NV,Ground,UPS,InTransit,9,12.61,352.76,0,27.43,3202.27
7001773,5/29/2025,12143,1415,333,WHGA1,NM,Ground,USPS,InTransit,197,15.78,53.74,0.05,67.33,10124.77
7001774,8/8/2025,19341,3269,565,WHPA1,DE,Overnight,FedEx,Delivered,172,16.91,36.84,0.05,8.96,6028.62
7001775,1/25/2025,16185,2105,613,WHTX1,RI,Ground,FedEx,InTransit,16,6.27,26.4,0.05,6.16,407.44
7001776,11/25/2023,16011,5859,340,WHTX1,WV,Ground,DHL,Cancelled,41,3.97,113.08,0.05,24.66,4429.13
7001777,11/20/2024,10254,5659,608,WHPA1,NV,Overnight,UPS,Delivered,49,11.81,187.95,0.1,10.28,8298.88
7001778,3/5/2024,14103,4357,510,WHTX1,KS,2Day,USPS,Delivered,36,17.41,33.14,0,29.32,1222.36
7001779,10/15/2023,13543,3417,572,WHGA1,VA,Ground,USPS,Pending,163,3.87,49.15,0.05,13.25,7624.13
7001780,3/29/2025,12776,2935,436,WHCA1,WA,Ground,UPS,Delivered,105,10.42,46.65,0.05,11.98,4665.32
7001781,2/15/2023,17679,1204,387,WHIL1,NM,Ground,UPS,Delivered,172,19.68,55.01,0.05,3,8991.63
7001782,6/9/2025,16213,1069,360,WHGA1,SD,Ground,DHL,Cancelled,142,9.33,17.41,0.15,11.85,2113.24
7001783,4/2/2024,14638,1516,464,WHIL1,WV,Ground,UPS,Delivered,112,24.91,105.54,0.05,24.07,11253.53
7001784,10/14/2024,16035,4564,303,WHCA1,KS,2Day,UPS,InTransit,100,22.26,138.04,0,21.71,13825.71
7001785,11/4/2024,18458,5457,315,WHGA1,CA,Ground,FedEx,InTransit,140,8.96,15.82,0.1,18.23,2011.55
7001786,6/1/2025,16477,2465,402,WHNJ1,OH,Ground,FedEx,Delivered,97,8.02,205.39,0,14.75,19937.58
7001787,10/13/2024,13149,2653,555,WHFL1,MO,Ground,FedEx,Delivered,23,8.11,186.16,0,31.89,4313.57
7001788,9/16/2024,13360,1707,525,WHCA1,IL,Ground,USPS,Delivered,90,10.84,7,0.05,3.97,602.47
7001789,3/20/2023,11005,2626,510,WHTX1,NH,Ground,USPS,Delivered,68,4.95,13.11,0,33.12,924.6
7001790,6/8/2024,14718,5753,323,WHGA1,NE,2Day,USPS,Delivered,186,4.43,54.67,0.05,59.72,9719.91
7001791,6/26/2023,13272,4786,535,WHCA1,SC,Ground,UPS,Delivered,67,2.56,150.74,0,27.49,10127.07
7001792,12/16/2024,10210,2346,431,WHCA1,KY,Ground,FedEx,Delivered,5,9.87,73.49,0.1,1.74,332.44
7001793,6/1/2024,19080,1344,458,WHGA1,OR,Ground,UPS,Delivered,32,33.98,60.9,0.05,16.71,1868.07
7001794,11/15/2024,15540,4787,473,WHTX1,PA,Ground,UPS,Delivered,156,3.03,89.65,0,26.7,14012.1
7001795,2/19/2023,10154,1536,317,WHPA1,NH,Ground,USPS,Delivered,175,8.95,34.08,0,1.57,5965.57
7001796,4/10/2023,13594,1355,670,WHTX1,ND,Ground,UPS,InTransit,106,8.79,146.72,0,31.75,15584.07
7001797,12/5/2024,18607,4543,614,WHCA1,NJ,Ground,USPS,Delivered,7,9.13,55.8,0.1,72.65,424.19
7001798,3/27/2023,11285,1983,666,WHIL1,NM,2Day,UPS,Delivered,3,21.26,19.13,0,1.9,59.29
7001799,3/25/2023,13149,2346,485,WHPA1,MI,Ground,USPS,Cancelled,62,5.87,34.38,0,21.57,2153.13
7001800,1/15/2023,10769,4010,691,WHWA1,VA,Ground,UPS,Delivered,200,3.11,77.68,0,93.94,15629.94
7001801,8/9/2025,19175,1527,634,WHPA1,MO,Ground,UPS,Delivered,141,7.26,48.99,0.1,5.18,6222.01
7001802,12/16/2024,15608,1931,484,WHCA1,AR,Ground,FedEx,Delivered,162,6.7,45.56,0,27.68,7408.4
7001803,12/16/2023,13203,3757,443,WHGA1,OH,Ground,UPS,Delivered,86,2.62,69.16,0.05,35.04,5685.41
7001804,11/15/2023,12788,3283,344,WHGA1,SD,Ground,FedEx,Delivered,138,11.59,77.12,0,14.04,10656.6
7001805,12/14/2023,12211,2947,312,WHGA1,WY,Ground,USPS,Delivered,39,4.91,25.36,0,39.1,1028.14
7001806,1/10/2025,19231,4928,308,WHTX1,UT,Ground,FedEx,Delivered,4,9.51,141.29,0,68.97,634.13
7001807,11/5/2024,17400,3542,380,WHNJ1,FL,Ground,UPS,Delivered,157,8.04,54.74,0.05,24.51,8188.98
7001808,8/5/2023,16339,2917,597,WHGA1,MT,Ground,UPS,Delivered,26,5.25,80.49,0.2,27.62,1701.81
7001809,7/25/2023,18734,4361,462,WHGA1,NE,Ground,UPS,Delivered,106,17.06,64.23,0,24.86,6833.24
7001810,4/26/2023,10359,2594,602,WHPA1,NE,2Day,FedEx,Delivered,92,8.45,45.03,0.05,26.63,3962.25
7001811,11/5/2024,10850,3926,516,WHIL1,LA,Ground,FedEx,Delivered,19,10.33,113.58,0,14.2,2172.22
7001812,12/31/2024,17499,4626,548,WHIL1,NJ,Ground,UPS,InTransit,23,14.22,63.51,0,32.48,1493.21
7001813,10/27/2023,14523,2224,329,WHCA1,VT,2Day,FedEx,Delivered,41,11.89,63.16,0,22.98,2612.54
7001814,1/25/2023,12545,2960,572,WHCA1,VA,Ground,UPS,Delivered,112,10.91,10.51,0,15.38,1192.5
7001815,4/7/2023,11832,1966,433,WHCA1,NM,Ground,FedEx,Delivered,5,6.1,106.52,0,10.15,542.75
7001816,8/19/2025,11473,5993,305,WHGA1,TN,Ground,FedEx,InTransit,51,5.13,53.25,0.15,18.26,2326.65
7001817,11/15/2023,19629,4679,544,WHIL1,AZ,Ground,UPS,Delivered,94,10.99,101.78,0,6.02,9573.34
7001818,1/4/2025,10330,5313,330,WHCA1,NH,2Day,USPS,Delivered,20,5.61,189.77,0.1,53.19,3469.05
7001819,9/29/2024,15852,1623,417,WHWA1,CT,Ground,FedEx,Delivered,14,16.11,106.77,0,48.34,1543.12
7001820,12/31/2023,17033,5449,478,WHIL1,LA,Ground,FedEx,Delivered,49,9.25,62.32,0,16.02,3069.7
7001821,8/22/2023,15267,5788,561,WHGA1,KS,Ground,FedEx,Delivered,35,14.76,49.1,0,10.62,1729.12
7001822,5/23/2023,14355,5727,535,WHPA1,WI,Ground,USPS,InTransit,91,5.54,351.55,0.1,24.12,28816.06
7001823,9/18/2024,16436,3373,441,WHGA1,NY,Ground,FedEx,Delivered,179,5.04,84.16,0.05,18.87,14330.28
7001824,1/10/2025,17979,3949,605,WHCA1,PA,Ground,UPS,Delivered,1,27.38,69.48,0.05,3.95,69.96
7001825,10/22/2024,14239,4300,645,WHGA1,MO,Ground,UPS,Delivered,151,9.14,52.79,0,31.11,8002.4
7001826,6/22/2024,16113,2169,350,WHGA1,UT,Ground,UPS,Delivered,55,17.3,32.03,0,39.65,1801.3
7001827,2/19/2023,14723,5750,570,WHWA1,NY,Ground,UPS,Delivered,93,4.29,15.32,0.15,26.71,1237.76
7001828,8/19/2025,11389,1392,408,WHIL1,ME,Overnight,DHL,Delivered,135,8.44,174.02,0.2,11.91,18806.07
7001829,2/8/2025,14186,4810,346,WHNJ1,AZ,2Day,UPS,Delivered,77,21.85,34.77,0.05,31.46,2574.89
7001830,11/13/2023,18912,3408,382,WHWA1,OH,Overnight,USPS,Delivered,12,3.91,52.52,0.05,20.42,619.15
7001831,8/29/2025,13236,5865,426,WHTX1,WY,Ground,UPS,Delivered,17,39.16,55.71,0.05,50.8,950.52
7001832,9/2/2024,14577,5893,384,WHWA1,NH,Ground,UPS,Delivered,120,11.29,163.62,0.05,47.67,18700.35
7001833,8/16/2024,11101,5261,590,WHCA1,HI,Ground,DHL,Delivered,28,6.12,35.09,0.05,23.01,956.4
7001834,12/22/2024,18865,5829,371,WHFL1,CO,Ground,UPS,Delivered,76,12.35,71.84,0.2,48.79,4416.66
7001835,2/23/2025,18709,1581,475,WHNJ1,ME,Ground,FedEx,Pending,54,19.45,85.87,0.05,10.6,4415.73
7001836,11/3/2024,12533,1821,616,WHPA1,OR,Ground,USPS,Delivered,37,6.09,22.77,0.05,24.45,824.82
7001837,5/31/2023,17771,2248,630,WHFL1,VT,Ground,USPS,Delivered,119,6.64,21.32,0,49.94,2587.02
7001838,12/8/2023,13671,1124,637,WHCA1,NE,Ground,USPS,InTransit,107,11.61,36.37,0.2,42.79,3156.06
7001839,7/10/2025,10782,5440,695,WHNJ1,CA,Ground,USPS,Delivered,90,13.2,71.16,0,38.05,6442.45
7001840,9/9/2023,13524,2875,654,WHGA1,MT,Ground,FedEx,InTransit,47,8.88,65.1,0.15,24.76,2625.5
7001841,12/26/2023,16132,1524,391,WHCA1,OH,Ground,UPS,Delivered,27,12.73,55.2,0.05,42.2,1458.08
7001842,2/28/2024,14783,4124,651,WHNJ1,ME,Ground,FedEx,Delivered,68,16.69,94.73,0,43.94,6485.58
7001843,3/7/2024,19782,5225,549,WHTX1,KY,Ground,DHL,Delivered,126,11.1,32.94,0,20.9,4171.34
7001844,9/15/2024,14996,4199,432,WHGA1,OH,2Day,FedEx,Delivered,78,6.6,53.25,0.15,18.59,3549.06
7001845,7/28/2025,11502,3786,469,WHWA1,WA,Ground,UPS,Delivered,179,9.88,55.42,0,41.1,9961.28
7001846,9/28/2023,13081,3119,360,WHCA1,WI,2Day,FedEx,InTransit,2,28.68,33.57,0.1,22.31,82.74
7001847,5/24/2023,19269,2211,669,WHPA1,IL,Ground,FedEx,Delivered,199,12.21,300.53,0.05,12.69,56827.89
7001848,8/15/2023,19293,2027,637,WHWA1,IN,Ground,UPS,Delivered,99,21.05,13.22,0,19.07,1327.85
7001849,5/23/2025,10503,5118,541,WHPA1,NJ,Ground,FedEx,Delivered,130,7.34,143,0,31.63,18621.63
7001850,10/24/2024,19532,5262,490,WHCA1,WV,Overnight,FedEx,Delivered,41,11.71,105.05,0,91.32,4398.37
7001851,11/10/2023,13886,1498,640,WHNJ1,TX,Ground,FedEx,Delivered,67,16.11,105.65,0,11.88,7090.43
7001852,2/28/2025,18010,5530,581,WHWA1,KY,Ground,UPS,Delivered,121,24.56,64.16,0.15,10.32,6609.18
7001853,4/23/2025,10624,3806,532,WHWA1,OR,Ground,UPS,Delivered,113,20.89,152.6,0.05,30.43,16412.04
7001854,4/5/2025,11051,5933,589,WHCA1,IA,Ground,FedEx,Delivered,41,5.11,43.84,0,26.93,1824.37
7001855,6/30/2025,17386,2694,575,WHFL1,LA,Ground,FedEx,InTransit,40,19.96,78.97,0,29.81,3188.61
7001856,10/12/2023,16082,5759,613,WHGA1,WV,Ground,UPS,Pending,93,27.5,63.15,0,58.56,5931.51
7001857,12/26/2024,15485,1725,315,WHIL1,IN,Ground,UPS,Delivered,162,7.08,50.99,0.15,33.15,7054.47
7001858,4/1/2024,13773,1376,341,WHWA1,IN,Ground,UPS,Delivered,56,5.85,65.34,0.05,9.53,3485.62
7001859,3/31/2025,13917,5399,508,WHPA1,VT,2Day,FedEx,Delivered,44,9.85,30.88,0,5.33,1364.05
7001860,12/11/2024,14019,3453,360,WHWA1,NC,Ground,DHL,Pending,148,11.14,37.69,0.05,27.7,5326.91
7001861,1/13/2025,11330,4860,665,WHWA1,PA,Ground,FedEx,Delivered,97,8.11,181.37,0.3,16.35,12331.37
7001862,11/3/2024,14115,2687,540,WHNJ1,HI,2Day,USPS,Delivered,49,4.91,451,0.1,35.11,19924.21
7001863,7/28/2023,13368,5804,396,WHTX1,HI,Ground,FedEx,Delivered,7,24.19,86.34,0,18.59,622.97
7001864,7/10/2024,18096,1257,578,WHWA1,WV,Ground,FedEx,Delivered,105,5.97,107.54,0.1,30.24,10192.77
7001865,9/2/2025,15142,5495,460,WHCA1,MT,Ground,UPS,Pending,44,7.38,71.58,0.05,16.36,3008.4
7001866,7/21/2025,13952,4601,697,WHGA1,AZ,Ground,FedEx,Delivered,8,10.68,82.51,0,63.61,723.69
7001867,2/20/2023,15085,1051,582,WHCA1,MO,Ground,UPS,Delivered,84,4.13,87.79,0.15,9.19,6277.4
7001868,7/13/2023,11574,1595,509,WHTX1,KY,2Day,FedEx,Delivered,40,3.95,123.86,0.15,10.73,4221.97
7001869,6/5/2023,12635,5914,433,WHGA1,MI,Ground,UPS,Delivered,42,7.72,175.95,0.05,17.94,7038.34
7001870,12/10/2024,12769,5732,681,WHTX1,NH,Ground,UPS,Delivered,62,16.41,32.31,0,28.96,2032.18
7001871,3/2/2025,15303,4874,397,WHGA1,VA,Overnight,UPS,Pending,104,11.19,434.33,0,83.1,45253.42
7001872,8/29/2023,16251,4437,519,WHIL1,MT,Overnight,USPS,InTransit,34,2.91,66.1,0.1,49.82,2072.48
7001873,5/24/2024,11212,2073,689,WHPA1,ND,Ground,UPS,Cancelled,10,23.02,66.11,0,8.62,669.72
7001874,3/29/2025,18968,2477,371,WHGA1,MT,Ground,UPS,Delivered,54,16.14,44.94,0,39.87,2466.63
7001875,12/13/2024,15956,5871,574,WHTX1,FL,Ground,USPS,Delivered,7,11.21,45.06,0,8.63,324.05
7001876,7/6/2024,11161,4021,651,WHNJ1,SC,Ground,FedEx,InTransit,100,11.04,92.37,0,8.35,9245.35
7001877,8/23/2024,15978,2665,434,WHWA1,HI,2Day,UPS,Delivered,174,14.98,93.72,0.25,26.75,12257.21
7001878,5/28/2024,17042,5493,366,WHPA1,CT,Ground,UPS,Delivered,92,40.38,89.12,0,11.13,8210.17
7001879,11/16/2023,12384,3731,427,WHWA1,NJ,Ground,UPS,Delivered,33,16.96,43.64,0.1,36.61,1332.72
7001880,8/2/2024,15877,2396,505,WHFL1,AK,Ground,FedEx,Cancelled,22,11.94,9.06,0.1,9.67,189.06
7001881,11/20/2024,13541,4898,598,WHIL1,NJ,Ground,FedEx,Delivered,28,4.79,17.07,0.25,16.33,374.8
7001882,5/7/2025,14636,5625,417,WHCA1,AR,Ground,UPS,Delivered,27,11.04,60.56,0.25,12.73,1239.07
7001883,10/13/2024,11096,5781,567,WHIL1,IN,2Day,USPS,Delivered,39,15.9,75.9,0,22.91,2983.01
7001884,12/29/2024,15902,5046,582,WHIL1,IL,Ground,UPS,InTransit,12,9.33,44.73,0.2,13.18,442.59
7001885,7/8/2023,18216,3661,449,WHCA1,MO,Ground,UPS,InTransit,149,7.31,36.94,0,7.71,5511.77
7001886,4/2/2024,11080,3234,494,WHGA1,IL,2Day,DHL,Delivered,145,13.94,73.85,0.05,29.91,10202.75
7001887,1/11/2023,18371,4323,468,WHWA1,IL,Ground,UPS,Delivered,84,5.53,55.65,0.1,23.95,4231.09
7001888,10/5/2023,12848,5198,612,WHIL1,OR,Ground,USPS,Delivered,7,16.83,42.98,0.15,30.33,286.06
7001889,12/10/2024,11961,5219,674,WHWA1,UT,Ground,FedEx,Delivered,123,7.7,19.37,0,4.24,2386.75
7001890,9/11/2025,11474,3102,479,WHPA1,CO,Ground,UPS,Pending,7,2.8,33.23,0,23.31,255.92
7001891,4/27/2023,14889,2307,448,WHWA1,MT,Ground,FedEx,Delivered,13,7.61,115.26,0.05,47.29,1470.75
7001892,1/23/2024,14980,2638,357,WHIL1,IN,2Day,FedEx,Delivered,40,9.66,30.58,0,52.57,1275.77
7001893,2/10/2025,11213,2141,305,WHNJ1,DE,Ground,USPS,Delivered,55,13.93,95.48,0.05,20.62,5009.45
7001894,8/21/2023,15698,1616,314,WHPA1,MS,Ground,UPS,Delivered,44,13,158.35,0.1,8.34,6279
7001895,7/22/2024,19002,5653,580,WHNJ1,MI,Ground,UPS,Delivered,20,4.61,34.49,0.1,8.26,629.08
7001896,12/14/2024,10420,5210,624,WHPA1,SC,Ground,UPS,InTransit,13,10.76,43.95,0,13.99,585.34
7001897,9/19/2024,13660,2567,604,WHTX1,RI,Ground,FedEx,Delivered,138,7.26,119.76,0,33.8,16560.68
7001898,8/7/2023,15284,1977,516,WHCA1,WI,Ground,UPS,Delivered,45,8.06,142.21,0,6.81,6406.26
7001899,12/17/2023,19471,5797,475,WHPA1,MA,2Day,UPS,Delivered,26,5.49,38.21,0.1,31.13,925.24
7001900,1/21/2025,19633,2317,616,WHPA1,TX,Ground,DHL,InTransit,63,9.7,19.29,0,29.64,1244.91
7001901,7/20/2024,11341,3340,303,WHGA1,MT,Ground,UPS,InTransit,5,65.5,144.42,0.1,17.85,667.74
7001902,1/7/2023,15138,5357,675,WHWA1,GA,Ground,UPS,Delivered,82,30.46,90.29,0,18.35,7422.13
7001903,12/29/2024,15190,3097,437,WHGA1,IL,2Day,FedEx,Delivered,30,5.49,79.42,0,31.36,2413.96
7001904,2/11/2023,11362,1379,400,WHWA1,TN,Ground,USPS,Delivered,81,10.4,113.89,0.1,29.84,8332.42
7001905,12/20/2024,10592,4466,383,WHTX1,IN,Ground,UPS,Delivered,84,8.28,26.17,0,11.41,2209.69
7001906,8/19/2023,10527,3272,580,WHGA1,FL,Ground,UPS,Delivered,124,10.89,78.9,0,18.75,9802.35
7001907,8/11/2025,17856,2047,432,WHFL1,CT,Ground,UPS,InTransit,28,17.33,49.14,0,17.26,1393.18
7001908,12/24/2023,11293,2008,693,WHWA1,RI,Ground,UPS,Delivered,60,9.25,91.49,0,22.07,5511.47
7001909,12/1/2023,11655,1110,301,WHFL1,NM,2Day,FedEx,Cancelled,175,6.52,104.97,0,6.74,18376.49
7001910,6/25/2023,10188,3772,416,WHGA1,WY,Overnight,FedEx,Delivered,106,20.01,118.86,0,23.94,12623.1
7001911,11/20/2023,12759,4884,502,WHFL1,KS,Ground,FedEx,Delivered,182,4.77,91.23,0,18.55,16622.41
7001912,5/11/2025,18721,3601,440,WHWA1,DE,Ground,FedEx,Delivered,160,11.2,71.51,0.05,10.97,10880.49
7001913,9/16/2025,18626,4244,446,WHNJ1,WV,Ground,USPS,Delivered,84,4.1,73.2,0,14.98,6163.78
7001914,12/24/2023,16432,2006,566,WHFL1,DC,Ground,FedEx,Delivered,32,5.4,77.56,0,17.78,2499.7
7001915,3/18/2024,16038,5794,502,WHGA1,IA,Ground,USPS,Delivered,112,15.63,38.76,0,16.38,4357.5
7001916,12/8/2024,19997,1306,452,WHGA1,MO,Ground,FedEx,Delivered,100,6.65,46.29,0.15,13.85,3948.5
7001917,5/22/2025,18495,1959,685,WHFL1,WA,Ground,FedEx,Delivered,80,3.24,79.52,0,15.21,6376.81
7001918,8/25/2024,14183,1954,522,WHWA1,PA,Ground,UPS,InTransit,100,6.48,94.6,0.15,46.34,8087.34
7001919,1/11/2024,16974,3669,379,WHTX1,SD,Ground,UPS,Pending,84,6.08,38.04,0,19.08,3214.44
7001920,2/5/2024,10438,4539,500,WHTX1,IA,Ground,USPS,Delivered,68,4.69,28.24,0.1,9.3,1737.59
7001921,11/24/2024,10833,3678,550,WHWA1,MO,Ground,UPS,InTransit,53,13.91,18.57,0,51.41,1035.62
7001922,1/4/2023,18989,2631,399,WHIL1,CT,Ground,FedEx,Delivered,6,3.95,24.81,0.25,30.86,142.5
7001923,9/23/2024,18752,2792,513,WHGA1,MT,Ground,FedEx,Delivered,140,7.03,41.13,0.1,30.57,5212.95
7001924,12/17/2023,18954,3604,443,WHGA1,DE,Ground,FedEx,Delivered,140,10.83,43.89,0,12.86,6157.46
7001925,2/3/2025,15795,2972,490,WHPA1,LA,2Day,FedEx,Cancelled,81,8.14,49.22,0,28.21,4015.03
7001926,4/20/2023,13575,1067,689,WHGA1,MA,Ground,UPS,Delivered,32,7.85,25.81,0,15.15,841.07
7001927,8/21/2024,13786,1835,601,WHNJ1,KS,Ground,UPS,Delivered,4,6.48,16.87,0,12.03,79.51
7001928,4/25/2024,15221,1206,674,WHFL1,WA,Ground,USPS,Delivered,1,4.81,65.56,0.05,73.45,135.73
7001929,10/20/2024,17751,3834,352,WHPA1,AZ,Ground,UPS,Delivered,9,6.82,65.58,0,7.71,597.93
7001930,3/18/2023,16819,5251,412,WHGA1,AL,Ground,FedEx,Delivered,45,14.84,92.69,0.05,13.99,3976.49
7001931,8/14/2024,10685,2715,435,WHNJ1,IL,Ground,UPS,Delivered,22,7.71,106.15,0,12.41,2347.71
7001932,7/29/2024,14234,2533,412,WHIL1,NY,Ground,UPS,Delivered,32,11.05,78.96,0,34.74,2561.46
7001933,7/28/2024,10578,4146,313,WHPA1,ID,Ground,UPS,Delivered,100,19.55,65.01,0,53.66,6554.66
7001934,9/4/2024,18008,4121,573,WHFL1,NM,Ground,FedEx,Delivered,174,14.33,110.78,0,21.68,19297.4
7001935,11/13/2024,10228,1708,533,WHFL1,SD,Ground,UPS,Delivered,25,4.65,162.58,0,23.85,4088.35
7001936,2/15/2025,12329,1179,344,WHWA1,AK,Ground,UPS,Delivered,60,13.08,37.36,0.05,4.65,2134.17
7001937,11/1/2023,12732,1113,697,WHWA1,SD,Ground,UPS,Delivered,193,18.75,102.88,0.1,20.68,17890.94
7001938,3/11/2025,19020,1757,373,WHCA1,DE,2Day,UPS,Delivered,162,7.05,38.76,0,19.81,6298.93
7001939,5/16/2024,10431,1897,561,WHGA1,MO,Ground,UPS,Delivered,44,3.86,69.94,0,18.24,3095.6
7001940,4/1/2023,19256,3869,531,WHPA1,CA,Overnight,UPS,Delivered,39,7.68,126.85,0,44.2,4991.35
7001941,3/10/2023,11710,1159,333,WHFL1,VT,Ground,FedEx,InTransit,29,11.19,49.54,0.2,28.72,1178.05
7001942,12/6/2023,15783,1786,688,WHTX1,AK,Ground,UPS,Delivered,18,14.27,30.81,0.05,20.66,547.51
7001943,1/23/2025,11235,2804,368,WHPA1,TN,Ground,UPS,Delivered,59,7.32,43.51,0.05,18.71,2457.45
7001944,11/30/2024,18494,2840,316,WHTX1,PA,Ground,DHL,Pending,42,2.95,30.79,0,11.69,1304.87
7001945,1/27/2025,15206,4169,450,WHGA1,RI,2Day,UPS,Delivered,110,4.65,28.29,0,13.82,3125.72
7001946,6/7/2024,11421,3299,592,WHNJ1,AZ,Ground,USPS,Delivered,29,12.41,139.62,0,76.82,4125.8
7001947,3/8/2024,10769,5079,402,WHTX1,VA,Ground,UPS,Pending,108,33.02,87.1,0.05,88.15,9024.61
7001948,6/23/2023,16035,2543,486,WHPA1,WV,Ground,UPS,Delivered,35,9.87,36.26,0.15,5.97,1084.7
7001949,12/2/2023,19597,5209,325,WHWA1,PA,Ground,UPS,Delivered,80,21.98,30.12,0,28.29,2437.89
7001950,3/1/2024,18636,5355,372,WHPA1,MI,Ground,FedEx,Delivered,89,5.3,31.61,0,20.2,2833.49
7001951,4/15/2023,13105,3155,381,WHFL1,SC,Ground,FedEx,Delivered,95,6.78,36.25,0,5.87,3449.62
7001952,9/5/2023,14356,1575,361,WHWA1,NC,Ground,UPS,Delivered,21,2.46,134.45,0.05,57.6,2739.88
7001953,8/30/2024,13306,4039,318,WHTX1,NY,Ground,FedEx,Delivered,34,12.48,55.55,0.05,38.93,1833.19
7001954,12/15/2024,11539,2382,542,WHIL1,WA,Ground,FedEx,InTransit,30,5.85,266.79,0,40.88,8044.58
7001955,9/18/2025,11332,2223,358,WHFL1,KY,2Day,UPS,Pending,78,14.33,58.35,0.05,14.06,4337.8
7001956,7/16/2025,18169,3475,632,WHIL1,LA,2Day,FedEx,Delivered,9,7.4,40.1,0,20.36,381.26
7001957,10/20/2024,16940,2502,677,WHIL1,AZ,Ground,FedEx,InTransit,68,33.64,114.87,0.05,1.06,7421.66
7001958,2/15/2024,18262,1859,357,WHTX1,CO,2Day,UPS,Delivered,10,29.33,18.64,0,26.8,213.2
7001959,10/13/2024,15559,4575,397,WHTX1,WI,Ground,UPS,Delivered,42,2.51,68.46,0,55.11,2930.43
7001960,1/23/2025,15945,4730,515,WHPA1,IL,Ground,USPS,Cancelled,98,14.26,25.68,0,7.57,2524.21
7001961,5/20/2023,17127,3966,619,WHGA1,NM,Ground,DHL,Delivered,52,6.4,13.02,0.1,7.43,616.77
7001962,2/1/2024,10481,4192,312,WHGA1,KY,Ground,UPS,Delivered,34,14.74,55.26,0,65.64,1944.48
7001963,3/28/2025,15264,2597,311,WHNJ1,MA,Ground,USPS,Delivered,84,4.47,107.63,0,13.03,9053.95
7001964,1/2/2024,14095,2562,697,WHWA1,KS,Ground,UPS,Delivered,109,23.74,69.69,0,3.86,7600.07
7001965,8/7/2024,16168,3523,463,WHTX1,KY,Ground,USPS,Delivered,31,18.56,64.07,0,3.39,1989.56
7001966,8/21/2024,12794,3600,583,WHFL1,NY,Ground,FedEx,Delivered,37,4.28,9.73,0.05,15.16,357.17
7001967,8/4/2023,12893,3392,517,WHWA1,AL,Ground,USPS,InTransit,89,8.97,53.83,0.1,4.22,4316
7001968,12/20/2023,11199,3676,660,WHFL1,WV,2Day,FedEx,Delivered,177,11.02,54.2,0.25,35.31,7230.36
7001969,12/6/2023,18012,3184,623,WHWA1,PA,Ground,UPS,Delivered,26,15.4,92.69,0.15,13.9,2062.35
7001970,1/31/2023,12373,1277,541,WHGA1,DE,Ground,UPS,Delivered,91,9.93,28.61,0,49.17,2652.68
7001971,1/29/2023,11893,4883,645,WHGA1,AL,Ground,FedEx,Delivered,152,16.03,107.24,0,39.11,16339.59
7001972,3/19/2025,15791,4605,345,WHIL1,AK,Overnight,UPS,Pending,59,9.58,42,0,21.26,2499.26
7001973,11/3/2023,11884,3079,381,WHIL1,WA,Ground,FedEx,Pending,39,14.43,48.66,0.1,31.92,1739.89
7001974,6/8/2024,15468,5343,555,WHFL1,OR,Ground,DHL,Delivered,94,4.4,86.83,0,9.22,8171.24
7001975,11/16/2023,10798,5507,367,WHFL1,MS,Ground,UPS,Delivered,4,9.85,26.1,0,21.24,125.64
7001976,7/25/2025,18210,5078,402,WHIL1,NE,2Day,FedEx,InTransit,45,19.94,106.84,0.05,4.59,4572
7001977,10/20/2023,18236,5169,391,WHCA1,MD,Ground,UPS,Delivered,31,23.32,23.25,0,29.02,749.77
7001978,2/25/2024,10155,2121,342,WHWA1,WA,Ground,FedEx,Delivered,27,11.09,94.91,0.05,37.55,2471.99
7001979,5/6/2025,14963,5769,576,WHGA1,MA,Ground,UPS,Delivered,21,9.42,50.88,0,18.99,1087.47
7001980,3/31/2025,14081,3524,604,WHIL1,TN,Overnight,UPS,InTransit,108,22.72,53.88,0,61.75,5880.79
7001981,8/6/2023,18051,4371,574,WHIL1,OR,Ground,USPS,Delivered,172,9.41,7.02,0,15.82,1223.26
7001982,2/12/2025,15948,5383,684,WHTX1,OH,Ground,USPS,Delivered,48,19.87,39.68,0,25.34,1929.98
7001983,3/29/2024,19618,2909,377,WHFL1,PA,Ground,FedEx,Delivered,6,9.38,51.79,0,13.26,324
7001984,4/28/2024,14321,4521,534,WHPA1,IA,Ground,FedEx,Delivered,104,10.24,177.4,0.1,3.88,16608.52
7001985,6/7/2023,11893,5308,502,WHIL1,WY,Ground,FedEx,Pending,71,5.15,58.51,0.15,32.11,3563.19
7001986,4/5/2023,19090,5497,521,WHTX1,VA,2Day,FedEx,Delivered,105,4.73,37.99,0.15,59.32,3449.93
7001987,12/11/2024,13425,5751,562,WHNJ1,TN,2Day,UPS,Delivered,90,17.98,107.54,0,43.17,9721.77
7001988,5/14/2024,19451,4106,339,WHIL1,NJ,Ground,UPS,Delivered,152,28.11,42.13,0,27.94,6431.7
7001989,3/4/2024,12016,1498,311,WHPA1,AR,Ground,UPS,InTransit,17,10.65,123.58,0,9.21,2110.07
7001990,12/12/2024,16674,4588,412,WHTX1,TX,Ground,UPS,Delivered,20,9.05,72.04,0.05,47.91,1416.67
7001991,12/31/2024,16033,5194,408,WHPA1,RI,Ground,UPS,Delivered,42,18.47,31.97,0,23.99,1366.73
7001992,7/6/2023,14834,3414,394,WHIL1,IA,Ground,UPS,Delivered,64,12.24,115.68,0,4.87,7408.39
7001993,9/12/2024,19895,4801,611,WHNJ1,MN,Ground,FedEx,Delivered,159,2.37,91.38,0,11.56,14540.98
7001994,6/9/2023,19066,1463,384,WHIL1,SD,Ground,UPS,InTransit,153,18.15,112.32,0,22.93,17207.89
7001995,12/24/2024,10566,3761,358,WHTX1,IA,Ground,FedEx,Cancelled,141,4.48,52.82,0,10.76,7458.38
7001996,11/3/2024,17413,4458,593,WHNJ1,MT,2Day,FedEx,Delivered,27,9.93,91.39,0.2,30.51,2004.53
7001997,8/9/2025,12019,1273,316,WHNJ1,ID,Ground,USPS,Delivered,106,7.67,230.14,0.05,6.39,23181.49
7001998,3/23/2023,12315,2151,626,WHNJ1,LA,Ground,UPS,Delivered,48,6.81,67.65,0,75.28,3322.48
7001999,3/9/2023,14413,4390,393,WHCA1,CO,Overnight,FedEx,Delivered,161,10.29,45.39,0,21.25,7329.04
7002000,11/8/2023,13884,1019,465,WHTX1,LA,Overnight,FedEx,Delivered,26,17.09,176.82,0,8.43,4605.75
7002001,10/23/2023,18217,2617,515,WHCA1,WY,Ground,DHL,Delivered,17,10.19,95.71,0,7.83,1634.9
7002002,10/6/2023,16740,4179,444,WHPA1,MS,Ground,UPS,Pending,133,23.3,43.77,0,5.98,5827.39
7002003,6/14/2025,19330,5082,574,WHNJ1,PA,Ground,UPS,InTransit,104,25.1,202.13,0.05,44.8,20015.24
7002004,10/9/2023,17903,1412,686,WHCA1,NV,Ground,UPS,InTransit,128,24.97,25.84,0.05,7.59,3149.73
7002005,11/2/2023,11190,1742,438,WHIL1,IA,Ground,UPS,Delivered,19,9.67,86.9,0,8.72,1659.82
7002006,12/28/2024,17157,3672,504,WHCA1,ME,Overnight,FedEx,InTransit,145,7.51,133.87,0.05,79.17,18519.76
7002007,3/19/2024,17343,3780,602,WHGA1,CA,Ground,USPS,Delivered,96,9.8,127.05,0.2,22.14,9779.58
7002008,1/13/2025,16885,3625,510,WHPA1,AR,Ground,UPS,Delivered,91,19.64,31.96,0.05,15.68,2778.62
7002009,3/18/2023,13158,1515,319,WHNJ1,KY,Ground,UPS,InTransit,79,18.95,25.18,0.2,9.68,1601.06
7002010,5/3/2024,15521,1207,594,WHNJ1,GA,2Day,UPS,Cancelled,114,2.11,70.46,0,11.43,8043.87
7002011,2/9/2023,11742,1948,593,WHFL1,ID,Ground,UPS,Pending,53,12.01,98.27,0,20.75,5229.06
7002012,3/15/2023,13689,3442,668,WHWA1,CA,Ground,USPS,InTransit,16,2.42,28.21,0,43.59,494.95
7002013,6/15/2025,17486,2829,601,WHPA1,CT,Ground,USPS,Delivered,72,9.89,74.11,0.15,62.42,4597.95
7002014,6/13/2023,15370,4599,673,WHPA1,UT,Ground,UPS,Delivered,110,7.28,21.63,0,4.41,2383.71
7002015,6/25/2024,15645,3168,462,WHTX1,MN,Ground,UPS,InTransit,18,6.05,126.08,0.25,20.64,1722.72
7002016,2/3/2024,19090,2657,430,WHIL1,AK,Ground,USPS,Delivered,27,16.65,40.22,0,48.1,1134.04
7002017,12/13/2023,14024,1602,344,WHFL1,NJ,Ground,UPS,Delivered,100,6.78,53.49,0,41.8,5390.8
7002018,6/7/2025,10717,1712,653,WHPA1,WI,Ground,FedEx,InTransit,33,9.94,109.88,0,4.94,3630.98
7002019,1/26/2023,13968,2204,383,WHFL1,VT,Overnight,USPS,Pending,20,5.72,102.94,0,10.71,2069.51
7002020,11/7/2024,17424,2392,680,WHPA1,OR,Overnight,FedEx,Delivered,147,10.45,83.61,0,33.85,12324.52
7002021,8/15/2025,16451,3697,424,WHFL1,CA,Ground,UPS,InTransit,19,17.79,123.34,0.05,7.01,2233.3
7002022,7/27/2024,13216,4273,327,WHTX1,MD,Ground,UPS,Delivered,43,5.91,79.89,0,11.49,3446.76
7002023,7/21/2025,17826,5926,604,WHPA1,MT,Ground,USPS,Pending,54,14.68,165.28,0.05,63.59,8542.45
7002024,3/3/2023,10391,4132,650,WHCA1,UT,Overnight,UPS,Delivered,62,10.34,18.12,0.1,15.63,1026.73
7002025,2/12/2024,19892,4731,307,WHGA1,UT,Ground,UPS,Delivered,45,10.29,57.55,0.15,25.86,2227.15
7002026,10/21/2023,13038,3667,641,WHGA1,RI,Ground,FedEx,InTransit,155,8.1,55.86,0,18.19,8676.49
7002027,12/12/2024,10233,1550,499,WHGA1,CO,Ground,USPS,InTransit,92,15.9,51.47,0,8.85,4744.09
7002028,8/30/2025,13132,5742,412,WHPA1,NH,Ground,FedEx,Pending,45,14.96,84.99,0,22.28,3846.83
7002029,10/17/2023,17635,4983,389,WHFL1,GA,Ground,UPS,Pending,44,9.23,69.7,0,7.05,3073.85
7002030,11/1/2024,10234,2245,428,WHGA1,DC,2Day,FedEx,Delivered,66,11.29,106.88,0,26.31,7080.39
7002031,8/16/2023,11392,4887,530,WHIL1,KS,Ground,UPS,Delivered,4,15.62,26.2,0.05,46.72,146.28
7002032,8/2/2024,19448,5013,318,WHCA1,ND,Ground,UPS,InTransit,160,13.84,298.54,0.05,17.26,45395.34
7002033,4/5/2024,10890,3550,589,WHGA1,NM,Ground,USPS,Pending,27,8.32,45.63,0.1,16.99,1125.8
7002034,8/22/2025,17903,4205,461,WHNJ1,OK,2Day,UPS,Delivered,100,20.13,73.34,0.15,27.13,6261.03
7002035,9/10/2024,10746,1846,652,WHPA1,SD,Ground,UPS,Delivered,117,16.79,51.93,0,4.83,6080.64
7002036,12/14/2023,19912,5546,678,WHCA1,CA,Ground,UPS,Delivered,129,35.49,63.5,0.2,33.55,6586.75
7002037,5/15/2023,10428,1044,581,WHIL1,NC,Ground,FedEx,Delivered,20,3.9,41.26,0,33.03,858.23
7002038,6/28/2023,10732,1659,698,WHGA1,TX,2Day,FedEx,InTransit,71,15.24,69.3,0.1,43.39,4471.66
7002039,9/10/2023,10800,5824,466,WHIL1,ME,Ground,FedEx,Delivered,10,19.96,90.05,0,15.46,915.96
7002040,10/11/2023,16508,4931,560,WHPA1,NY,Ground,FedEx,Delivered,123,18.28,11.17,0.15,28.38,1196.2
7002041,4/10/2025,17026,3868,664,WHGA1,MN,Ground,FedEx,Pending,63,8.59,47.67,0,61.12,3064.33
7002042,7/29/2024,19028,4648,490,WHNJ1,AZ,2Day,FedEx,Delivered,19,4.41,46.42,0.05,44.69,882.57
7002043,6/14/2024,17625,3783,638,WHCA1,AL,Ground,UPS,InTransit,104,25.19,304.63,0,37.5,31719.02
7002044,5/16/2023,18327,2692,566,WHFL1,OK,Ground,UPS,Delivered,41,7.49,109.55,0,61.32,4552.87
7002045,4/21/2025,15384,3226,591,WHNJ1,SD,Ground,FedEx,Delivered,14,8.38,171.47,0,13.23,2413.81
7002046,12/8/2024,16208,4067,655,WHGA1,NV,Ground,UPS,Delivered,59,34.55,88.68,0.05,9.66,4980.17
7002047,3/21/2023,12539,2948,660,WHTX1,WV,Ground,UPS,Delivered,28,4.66,63.56,0,5.99,1785.67
7002048,11/30/2024,13719,2366,579,WHWA1,RI,Overnight,UPS,Delivered,169,16.34,77.42,0,27.28,13111.26
7002049,7/8/2024,18233,4131,517,WHCA1,CA,Ground,FedEx,InTransit,45,6.36,131.69,0,42.96,5969.01
7002050,4/7/2023,13368,5534,621,WHIL1,IL,Overnight,FedEx,Delivered,77,6.28,204.27,0.05,1.75,14944.1
7002051,3/29/2024,15009,5522,638,WHGA1,HI,Ground,FedEx,Delivered,169,11.06,74.13,0,22.25,12550.22
7002052,4/30/2024,15230,1968,507,WHNJ1,VA,Overnight,FedEx,InTransit,49,15.01,38.8,0.05,60.01,1866.15
7002053,7/15/2023,17389,2405,453,WHPA1,MI,Ground,USPS,Delivered,45,17.68,114.61,0.15,34.59,4418.42
7002054,7/31/2025,12416,1486,481,WHFL1,WI,Ground,UPS,Pending,19,19.13,33.02,0.15,29.57,562.84
7002055,4/9/2025,17172,2756,512,WHTX1,MN,Ground,FedEx,Delivered,164,6.54,78.86,0,25.28,12958.32
7002056,11/10/2024,12950,4631,573,WHFL1,ID,Ground,UPS,Delivered,122,5.04,96.67,0,45.81,11839.55
7002057,4/3/2024,14262,3969,503,WHPA1,MA,Ground,UPS,Delivered,27,8.14,55.63,0,26.05,1528.06
7002058,2/4/2024,15146,2580,505,WHGA1,ME,Ground,USPS,Delivered,41,12.32,31.85,0.1,19.05,1194.32
7002059,10/30/2024,13467,3796,684,WHWA1,CA,Ground,UPS,Delivered,155,8.84,43.65,0,23.62,6789.37
7002060,7/10/2024,13089,1051,453,WHIL1,MS,Ground,UPS,Delivered,71,1.13,48.08,0,6.89,3420.57
7002061,3/15/2023,11116,2660,470,WHNJ1,NJ,2Day,FedEx,Delivered,74,3.34,28.7,0,18.22,2142.02
7002062,6/1/2024,14579,5301,541,WHCA1,DE,Ground,UPS,InTransit,90,8.66,45.79,0.1,53.62,3762.61
7002063,2/17/2025,12591,3788,587,WHTX1,AK,Overnight,FedEx,InTransit,113,16.7,21.71,0.2,14.48,1977.06
7002064,3/31/2024,17373,5629,545,WHGA1,WI,Overnight,UPS,Delivered,165,5.81,90.75,0.05,23.6,14248.66
7002065,3/3/2023,13574,3156,621,WHGA1,ND,Ground,UPS,Delivered,123,15.52,75.77,0.1,28.25,8415.99
7002066,1/24/2025,12979,5347,380,WHGA1,MN,Ground,FedEx,Delivered,163,4.08,72.26,0.05,16.71,11206.17
7002067,8/18/2023,19423,5231,392,WHGA1,AZ,Ground,FedEx,Delivered,127,11.66,45.8,0,32.78,5849.38
7002068,10/19/2023,17314,4162,449,WHNJ1,MS,Ground,UPS,Pending,6,11.71,50.3,0.05,18.1,304.81
7002069,7/13/2023,17023,2615,330,WHCA1,LA,Ground,FedEx,Delivered,14,13.25,33.59,0,56.28,526.54
7002070,12/3/2023,14976,3737,423,WHIL1,WA,Ground,FedEx,Delivered,145,5.46,85.45,0,32.19,12422.44
7002071,12/26/2024,14926,1407,687,WHTX1,OR,Ground,FedEx,Delivered,4,3.95,23.19,0.05,4.81,92.93
7002072,6/10/2024,18048,4380,626,WHFL1,WI,Ground,UPS,Delivered,121,15.46,63.62,0,49.04,7747.06
7002073,8/21/2023,18091,5198,329,WHWA1,NM,Ground,UPS,InTransit,135,4,38.5,0,20.93,5218.43
7002074,5/12/2025,18052,2385,559,WHGA1,IN,2Day,UPS,Delivered,53,6.3,205.3,0.1,13.03,9805.84
7002075,5/14/2025,15293,4696,486,WHPA1,AL,Ground,UPS,Delivered,44,23.05,86.76,0,59.13,3876.57
7002076,5/3/2025,16646,5500,375,WHGA1,IN,Ground,UPS,Delivered,23,11.07,59.98,0.1,2.58,1244.17
7002077,9/26/2023,15404,5910,345,WHCA1,SD,Ground,UPS,Delivered,6,12.48,27.66,0,48.36,214.32
7002078,3/21/2024,13431,3903,369,WHCA1,CA,Ground,USPS,Delivered,110,14.55,23.1,0,44.3,2585.3
7002079,9/3/2025,11996,2630,667,WHWA1,NM,Ground,FedEx,InTransit,9,14.24,84.89,0,30.84,794.85
7002080,1/7/2025,16031,4263,510,WHNJ1,NM,Ground,UPS,Delivered,167,9.87,211.35,0,27.5,35322.95
7002081,2/1/2023,13892,2027,539,WHNJ1,NJ,Ground,FedEx,Delivered,36,5.82,79.89,0,15.37,2891.41
7002082,3/18/2023,17146,3990,640,WHPA1,OK,Ground,FedEx,Delivered,121,50.05,67.83,0,48.7,8256.13
7002083,4/5/2024,18499,3225,608,WHPA1,AL,Ground,UPS,Delivered,7,8.39,68.52,0,33.07,512.71
7002084,6/18/2025,19555,3921,492,WHNJ1,AZ,Ground,FedEx,Pending,71,12.2,64.49,0,52.96,4631.75
7002085,7/2/2024,12103,5316,672,WHTX1,MD,Ground,UPS,Delivered,43,13.02,69.18,0,25.68,3000.42
7002086,5/15/2024,13031,5269,403,WHPA1,TX,Ground,FedEx,Delivered,4,7.26,37.14,0.05,59.95,201.08
7002087,5/5/2023,18525,3784,541,WHNJ1,WV,Ground,UPS,Delivered,92,7.75,30.35,0.05,6.72,2659.31
7002088,11/3/2024,18108,2414,553,WHGA1,TX,2Day,UPS,Delivered,166,24.42,64.77,0,17.19,10769.01
7002089,3/7/2025,10243,5598,520,WHNJ1,MA,Ground,UPS,Pending,2,6.42,170.67,0.05,18.45,342.72
7002090,12/30/2023,11885,4649,697,WHFL1,NJ,Ground,FedEx,Delivered,33,12.81,103.36,0,42.6,3453.48
7002091,1/12/2025,18016,3809,636,WHTX1,TN,Ground,FedEx,Delivered,101,17.12,25.3,0.25,14.32,1930.8
7002092,8/16/2025,19625,4332,517,WHNJ1,UT,2Day,UPS,Delivered,141,8.79,50.18,0,1.11,7076.49
7002093,8/21/2023,16748,3179,502,WHNJ1,NJ,2Day,UPS,Delivered,23,9.45,99.95,0.1,48.71,2117.68
7002094,6/14/2024,18495,1798,329,WHGA1,CA,2Day,FedEx,Delivered,8,17.76,173.5,0,42.6,1430.6
7002095,11/10/2023,14331,3847,512,WHPA1,GA,Ground,USPS,InTransit,1,9.21,210.24,0.2,20.07,188.26
7002096,2/1/2025,17864,1930,454,WHGA1,MS,2Day,FedEx,Delivered,26,2.88,51.77,0.1,17.59,1229.01
7002097,8/12/2024,13110,5819,531,WHFL1,VT,Ground,DHL,Delivered,9,24.65,106.84,0,14.22,975.78
7002098,10/11/2024,12187,4092,402,WHFL1,DC,Ground,UPS,Delivered,45,5.57,71.44,0,20.04,3234.84
7002099,2/7/2025,11551,3263,615,WHWA1,RI,Ground,UPS,Delivered,56,11.38,55.18,0,24.88,3114.96
7002100,1/16/2024,19985,2334,477,WHGA1,WV,Ground,FedEx,Delivered,62,4.54,62.68,0,45.44,3931.6
7002101,6/25/2025,10647,2275,481,WHNJ1,CO,Ground,UPS,InTransit,17,7.36,63.22,0,36.33,1111.07
7002102,6/26/2024,16145,5584,532,WHGA1,GA,Ground,UPS,InTransit,60,7.7,136.59,0,2.65,8198.05
7002103,7/5/2023,14657,4481,312,WHCA1,TN,2Day,UPS,Delivered,2,11.1,22.45,0,4.82,49.72
7002104,11/24/2024,18905,4343,486,WHIL1,TX,2Day,UPS,InTransit,29,5.91,83.27,0,25.41,2440.24
7002105,2/1/2025,10538,2218,549,WHIL1,GA,Ground,UPS,Delivered,46,32.86,176.26,0.05,31.25,7733.81
7002106,11/26/2023,16573,2465,566,WHGA1,MO,Ground,DHL,Delivered,14,10.15,163.46,0,5.01,2293.45
7002107,4/18/2025,10235,5409,690,WHPA1,IN,2Day,UPS,Delivered,126,16.97,89.36,0,48.71,11308.07
7002108,6/14/2025,19697,5175,435,WHTX1,WA,2Day,UPS,Delivered,24,9.95,35.32,0,16.99,864.67
7002109,11/5/2023,16540,5771,545,WHFL1,RI,Ground,UPS,InTransit,112,18.19,103.35,0,6.97,11582.17
7002110,9/1/2025,11375,1014,331,WHGA1,IL,Ground,USPS,Delivered,61,2.84,151.68,0,10.1,9262.58
7002111,6/15/2023,11910,3294,647,WHPA1,HI,Ground,FedEx,Delivered,62,6.55,41.84,0,39.11,2633.19
7002112,8/19/2023,19108,3046,559,WHGA1,RI,Ground,UPS,Delivered,90,7.31,77.07,0,59.69,6995.99
7002113,8/4/2023,17219,2038,404,WHNJ1,HI,Ground,UPS,Delivered,5,7.28,51.97,0,10.2,270.05
7002114,5/31/2025,10081,5129,682,WHFL1,VA,Ground,FedEx,Delivered,9,13.65,39.04,0.1,6.36,322.58
7002115,11/1/2024,12084,2460,301,WHFL1,WI,Ground,UPS,InTransit,40,14.22,48.12,0.15,34.46,1670.54
7002116,6/29/2023,11691,1257,507,WHPA1,KS,Ground,DHL,Delivered,53,9.57,65.65,0.1,20.03,3151.54
7002117,3/8/2024,10757,5130,435,WHFL1,NC,2Day,FedEx,Delivered,55,9.71,31.55,0,42.2,1777.45
7002118,9/18/2024,12671,5074,571,WHTX1,SD,Ground,UPS,Delivered,96,43.25,28.13,0,25.69,2726.17
7002119,4/9/2023,13752,2284,389,WHGA1,SD,Ground,USPS,Delivered,1,12.15,32.19,0.05,11.62,42.2
7002120,5/17/2025,18660,4488,495,WHCA1,NY,2Day,UPS,Delivered,174,2.63,75.48,0.2,14.5,10521.32
7002121,2/13/2025,15262,3185,422,WHPA1,GA,Ground,UPS,Delivered,21,15.87,21.5,0,15.34,466.84
7002122,5/24/2024,16853,1359,416,WHIL1,DC,Ground,UPS,Cancelled,30,13.99,12.71,0.15,29.9,354
7002123,8/18/2025,11495,4792,496,WHPA1,IA,Ground,FedEx,Delivered,152,20.05,156.82,0.05,32.39,22677.2
7002124,2/11/2024,15741,5850,336,WHWA1,KS,2Day,UPS,Delivered,1,14.32,29.52,0.25,51.94,74.08
7002125,9/2/2025,19212,4188,367,WHCA1,TX,Overnight,UPS,Delivered,193,5.81,52.38,0,75.46,10184.8
7002126,11/9/2024,18056,5500,433,WHFL1,NE,Ground,UPS,Delivered,5,17.06,114.43,0,17.7,589.85
7002127,10/11/2024,10902,2226,581,WHWA1,WI,2Day,USPS,Delivered,14,10.61,21.92,0,23.37,330.25
7002128,7/15/2023,10673,3298,311,WHCA1,DC,Ground,UPS,Delivered,29,18.73,21.91,0.05,25.36,628.98
7002129,5/17/2025,18631,1278,518,WHFL1,VT,2Day,UPS,Delivered,56,25.31,38.53,0.05,50.76,2100.56
7002130,2/22/2024,10445,5208,622,WHCA1,NY,Overnight,FedEx,Delivered,68,9.29,117.6,0.15,35.23,6832.51
7002131,7/11/2023,19158,2987,456,WHTX1,CO,Ground,FedEx,Delivered,12,16.91,59.1,0.1,28.09,666.37
7002132,1/15/2023,18656,4545,540,WHTX1,WA,2Day,USPS,Delivered,9,18.59,59.66,0,7.89,544.83
7002133,7/27/2024,12199,3794,360,WHPA1,WV,Ground,UPS,Pending,4,11,48.79,0,30.74,225.9
7002134,6/19/2024,12288,1392,438,WHWA1,OK,Ground,USPS,InTransit,31,32.38,88.93,0,14.78,2771.61
7002135,12/6/2024,14009,1969,350,WHTX1,DE,2Day,FedEx,InTransit,158,18.73,163.47,0.3,26.23,18106.01
7002136,5/27/2025,19105,3191,467,WHIL1,MO,Ground,UPS,Delivered,49,7.04,484.52,0,35.57,23777.05
7002137,4/4/2023,10497,3229,465,WHWA1,CT,Ground,USPS,Delivered,114,11.69,54.09,0.05,37.37,5895.32
7002138,12/13/2024,11464,3627,619,WHFL1,KY,Ground,FedEx,Delivered,23,16.75,174.6,0,10.52,4026.32
7002139,8/7/2023,16829,3846,489,WHNJ1,WV,2Day,FedEx,Delivered,8,31.65,120.76,0.05,21.83,939.61
7002140,4/19/2025,14254,5365,392,WHPA1,NJ,2Day,USPS,InTransit,74,14.51,72.33,0,15.44,5367.86
7002141,3/4/2025,10494,4308,594,WHGA1,AK,Ground,FedEx,Delivered,128,11.9,12.77,0.05,10.05,1562.88
7002142,7/5/2024,15066,3601,676,WHGA1,KY,Ground,UPS,InTransit,150,21.35,46.05,0.1,23.98,6240.73
7002143,12/2/2024,15431,3681,589,WHPA1,AR,Overnight,USPS,InTransit,73,8.77,47.35,0,28.01,3484.56
7002144,11/25/2023,11427,5371,375,WHNJ1,MT,Ground,UPS,Pending,36,5.52,77.13,0,15.95,2792.63
7002145,4/14/2024,19885,5839,345,WHGA1,IN,Overnight,FedEx,InTransit,13,15.25,52.25,0.25,13.97,523.41
7002146,3/7/2025,11794,1086,685,WHPA1,DE,2Day,UPS,Delivered,94,7.97,40.45,0,33.48,3835.78
7002147,3/31/2024,12724,4135,353,WHPA1,CA,Ground,UPS,Delivered,34,51.01,248.48,0,62.52,8510.84
7002148,12/18/2023,10659,5500,475,WHCA1,CA,Ground,FedEx,Delivered,133,11.64,149.92,0,26.74,19966.1
7002149,5/11/2024,14762,3240,461,WHIL1,CA,Ground,UPS,Delivered,83,15.31,14.56,0.1,70.26,1157.89
7002150,3/14/2025,17631,4365,367,WHWA1,NE,Ground,FedEx,Delivered,138,6.86,49.28,0,33.74,6834.38
7002151,12/6/2023,18742,3046,661,WHGA1,CA,Ground,USPS,Delivered,76,21.36,93.32,0,16,7108.32
7002152,7/24/2023,18835,2055,570,WHIL1,AZ,2Day,UPS,Pending,116,9.84,152.32,0,10.12,17679.24
7002153,12/3/2024,14351,4402,424,WHFL1,PA,2Day,FedEx,Delivered,36,9.28,44.72,0.2,18.17,1306.11
7002154,3/12/2025,10208,4730,482,WHPA1,NJ,Ground,FedEx,Delivered,66,9.41,51.6,0,34.18,3439.78
7002155,4/29/2023,14191,3670,676,WHNJ1,AL,Ground,FedEx,Delivered,3,4.61,64.12,0,5.7,198.06
7002156,9/27/2023,11884,1276,692,WHPA1,DE,Ground,FedEx,Cancelled,83,8.6,95.36,0,11.67,7926.55
7002157,6/16/2023,12887,5747,482,WHGA1,IL,Ground,UPS,Delivered,71,13.88,20.48,0,17.52,1471.6
7002158,12/13/2023,10478,5091,336,WHIL1,MD,Ground,UPS,Delivered,112,3.96,14.64,0,15.88,1655.56
7002159,3/20/2024,18954,2106,512,WHCA1,CO,2Day,UPS,Delivered,106,18.46,144.39,0.05,11.72,14551.79
7002160,12/22/2024,18382,5682,684,WHWA1,WY,Ground,UPS,InTransit,87,8.51,30,0.1,26.65,2375.65
7002161,10/30/2024,16855,3933,434,WHCA1,WY,Ground,FedEx,Delivered,7,11.58,265.13,0,7.69,1863.6
7002162,9/25/2024,10756,1129,653,WHPA1,WV,Ground,UPS,InTransit,151,2.62,32.78,0,51.32,5001.1
7002163,12/15/2023,19639,5352,478,WHNJ1,DE,Ground,DHL,Delivered,3,11.45,52.71,0,24.76,182.89
7002164,3/30/2025,14932,5327,466,WHFL1,NJ,Ground,FedEx,Delivered,123,5.35,77.66,0,68.61,9620.79
7002165,4/14/2024,19856,4569,637,WHWA1,WI,Ground,UPS,Delivered,62,8.1,13.49,0.1,29.61,782.35
7002166,8/28/2025,15725,3403,629,WHTX1,SC,2Day,UPS,InTransit,127,3.9,445.6,0,37.5,56628.7
7002167,10/10/2024,14151,2648,627,WHGA1,IA,Ground,FedEx,Delivered,60,5.89,45.51,0,24.59,2755.19
7002168,5/29/2023,14061,4557,346,WHPA1,GA,Ground,FedEx,Pending,90,9.07,33.36,0,35.98,3038.38
7002169,11/13/2024,14766,4892,456,WHCA1,NC,Ground,DHL,Delivered,45,8.5,26.52,0,36.93,1230.33
7002170,12/1/2023,13613,3194,536,WHCA1,FL,Overnight,UPS,Delivered,109,17,77.29,0,39.12,8463.73
7002171,11/19/2024,16554,3048,616,WHNJ1,WI,Ground,UPS,Delivered,31,3.26,73.55,0,12.42,2292.47
7002172,3/23/2023,17379,4105,360,WHCA1,NC,2Day,USPS,Delivered,104,9.7,27.15,0.05,12.02,2694.44
7002173,7/25/2023,11690,5356,305,WHGA1,FL,2Day,UPS,Delivered,23,9.42,22.97,0,36.31,564.62
7002174,4/16/2025,11317,3135,691,WHNJ1,IN,Ground,FedEx,InTransit,105,7.6,125.59,0.1,8.61,11876.87
7002175,9/13/2023,17131,1843,481,WHIL1,NY,2Day,UPS,InTransit,36,5.78,37.92,0,16.71,1381.83
7002176,3/25/2025,13187,2972,445,WHNJ1,OR,Ground,FedEx,Delivered,34,19.37,17.99,0.05,0.72,581.8
7002177,11/6/2023,15790,5361,615,WHFL1,CO,Ground,UPS,Delivered,125,34.17,54.1,0,12.17,6774.67
7002178,10/21/2024,11146,4904,565,WHGA1,CA,Ground,FedEx,Delivered,126,3.58,45.29,0,3.51,5710.05
7002179,11/23/2024,14395,4614,523,WHFL1,AR,2Day,FedEx,Pending,99,5.74,234.95,0,10.16,23270.21
7002180,6/2/2024,17943,1392,601,WHGA1,WV,Overnight,DHL,Pending,159,5.47,41.63,0,19.3,6638.47
7002181,11/20/2023,17549,3280,636,WHIL1,KS,2Day,UPS,Delivered,19,8.45,48.36,0,8.67,927.51
7002182,8/28/2023,10561,1901,537,WHPA1,GA,Ground,UPS,Delivered,33,21.24,69.96,0,10.58,2319.26
7002183,2/9/2023,11913,5684,313,WHNJ1,NM,Ground,UPS,Cancelled,36,13.72,40.23,0,62.88,1511.16
7002184,11/19/2023,11865,3495,639,WHGA1,NM,Ground,USPS,Delivered,37,9.12,81.7,0.05,47.95,2919.7
7002185,11/1/2024,10297,2153,568,WHGA1,IN,Ground,FedEx,Cancelled,40,10.1,29.45,0,46.31,1224.31
7002186,7/22/2025,12410,2295,566,WHIL1,IL,Ground,FedEx,Delivered,100,8.26,50.75,0,29.49,5104.49
7002187,5/4/2025,17631,1466,316,WHTX1,AR,Ground,UPS,Delivered,33,15.58,79.77,0,17.97,2650.38
7002188,12/31/2024,11462,3176,392,WHNJ1,VA,Overnight,FedEx,Delivered,35,16.76,133.05,0,33.84,4690.59
7002189,1/27/2025,14293,4246,548,WHWA1,MT,Ground,UPS,Delivered,77,14.26,39.81,0.25,14.65,2313.68
7002190,11/7/2024,12269,1488,319,WHGA1,MS,Ground,UPS,InTransit,23,2.68,39.47,0,37.51,945.32
7002191,10/21/2023,10995,3939,660,WHCA1,FL,Ground,FedEx,Delivered,45,10.08,176.48,0,9.43,7951.03
7002192,6/16/2025,16555,3627,690,WHIL1,OH,Ground,UPS,Delivered,7,8.94,40.78,0,11.4,296.86
7002193,11/11/2024,10008,1950,688,WHTX1,TN,Overnight,FedEx,Pending,171,18.13,57.66,0.1,13.07,8886.94
7002194,7/28/2024,12516,5502,403,WHTX1,IA,Ground,USPS,Delivered,39,11.54,198.99,0,8.01,7768.62
7002195,5/11/2023,11418,2050,395,WHIL1,MS,Ground,USPS,Delivered,135,13.97,62.9,0.05,40.74,8107.66
7002196,3/16/2024,12317,5076,583,WHTX1,NM,Ground,FedEx,Delivered,70,7.43,50.45,0.15,27.29,3029.06
7002197,4/1/2024,17359,5460,513,WHGA1,ME,Overnight,UPS,Delivered,27,17.57,53.15,0.1,10.83,1302.38
7002198,4/26/2025,13933,2391,337,WHTX1,AK,Ground,FedEx,Delivered,23,20.97,35.73,0.05,67.89,848.59
7002199,7/11/2024,16205,2084,693,WHNJ1,AK,Ground,UPS,Delivered,99,3.77,82.26,0.05,5.48,7742.03
7002200,12/30/2023,11288,5647,361,WHWA1,SD,Ground,UPS,Delivered,176,4.59,31.42,0,23.95,5553.87
7002201,8/26/2025,11119,2659,591,WHCA1,OK,Ground,FedEx,Delivered,22,15.8,103.47,0,21.43,2297.77
7002202,5/11/2023,18745,5388,662,WHWA1,OR,2Day,USPS,Delivered,14,9.02,60.64,0.1,26.89,790.95
7002203,2/16/2024,17638,2818,603,WHWA1,ND,Ground,UPS,Delivered,49,18.54,70.75,0,7.51,3474.26
7002204,2/19/2023,10661,1191,544,WHGA1,RI,Ground,UPS,Delivered,50,11.56,201.37,0.05,25.38,9590.45
7002205,12/17/2024,18908,1461,611,WHIL1,ME,Ground,FedEx,Delivered,124,15.15,21.76,0,30.41,2728.65
7002206,6/28/2025,16923,3522,644,WHCA1,PA,Overnight,UPS,Delivered,61,6.39,61.03,0,9.47,3732.3
7002207,11/7/2023,18105,4477,651,WHPA1,MN,Ground,FedEx,Delivered,8,12.26,93.78,0.1,11.32,686.54
7002208,4/19/2025,16338,3706,306,WHGA1,KS,2Day,UPS,Delivered,157,12.28,38.98,0,9.02,6128.88
7002209,11/13/2023,12530,5367,677,WHCA1,VA,Ground,UPS,Pending,47,6.61,116.76,0.1,14.46,4953.41
7002210,6/20/2025,13971,2158,606,WHTX1,UT,2Day,FedEx,Delivered,94,18.24,40.98,0.2,14.9,3096.6
7002211,12/25/2024,13408,5267,465,WHPA1,CO,Overnight,USPS,Delivered,94,3.21,73.59,0.1,15.49,6241.2
7002212,2/15/2025,19651,1028,313,WHIL1,MT,Ground,FedEx,Delivered,7,11.33,55.03,0,48.74,433.95
7002213,1/22/2023,19047,5232,325,WHIL1,MI,Ground,USPS,Delivered,1,4.6,67.19,0.1,5.07,65.54
7002214,8/14/2025,17417,3973,524,WHWA1,VT,Ground,UPS,Cancelled,10,5.42,63.19,0,1.42,633.32
7002215,12/10/2024,14761,4025,423,WHNJ1,WA,2Day,USPS,Delivered,172,18.07,58.67,0,11.92,10103.16
7002216,11/20/2023,11898,5984,429,WHTX1,MS,Ground,UPS,Delivered,121,5.17,43.07,0,2.06,5213.53
7002217,3/16/2025,16365,2265,605,WHWA1,VA,Ground,USPS,Delivered,16,5.04,37.68,0,15.4,618.28
7002218,11/7/2023,18465,1856,422,WHNJ1,SC,Ground,FedEx,Delivered,84,14.17,74.85,0,38.16,6325.56
7002219,5/6/2025,14088,5026,335,WHNJ1,MA,Ground,UPS,Delivered,84,5.14,62.26,0,5.8,5235.64
7002220,5/13/2023,19465,2252,383,WHTX1,NJ,Ground,UPS,Pending,1,18.42,36.96,0.25,6.32,34.04
7002221,11/28/2024,14375,5605,609,WHGA1,HI,2Day,FedEx,Delivered,55,14.72,76.3,0.1,18.48,3795.33
7002222,7/4/2024,17608,4871,482,WHPA1,FL,2Day,UPS,Delivered,103,6.27,43.4,0.05,46.98,4293.67
7002223,4/24/2023,14020,2327,376,WHFL1,ID,Ground,USPS,Delivered,22,18.01,178.24,0,21.58,3942.86
7002224,9/30/2023,10816,2026,404,WHNJ1,MT,Ground,UPS,Pending,135,3.13,342.67,0,46.69,46307.14
7002225,1/15/2023,17256,1362,532,WHCA1,PA,Ground,UPS,Delivered,93,13.28,158.65,0,10.66,14765.11
7002226,4/11/2024,10923,2219,603,WHPA1,DC,2Day,UPS,Pending,1,4.73,152.58,0.05,42.8,187.75
7002227,11/18/2023,14868,1606,343,WHGA1,AZ,Ground,UPS,Delivered,136,7.31,106.09,0.2,12.89,11555.48
7002228,8/30/2024,11265,2671,393,WHWA1,NC,Ground,FedEx,Cancelled,3,7.59,51.8,0.1,14.02,153.88
7002229,11/16/2023,13725,5812,444,WHTX1,IA,Ground,FedEx,InTransit,146,21.57,15.88,0.15,12.1,1982.81
7002230,11/17/2023,12723,3298,554,WHIL1,WA,Ground,USPS,Delivered,41,7.4,29.28,0,25.84,1226.32
7002231,12/19/2024,15356,3195,378,WHGA1,CA,Ground,UPS,InTransit,100,9.54,37.36,0,6.82,3742.82
7002232,2/26/2023,12551,5444,563,WHWA1,MS,Ground,USPS,Delivered,119,7.69,139.74,0,17.57,16646.63
7002233,6/11/2025,15320,2278,370,WHNJ1,HI,Ground,UPS,Delivered,34,5.55,71.78,0,67.9,2508.42
7002234,4/12/2025,16687,1399,449,WHCA1,NC,Ground,USPS,Delivered,44,5.39,37.81,0.1,14.63,1511.91
7002235,11/9/2024,11674,3173,592,WHWA1,MN,Ground,UPS,Delivered,67,12.04,16.49,0.15,17.09,956.2
7002236,8/26/2024,14588,3811,514,WHPA1,GA,Ground,FedEx,Delivered,79,9.84,304.01,0,42.1,24058.89
7002237,5/29/2025,15354,3653,660,WHTX1,TX,Ground,FedEx,Delivered,36,15.8,87.15,0.1,17,2840.66
7002238,8/5/2023,16858,3940,610,WHIL1,NV,2Day,UPS,Delivered,194,8.65,113.33,0,31.9,22017.92
7002239,4/4/2023,11667,1822,447,WHPA1,RI,Ground,UPS,Cancelled,108,8.82,41.24,0.05,2.76,4233.98
7002240,9/27/2023,14512,5998,325,WHCA1,KY,Ground,FedEx,Delivered,33,15.83,54.45,0,21.7,1818.55
7002241,2/3/2025,16173,1945,623,WHFL1,UT,Ground,UPS,Delivered,89,8,47.16,0,27.78,4225.02
7002242,2/10/2023,11385,4479,409,WHIL1,MT,Ground,FedEx,Delivered,56,4.22,62.76,0.1,24.16,3187.26
7002243,8/16/2024,14404,3780,481,WHTX1,MO,Ground,FedEx,Delivered,138,16.63,218.41,0,13.22,30153.8
7002244,9/15/2025,13955,5430,551,WHPA1,OK,2Day,FedEx,Delivered,41,6.66,25.83,0,11.82,1070.85
7002245,4/16/2025,16306,5451,503,WHGA1,ID,Ground,DHL,InTransit,22,10.41,58.29,0.05,20.67,1238.93
7002246,6/12/2024,18253,2197,604,WHNJ1,AZ,2Day,UPS,Delivered,6,6.87,77.24,0,34.7,498.14
7002247,3/16/2023,17239,2213,470,WHTX1,WY,2Day,UPS,Delivered,188,5.58,55.29,0.1,11.71,9366.78
7002248,3/18/2025,16982,1824,475,WHWA1,NH,Ground,UPS,Delivered,45,3.2,120.43,0.1,13.82,4891.24
7002249,8/30/2024,16027,2897,647,WHCA1,UT,2Day,FedEx,Delivered,26,12.26,17.8,0,20.06,482.86
7002250,5/16/2023,16610,5264,470,WHGA1,MS,Ground,USPS,Delivered,64,1.31,224.3,0,27.2,14382.4
7002251,4/21/2023,18665,3416,302,WHPA1,ME,Ground,DHL,Delivered,36,21.79,22.99,0,6.09,833.73
7002252,6/18/2025,10959,1536,434,WHIL1,IL,Overnight,USPS,Delivered,28,18.57,27.2,0,4.25,765.85
7002253,11/10/2024,18725,4011,427,WHGA1,KS,Ground,USPS,Delivered,85,5.79,43.8,0,23.99,3746.99
7002254,3/16/2025,10494,3628,346,WHGA1,SC,Ground,DHL,Delivered,9,25.93,38.13,0,15.8,358.97
7002255,5/13/2025,17043,4778,494,WHCA1,NE,Ground,UPS,Delivered,67,34.43,80.76,0.1,19.55,4889.38
7002256,8/7/2024,10082,1950,662,WHNJ1,CO,Ground,USPS,Delivered,49,8.49,74.47,0,1.48,3650.51
7002257,6/7/2024,17000,4509,509,WHFL1,TN,Ground,FedEx,InTransit,70,12.8,64.96,0,19.12,4566.32
7002258,2/26/2024,12971,5303,596,WHWA1,GA,2Day,UPS,Delivered,39,10.85,22.24,0.05,32.53,856.52
7002259,11/26/2023,10012,1544,358,WHWA1,PA,Ground,UPS,Delivered,77,24.8,54.42,0.05,10.1,3990.92
7002260,3/1/2024,17825,4901,378,WHGA1,DE,2Day,UPS,Delivered,10,4.34,60.83,0.25,20.21,476.43
7002261,1/10/2025,10762,4754,502,WHGA1,LA,Ground,FedEx,Pending,47,8.72,142.16,0.05,29.33,6376.77
7002262,9/2/2024,13186,5225,589,WHNJ1,NY,Ground,FedEx,InTransit,29,17.36,68.99,0,62.41,2063.12
7002263,5/29/2025,10026,3083,362,WHNJ1,KY,Ground,UPS,Pending,56,16.29,78.43,0.2,12.1,3525.76
7002264,3/12/2024,11807,3867,568,WHIL1,TN,Ground,FedEx,Delivered,50,9.75,237.01,0,15.42,11865.92
7002265,9/8/2024,16652,3247,426,WHPA1,AK,Ground,UPS,InTransit,87,23.06,26.64,0.1,18.19,2104.1
7002266,10/7/2024,15665,2837,349,WHWA1,UT,Overnight,USPS,InTransit,87,11.5,45.73,0,16.92,3995.43
7002267,8/24/2024,15155,1077,388,WHIL1,MD,Ground,FedEx,Delivered,52,10.71,27.09,0,15.59,1424.27
7002268,11/27/2024,15825,1369,634,WHNJ1,GA,Ground,DHL,Cancelled,22,15.19,184.73,0.05,4.74,3865.6
7002269,9/25/2023,13660,5622,561,WHFL1,FL,Ground,UPS,InTransit,79,9.64,193.78,0,18.91,15327.53
7002270,6/1/2024,11526,1349,479,WHTX1,WV,Ground,USPS,Cancelled,177,10.31,174.92,0,18.86,30979.7
7002271,5/3/2023,10761,5602,369,WHNJ1,RI,Ground,UPS,InTransit,22,6.24,88.02,0.05,3.19,1842.81
7002272,1/3/2024,10595,5739,667,WHIL1,SD,Ground,UPS,InTransit,8,58.13,78.31,0,4.45,630.93
7002273,5/3/2024,17193,5334,360,WHCA1,MO,2Day,FedEx,Pending,32,7.53,43.54,0,1.97,1395.25
7002274,10/31/2024,11056,2456,602,WHCA1,MO,2Day,FedEx,Delivered,52,15.49,102.82,0,32.99,5379.63
7002275,8/4/2025,13084,3186,549,WHPA1,MS,Ground,DHL,InTransit,37,31.43,24.47,0.1,40.33,855.18
7002276,9/1/2024,13676,4812,469,WHGA1,CO,Ground,FedEx,Delivered,131,4.47,24.41,0,26.23,3223.94
7002277,12/19/2024,19651,4273,569,WHFL1,NJ,Ground,USPS,Delivered,64,14.43,44.72,0,43.31,2905.39
7002278,5/25/2024,15958,4683,664,WHCA1,GA,Ground,UPS,InTransit,30,10.14,224.81,0,11.99,6756.29
7002279,10/10/2024,15256,2847,412,WHIL1,RI,2Day,UPS,Delivered,169,29.35,41.88,0,2.96,7080.68
7002280,3/25/2023,19412,2855,400,WHCA1,NM,2Day,FedEx,InTransit,15,5.8,46.04,0,35.97,726.57
7002281,10/15/2023,14229,3986,515,WHFL1,LA,Ground,UPS,Delivered,15,6.37,73.39,0.05,10.69,1056.5
7002282,12/20/2023,14182,5451,413,WHFL1,TX,Ground,DHL,Delivered,30,9.7,112.55,0,7.52,3384.02
7002283,4/15/2024,19692,3626,397,WHTX1,NC,Ground,FedEx,Delivered,9,7.44,144.14,0,43.02,1340.28
7002284,2/23/2023,11831,3895,607,WHNJ1,ME,Overnight,FedEx,Delivered,111,7.59,27.39,0,13.7,3053.99
7002285,6/14/2023,13396,1559,418,WHNJ1,MN,Overnight,FedEx,Delivered,38,33.77,56.07,0.1,39.88,1957.47
7002286,11/5/2023,11204,3897,336,WHIL1,CA,Ground,FedEx,Delivered,106,10.79,70.21,0.1,45.09,6743.12
7002287,8/22/2025,12811,2918,637,WHGA1,MT,2Day,UPS,Delivered,114,6.24,75.32,0,10.27,8596.75
7002288,12/4/2023,13093,2255,659,WHFL1,NH,Overnight,FedEx,Delivered,29,7.91,109.99,0,28.71,3218.42
7002289,4/26/2024,13045,2682,590,WHNJ1,MS,Ground,FedEx,Delivered,68,12.75,106.53,0.05,30.19,6912.03
7002290,8/14/2023,16072,2815,696,WHWA1,CO,2Day,DHL,Delivered,68,12.24,61.08,0.1,37.38,3775.48
7002291,9/13/2024,17273,1663,689,WHCA1,RI,Ground,UPS,Delivered,141,7.07,134.43,0,13.93,18968.56
7002292,11/7/2023,14674,5117,604,WHFL1,AR,Ground,FedEx,Delivered,3,3.77,118.21,0.05,4.91,341.81
7002293,8/23/2023,13515,4326,660,WHTX1,WV,Ground,UPS,InTransit,39,9.7,111.74,0.1,19.49,3941.56
7002294,6/6/2024,19991,2242,647,WHWA1,TN,Ground,UPS,Delivered,145,9.55,41.44,0,12.42,6021.22
7002295,1/7/2023,16193,4144,424,WHGA1,MT,2Day,FedEx,Delivered,28,6.79,98.83,0,30.02,2797.26
7002296,1/10/2023,10145,4038,340,WHGA1,IA,Ground,UPS,Delivered,16,21.55,139.33,0,25.03,2254.31
7002297,9/3/2023,17508,1162,441,WHGA1,IL,Ground,FedEx,Cancelled,78,14.12,41.87,0.2,48.54,2661.23
7002298,2/13/2023,14858,5226,326,WHWA1,SC,Ground,FedEx,Delivered,37,10.84,65.79,0.05,22.1,2334.62
7002299,5/8/2023,11378,2951,442,WHNJ1,MI,Ground,UPS,Delivered,60,8.05,179.41,0,10.53,10775.13
7002300,12/8/2023,13147,5321,652,WHPA1,IL,Ground,FedEx,Delivered,127,28.29,79.19,0,30.53,10087.66
7002301,2/12/2025,15025,2782,695,WHGA1,RI,Ground,UPS,Delivered,69,5,56.42,0,10.24,3903.22
7002302,8/8/2024,10794,5676,636,WHWA1,KY,Ground,USPS,Delivered,68,7.42,166.91,0,26.79,11376.67
7002303,6/2/2024,19794,2478,357,WHWA1,OK,2Day,UPS,Delivered,34,7.62,43.16,0,3.81,1471.25
7002304,11/14/2023,15757,4031,450,WHIL1,RI,2Day,UPS,InTransit,120,11.96,18.3,0,12.45,2208.45
7002305,7/15/2025,14415,4987,667,WHCA1,WV,Ground,FedEx,Delivered,109,14.87,34.78,0,34.54,3825.56
7002306,1/17/2024,11111,1107,505,WHPA1,MO,Ground,DHL,Delivered,28,4.48,132.89,0,25.55,3746.47
7002307,4/13/2023,15673,3669,376,WHTX1,ND,2Day,USPS,Delivered,39,6.63,86.39,0.05,10.24,3210.99
7002308,9/20/2024,14054,5936,585,WHCA1,MA,Ground,UPS,Delivered,119,13.08,62.93,0.05,19.55,7133.79
7002309,5/15/2023,13938,2165,510,WHIL1,MO,Ground,UPS,Delivered,44,6.71,126.11,0.05,12.68,5284.08
7002310,12/11/2023,13964,2158,686,WHIL1,MO,2Day,FedEx,Pending,51,7.86,67.43,0.1,31.9,3126.94
7002311,5/26/2024,14943,3247,558,WHFL1,MI,Ground,USPS,Delivered,45,11.09,51.35,0,22.05,2332.8
7002312,5/8/2025,15898,1667,559,WHPA1,MN,Ground,UPS,Delivered,19,5.55,107.65,0,5.75,2051.1
7002313,5/10/2024,18975,3127,484,WHCA1,MO,2Day,UPS,Delivered,42,11.81,45.92,0,34.93,1963.57
7002314,11/27/2024,11117,3942,628,WHNJ1,IN,Ground,UPS,Delivered,123,14.44,84.56,0,52.64,10453.52
7002315,9/12/2025,11751,1512,311,WHFL1,IN,2Day,UPS,Delivered,64,10.23,34.4,0.15,14.57,1885.93
7002316,6/4/2023,14028,1250,460,WHIL1,MT,Ground,FedEx,Delivered,59,23.52,28.68,0,10.24,1702.36
7002317,11/3/2023,15746,1889,560,WHGA1,SC,Ground,UPS,Cancelled,19,15.45,32.73,0,4.72,626.59
7002318,1/15/2024,15065,2024,693,WHTX1,NJ,Ground,UPS,Delivered,21,9.76,58.92,0,12.73,1250.05
7002319,2/15/2024,19680,5695,388,WHWA1,MT,Ground,UPS,Cancelled,5,8.25,38.12,0,1.1,191.7
7002320,2/3/2024,15939,5849,669,WHTX1,PA,2Day,UPS,Delivered,2,28.66,38.88,0,33.74,111.5
7002321,6/16/2025,13398,1600,484,WHIL1,MI,Ground,UPS,Delivered,63,6.72,53.89,0,28.31,3423.38
7002322,12/4/2024,18266,4023,316,WHGA1,RI,2Day,FedEx,Pending,52,8.49,57.04,0,6.83,2972.91
7002323,9/9/2024,11360,3531,544,WHCA1,RI,Ground,USPS,Delivered,33,7.82,20.26,0,7.28,675.86
7002324,11/22/2023,19284,3884,386,WHWA1,ND,Ground,UPS,Delivered,192,12.7,10.26,0,26.72,1996.64
7002325,3/10/2025,14854,3065,499,WHTX1,MO,Overnight,FedEx,Delivered,50,38.69,79.39,0.1,4.58,3577.13
7002326,8/8/2025,11942,2759,310,WHGA1,OK,Ground,USPS,Cancelled,120,11.6,66.14,0,52.44,7989.24
7002327,3/6/2025,13149,4570,464,WHGA1,IL,2Day,UPS,Delivered,25,8.24,22.99,0.1,2.04,519.31
7002328,1/2/2023,17934,2243,324,WHNJ1,NH,Ground,UPS,InTransit,30,11.2,81.43,0,26.03,2468.93
7002329,10/13/2024,19437,5330,364,WHIL1,TN,2Day,UPS,Delivered,76,4.55,81.33,0,11.98,6193.06
7002330,3/2/2023,11286,3296,612,WHGA1,FL,Ground,FedEx,Delivered,1,8.93,48.56,0.05,15.7,61.83
7002331,10/18/2023,16475,2926,538,WHFL1,IA,Overnight,FedEx,Delivered,2,27.8,236.49,0.2,22.39,400.77
7002332,3/12/2023,10771,3063,645,WHCA1,NM,2Day,UPS,Pending,17,14.88,145.88,0,3.06,2483.02
7002333,9/4/2024,11844,4396,538,WHTX1,UT,Ground,USPS,Delivered,27,20.93,45.38,0.05,23.69,1187.69
7002334,11/19/2024,10074,1441,322,WHFL1,NE,Ground,FedEx,Delivered,70,18.37,45.97,0.05,5.74,3062.74
7002335,5/15/2023,11661,3744,480,WHNJ1,NM,Ground,UPS,Delivered,98,6.54,21.62,0,11.17,2129.93
7002336,1/2/2024,14350,1007,606,WHCA1,GA,Ground,FedEx,Delivered,38,31.49,141.41,0,36.5,5410.08
7002337,3/27/2024,17103,2587,347,WHTX1,DC,Ground,UPS,Delivered,29,3.45,71.32,0.05,34.68,1999.55
7002338,12/24/2023,18001,1826,579,WHIL1,OR,Ground,FedEx,Delivered,128,12.21,106.75,0,3.42,13667.42
7002339,5/23/2023,19012,4825,524,WHCA1,CT,Ground,UPS,Delivered,19,2.91,13.47,0,10.49,266.42
7002340,2/12/2024,13819,2269,518,WHWA1,NY,Ground,FedEx,Delivered,96,3.58,103.4,0.05,5.09,9435.17
7002341,12/24/2024,10332,4437,537,WHTX1,HI,2Day,UPS,Cancelled,162,17.53,42,0.05,24.31,6488.11
7002342,3/25/2023,11422,4439,504,WHNJ1,WV,2Day,FedEx,Delivered,28,6.6,90.32,0.15,81.04,2230.66
7002343,4/5/2023,17513,2311,639,WHWA1,VT,2Day,UPS,Delivered,10,21.11,86.42,0,45.92,910.12
7002344,12/16/2023,16891,5034,319,WHFL1,NV,Ground,FedEx,Pending,185,2.71,59.14,0,20.8,10961.7
7002345,7/26/2025,14932,2628,480,WHTX1,AR,Ground,UPS,Delivered,33,9.48,36.83,0,17.78,1233.17
7002346,11/9/2024,19884,2037,462,WHWA1,WV,Ground,UPS,Delivered,33,4.82,79.32,0,11.21,2628.77
7002347,11/15/2024,16026,1478,585,WHGA1,VT,Overnight,UPS,InTransit,63,8.21,33.42,0,5.93,2111.39
7002348,12/20/2023,14409,3679,361,WHNJ1,NM,Ground,UPS,Delivered,28,25.32,125.18,0,15.8,3520.84
7002349,8/26/2024,15114,1715,385,WHCA1,NH,Ground,FedEx,Delivered,194,29.3,36.2,0,16.45,7039.25
7002350,1/12/2023,18420,2677,335,WHWA1,NC,Ground,DHL,Delivered,5,13.6,60.96,0.05,39.85,329.41
7002351,10/12/2024,12882,3163,305,WHPA1,AR,Ground,FedEx,Delivered,58,3.84,35.6,0,6.71,2071.51
7002352,6/23/2025,12866,1509,376,WHWA1,WA,Ground,USPS,Delivered,73,4.85,67.05,0,18.15,4912.8
7002353,9/15/2024,12576,1382,553,WHIL1,MT,Ground,UPS,Delivered,60,11.01,29.14,0.1,25.81,1599.37
7002354,5/7/2025,16186,2181,307,WHFL1,NM,Ground,UPS,Delivered,69,6.17,34.05,0,19.83,2369.28
7002355,12/9/2024,18657,2846,469,WHNJ1,NM,Ground,FedEx,Delivered,190,14.84,299.02,0,9.35,56823.15
7002356,5/23/2023,15742,5371,430,WHFL1,NE,Ground,DHL,Pending,143,27.33,108.34,0,39.01,15531.63
7002357,6/10/2025,10278,2719,438,WHNJ1,MO,Ground,FedEx,Delivered,38,5.55,77.71,0.1,47.73,2705.41
7002358,3/20/2023,10066,2101,658,WHNJ1,WV,2Day,UPS,Delivered,74,5.84,85.99,0,20.67,6383.93
7002359,6/27/2024,14263,2861,600,WHTX1,OK,Ground,UPS,Delivered,1,4.92,74.31,0,27.66,101.97
7002360,6/17/2023,15705,3092,626,WHWA1,WI,Ground,UPS,InTransit,52,8.59,56.38,0.25,6.69,2205.51
7002361,1/14/2023,18595,1718,391,WHGA1,NM,2Day,UPS,Delivered,19,10.32,101.91,0.05,12.09,1851.57
7002362,2/16/2024,17990,1318,463,WHPA1,TX,2Day,FedEx,Delivered,103,10.13,33.63,0.05,22.53,3313.23
7002363,11/15/2023,16256,5630,618,WHIL1,OR,Ground,UPS,Delivered,27,17.14,183.32,0,35.62,4985.26
7002364,5/1/2024,17442,2777,553,WHWA1,VT,Ground,USPS,InTransit,110,12.66,65.27,0,31.37,7211.07
7002365,8/12/2024,14693,3285,501,WHFL1,UT,2Day,USPS,Delivered,38,9.65,105.17,0.25,11.01,3008.36
7002366,2/21/2023,14420,2245,320,WHIL1,MN,Ground,USPS,Delivered,159,10.25,180.5,0.05,14.51,27279.03
7002367,5/25/2023,17961,2334,529,WHGA1,OH,Overnight,USPS,Delivered,57,10.53,84.62,0,21.55,4844.89
7002368,7/26/2024,16079,4670,463,WHTX1,AR,Ground,UPS,Delivered,132,9.66,34.02,0.2,69.15,3661.66
7002369,12/10/2023,11438,2201,465,WHTX1,NV,Overnight,DHL,Cancelled,87,6.66,140.9,0,26.56,12284.86
7002370,12/12/2024,18621,2795,532,WHGA1,TN,Ground,UPS,InTransit,183,4.86,196.7,0,14.41,36010.51
7002371,10/31/2024,17033,3702,628,WHFL1,SD,2Day,USPS,Delivered,109,10.89,15.36,0,14.61,1688.85
7002372,4/4/2025,15732,2455,538,WHGA1,TN,Ground,UPS,InTransit,106,7.41,55.87,0,21.36,5943.58
7002373,11/22/2024,13379,2934,420,WHCA1,IL,Overnight,UPS,Delivered,32,13.7,73.58,0,23.05,2377.61
7002374,2/25/2024,18585,1747,651,WHTX1,AL,Ground,UPS,InTransit,66,10.44,49.87,0.1,12.83,2975.11
7002375,11/12/2024,16348,1841,683,WHFL1,ID,Ground,UPS,Delivered,35,10.09,25.08,0,25.39,903.19
7002376,11/4/2023,16402,3496,669,WHNJ1,TX,Ground,USPS,Delivered,3,18.05,32.34,0,23.08,120.1
7002377,11/21/2023,16630,2089,407,WHWA1,SC,Overnight,USPS,Pending,102,4.31,16.44,0.15,2.42,1427.77
7002378,1/27/2025,14542,1793,550,WHIL1,MT,Ground,FedEx,InTransit,28,28.91,117.09,0.15,15.89,2802.63
7002379,3/15/2024,17877,2268,636,WHTX1,VA,Ground,FedEx,Cancelled,50,2.7,156.94,0,59.8,7906.8
7002380,2/7/2025,18534,2551,584,WHGA1,VA,Ground,FedEx,Delivered,35,23.88,155.41,0,5.56,5444.91
7002381,3/8/2025,18325,3691,498,WHNJ1,MN,2Day,UPS,Delivered,24,11.28,58.77,0.25,2.66,1060.52
7002382,4/18/2025,10265,1293,520,WHWA1,WI,Ground,FedEx,Delivered,8,7.3,72.58,0,6.34,586.98
7002383,6/27/2025,19878,5023,695,WHWA1,MI,Ground,FedEx,Delivered,42,4.14,126.89,0,26.91,5356.29
7002384,2/26/2024,11435,2405,451,WHWA1,DC,Ground,FedEx,Delivered,10,6.98,50.97,0,7.49,517.19
7002385,11/27/2023,15328,2649,586,WHCA1,NV,2Day,DHL,Delivered,72,9.06,30.87,0,14.79,2237.43
7002386,8/16/2024,15098,3817,565,WHPA1,KY,Ground,FedEx,Delivered,3,11.24,40.24,0,2.57,123.29
7002387,12/25/2023,11661,4911,520,WHCA1,CO,Ground,UPS,Delivered,165,23.81,67.85,0,6.94,11202.19
7002388,9/1/2024,15693,3919,516,WHNJ1,IN,Ground,USPS,Delivered,177,10.45,36.41,0,10.82,6455.39
7002389,11/29/2024,12355,2398,615,WHWA1,WY,Ground,USPS,Delivered,37,12.11,83.57,0.05,12.87,2950.36
7002390,11/20/2024,18458,2694,456,WHFL1,KY,Ground,DHL,Delivered,31,12.34,23.24,0,18.97,739.41
7002391,12/27/2023,16462,2038,516,WHFL1,PA,Ground,FedEx,Delivered,12,8.22,50.63,0,9.91,617.47
7002392,7/16/2023,19329,4853,635,WHNJ1,CA,Overnight,UPS,Cancelled,152,8.91,79.7,0.1,24.62,10927.58
7002393,2/26/2024,17045,2563,659,WHFL1,IL,Ground,UPS,Delivered,79,9.38,65.83,0,49.37,5249.94
7002394,6/17/2023,15498,2113,414,WHGA1,WV,2Day,UPS,Delivered,83,14.56,35.86,0.1,6.74,2685.48
7002395,5/27/2025,14550,2292,461,WHFL1,FL,Ground,FedEx,Delivered,149,5.78,100.37,0,15.83,14970.96
7002396,12/12/2023,16335,2162,603,WHPA1,UT,Ground,UPS,InTransit,154,7.38,72.1,0,60.54,11163.94
7002397,7/1/2023,16011,2030,398,WHGA1,TN,Ground,FedEx,Delivered,129,12.38,13.9,0,5.65,1798.75
7002398,1/31/2023,14927,5338,457,WHIL1,MT,Overnight,USPS,Cancelled,116,5.24,82.52,0.1,32.75,8647.84
7002399,10/24/2024,19583,5258,462,WHFL1,IL,Ground,DHL,Delivered,143,10.71,44.65,0,22.74,6407.69
7002400,10/14/2024,19305,3740,342,WHPA1,ME,Ground,UPS,Delivered,143,7.21,41.55,0.2,5.94,4759.26
7002401,12/9/2023,16066,1979,480,WHPA1,WV,Ground,UPS,Delivered,46,13.54,33.56,0.1,22.78,1412.16
7002402,3/26/2023,12180,1518,603,WHIL1,KY,Ground,USPS,InTransit,181,22.8,29.73,0,21.51,5402.64
7002403,2/1/2024,14968,5994,630,WHCA1,KS,Ground,FedEx,Delivered,102,7.21,69.34,0.1,55.29,6420.7
7002404,11/23/2023,10635,1783,351,WHNJ1,NJ,2Day,USPS,Delivered,46,15.76,87.93,0,26.82,4071.6
7002405,11/14/2024,13632,3832,552,WHCA1,NY,2Day,USPS,Delivered,56,11.28,66.79,0,17.82,3758.06
7002406,9/7/2024,19592,5181,650,WHFL1,IN,Ground,UPS,Delivered,98,7.94,116.62,0,37.88,11466.64
7002407,12/22/2023,14678,1138,420,WHFL1,WV,2Day,UPS,Cancelled,45,10.04,90.14,0,50.45,4106.75
7002408,9/1/2023,12219,1754,375,WHGA1,IA,Ground,FedEx,Delivered,129,21.79,14.72,0,12.6,1911.48
7002409,9/6/2025,11390,3954,462,WHTX1,ID,2Day,FedEx,Delivered,18,9.02,31.59,0,15.72,584.34
7002410,3/25/2024,14277,5809,449,WHFL1,OR,Ground,UPS,Delivered,153,21.93,137.86,0.05,78.34,20116.29
7002411,11/20/2024,11250,3456,423,WHFL1,HI,2Day,FedEx,Delivered,37,9.31,24.67,0,14.78,927.57
7002412,6/15/2023,17641,3835,441,WHGA1,CA,2Day,USPS,Delivered,18,4.29,8.84,0,43.02,202.14
7002413,5/1/2024,15713,1580,482,WHTX1,HI,2Day,UPS,Delivered,137,9.16,216.23,0,1.46,29624.97
7002414,2/2/2023,11246,4256,678,WHWA1,ND,Ground,DHL,Delivered,29,4.09,73.85,0.05,25.53,2060.1
7002415,5/24/2024,18246,4267,577,WHWA1,ME,Ground,FedEx,Pending,133,8.26,37.2,0,33.5,4981.1
7002416,8/15/2025,10443,5650,557,WHWA1,MT,2Day,USPS,Delivered,36,8.08,33.13,0.1,17.6,1091.01
7002417,1/2/2024,16977,1396,625,WHNJ1,MT,2Day,UPS,InTransit,163,29.75,93.22,0.25,10.05,11406.2
7002418,2/15/2023,14676,2938,545,WHNJ1,KY,Ground,UPS,Pending,26,26.26,83.84,0.15,32.58,1885.44
7002419,2/6/2023,17954,5906,386,WHWA1,NM,Ground,UPS,Delivered,8,10.53,75.44,0,8.04,611.56
7002420,1/7/2024,14378,3590,371,WHPA1,ME,Ground,UPS,Delivered,164,20.68,52.57,0,13.1,8634.58
7002421,7/8/2023,17059,4035,569,WHNJ1,UT,Ground,UPS,InTransit,20,7.88,24.48,0,41.52,531.12
7002422,1/28/2023,10823,1170,480,WHIL1,MD,2Day,USPS,Delivered,167,4.25,58.51,0.1,9.42,8803.47
7002423,12/26/2024,12940,3338,579,WHIL1,MN,2Day,UPS,Delivered,128,13.73,126.46,0,58.29,16245.17
7002424,3/30/2024,17097,4240,449,WHWA1,MO,Ground,DHL,Delivered,10,12.42,41.06,0,7.25,417.85
7002425,11/11/2023,15766,4416,306,WHTX1,NV,Overnight,FedEx,Delivered,57,5.7,91.39,0.05,22.54,4971.31
7002426,6/7/2025,11032,4569,448,WHCA1,OR,Ground,UPS,Delivered,9,5.85,45.2,0,45.23,452.03
7002427,5/17/2023,10563,4217,632,WHPA1,ID,Ground,FedEx,Delivered,41,17.57,105.13,0,2.49,4312.82
7002428,8/9/2025,10341,4485,468,WHCA1,WV,Ground,DHL,Delivered,44,3.64,30.22,0,10.4,1340.08
7002429,11/24/2023,14568,5836,309,WHTX1,AL,2Day,FedEx,Pending,82,13.98,60.58,0,21.35,4988.91
7002430,5/24/2025,17863,2842,478,WHIL1,AK,2Day,UPS,Delivered,183,8.28,82.59,0,6.42,15120.39
7002431,9/3/2024,12297,4761,584,WHGA1,GA,Ground,USPS,Delivered,20,13.99,37.39,0,23.51,771.31
7002432,3/13/2025,10235,5553,695,WHFL1,ND,Ground,UPS,Delivered,41,18.09,77.34,0,10.7,3181.64
7002433,9/2/2025,15203,4027,416,WHWA1,NY,Ground,FedEx,Delivered,79,5.92,58.77,0.05,12.49,4423.18
7002434,11/11/2023,19309,4966,396,WHPA1,MO,Ground,FedEx,InTransit,20,5.05,58.17,0.15,19.81,1008.7
7002435,8/13/2025,19610,2602,631,WHTX1,GA,Ground,UPS,Delivered,102,24.1,37.33,0.05,19.81,3637.09
7002436,1/9/2024,11292,2147,644,WHCA1,WY,Ground,UPS,InTransit,51,9.66,120.6,0,7.81,6158.41
7002437,1/4/2024,14728,5327,356,WHTX1,AL,2Day,USPS,InTransit,169,12.17,30.96,0,8.65,5240.89
7002438,12/9/2023,18721,3685,507,WHTX1,NY,Ground,USPS,Delivered,87,17.27,72.98,0,28.79,6378.05
7002439,7/5/2024,12940,1112,405,WHNJ1,OR,Ground,FedEx,Delivered,45,5.62,33.11,0.1,10.37,1351.32
7002440,7/1/2023,15436,1593,335,WHWA1,ID,Ground,UPS,Pending,104,17.18,57.28,0,26.62,5983.74
7002441,7/20/2024,16982,3440,509,WHIL1,WI,Ground,UPS,Delivered,132,14.68,94.1,0,28.34,12449.54
7002442,7/6/2024,15393,2239,581,WHPA1,DC,Ground,UPS,Cancelled,122,24.16,49.02,0,9.65,5990.09
7002443,12/29/2024,19522,3795,669,WHNJ1,LA,Ground,FedEx,Delivered,32,23.91,6.97,0.15,2.86,192.44
7002444,3/21/2025,17973,3415,655,WHIL1,NJ,Ground,UPS,Delivered,53,10.39,23.41,0,31.18,1271.91
7002445,3/8/2024,11234,3130,447,WHWA1,IL,Ground,UPS,Pending,58,15.71,13.25,0.1,22.2,713.85
7002446,11/18/2023,19946,3854,587,WHTX1,AZ,Ground,FedEx,InTransit,49,10.27,62.92,0,13.24,3096.32
7002447,10/20/2023,12801,3870,381,WHIL1,MA,Ground,FedEx,InTransit,38,10.91,59.79,0,86.25,2358.27
7002448,8/13/2023,12776,4599,350,WHCA1,TN,Overnight,USPS,Delivered,111,5.08,46.94,0.05,53.09,5002.91
7002449,3/9/2023,16045,4804,387,WHWA1,IN,Ground,FedEx,InTransit,2,8.74,38.7,0.05,22.36,95.89
7002450,12/10/2023,13488,2527,491,WHPA1,SC,Ground,FedEx,Delivered,36,3.41,70.04,0.15,31.46,2174.68
7002451,11/1/2023,17384,2970,603,WHWA1,GA,Ground,UPS,Delivered,17,9.21,21.78,0.05,10.46,362.21
7002452,8/18/2025,13851,1952,301,WHWA1,AK,Ground,FedEx,Pending,15,22.08,117.17,0,11.99,1769.54
7002453,7/25/2024,14998,2503,681,WHNJ1,VT,Ground,FedEx,Delivered,34,15.95,63.24,0,11.51,2161.67
7002454,12/12/2023,10891,5468,438,WHPA1,OR,Ground,FedEx,Delivered,113,10.7,30.97,0.05,3.61,3328.24
7002455,8/15/2024,15921,4337,436,WHTX1,HI,2Day,UPS,Delivered,179,8.86,44.77,0.1,4.95,7217.4
7002456,6/13/2023,11189,1110,662,WHCA1,AL,2Day,FedEx,Delivered,68,7.23,54.73,0.15,6.44,3169.83
7002457,3/13/2024,15645,4987,681,WHIL1,MT,Ground,USPS,Pending,42,5.76,22.82,0,11.43,969.87
7002458,10/1/2024,10741,3355,454,WHFL1,TN,Ground,FedEx,Delivered,130,16.34,95.96,0.05,6.23,11857.29
7002459,5/5/2024,11370,1226,462,WHIL1,IL,Ground,FedEx,InTransit,8,3.98,117.94,0,13.97,957.49
7002460,1/23/2024,19582,4012,319,WHCA1,NV,Ground,FedEx,InTransit,11,3.93,65.14,0,19.92,736.46
7002461,9/13/2025,12001,5127,628,WHFL1,OK,Ground,UPS,Delivered,43,17.2,115.9,0,53.03,5036.73
7002462,5/15/2025,11472,1614,543,WHIL1,MA,Ground,FedEx,Delivered,57,11.33,383.5,0.1,8.37,19681.92
7002463,9/27/2024,11537,1099,429,WHNJ1,GA,Ground,DHL,Delivered,122,10.27,16.11,0.15,24.06,1694.67
7002464,8/5/2024,10319,1811,476,WHGA1,ID,Ground,UPS,InTransit,159,11.32,62.22,0,28.11,9921.09
7002465,9/24/2024,15154,4338,580,WHIL1,VA,Ground,UPS,Delivered,70,33.4,23.43,0.1,9.76,1485.85
7002466,8/18/2023,11895,3700,384,WHTX1,NE,Ground,FedEx,InTransit,65,10.34,178.9,0,23.08,11651.58
7002467,1/15/2024,17992,5910,676,WHIL1,AZ,Ground,UPS,Delivered,26,11.92,71.29,0,25.98,1879.52
7002468,2/16/2023,19468,2020,522,WHPA1,NV,Ground,FedEx,Delivered,58,34.38,36.81,0.05,47.5,2075.73
7002469,4/19/2024,18593,4026,625,WHTX1,AK,Ground,UPS,Delivered,159,9.63,50,0,24.17,7974.17
7002470,7/7/2024,15936,4529,445,WHIL1,NV,Ground,FedEx,Delivered,49,28.17,152.9,0,32.8,7524.9
7002471,9/13/2023,10724,4887,406,WHIL1,DC,Ground,FedEx,Delivered,25,2.82,82.35,0.15,16.97,1766.91
7002472,8/15/2025,12330,3980,625,WHWA1,NM,Ground,UPS,InTransit,42,4.98,89.98,0.05,31.69,3621.89
7002473,6/18/2025,19328,4341,311,WHTX1,TX,Ground,UPS,Delivered,68,6.7,170.03,0.15,21.73,9849.46
7002474,12/8/2024,12771,1797,466,WHNJ1,MA,Ground,UPS,Delivered,81,14.2,117.03,0.1,40.93,8572.42
7002475,6/26/2024,17546,2958,496,WHFL1,CT,Ground,UPS,Delivered,55,28.99,131.78,0.1,16.72,6539.83
7002476,5/3/2025,14847,4067,531,WHFL1,WY,Ground,FedEx,Delivered,113,7.02,54.92,0,25,6230.96
7002477,6/3/2023,10268,4021,447,WHGA1,NM,Ground,UPS,Delivered,79,17.98,12.39,0.25,31.38,765.49
7002478,1/29/2025,10570,3681,659,WHGA1,IN,Ground,FedEx,Delivered,94,38.28,64.51,0.1,5.7,5463.25
7002479,5/27/2023,11974,5442,538,WHFL1,RI,Ground,FedEx,Delivered,139,25.57,37.68,0,4.93,5242.45
7002480,2/3/2025,18738,5820,313,WHNJ1,RI,Ground,UPS,Delivered,140,7.85,104.2,0.15,8.38,12408.18
7002481,11/4/2023,12823,3949,519,WHIL1,FL,Overnight,UPS,InTransit,24,16.84,17.38,0.05,8.27,404.53
7002482,5/11/2025,14461,4732,557,WHGA1,MN,2Day,UPS,Delivered,86,12.26,107.14,0.05,6.59,8759.93
7002483,7/29/2025,10271,2102,302,WHNJ1,ID,Ground,FedEx,Delivered,104,6.73,68.47,0,16.81,7137.69
7002484,6/25/2023,17642,2038,510,WHNJ1,NH,Ground,UPS,Delivered,17,12.92,76.86,0,44.47,1351.09
7002485,4/4/2024,18931,5232,665,WHGA1,PA,Ground,UPS,InTransit,133,7.53,92.52,0.05,41.35,11731.25
7002486,8/30/2025,16681,1792,525,WHFL1,RI,Ground,UPS,Delivered,21,10.77,58.82,0,34.91,1270.13
7002487,4/28/2024,11258,5175,494,WHTX1,MI,Ground,DHL,Delivered,122,4.37,47.52,0,31.46,5828.9
7002488,4/25/2025,18251,2779,496,WHCA1,AR,Ground,FedEx,Cancelled,19,3.47,132.8,0,4.79,2527.99
7002489,8/22/2024,15371,5801,560,WHFL1,WV,Ground,USPS,Delivered,109,8.42,90.88,0.1,36.83,8952.16
7002490,12/27/2023,14859,1982,357,WHTX1,CT,Ground,UPS,Delivered,18,12.1,97.18,0,14.49,1763.73
7002491,11/9/2023,18582,2266,413,WHFL1,SC,Ground,UPS,Delivered,47,5.08,56.63,0.05,22.92,2551.45
7002492,8/20/2023,18911,1744,513,WHIL1,DE,Overnight,UPS,Delivered,17,13.71,64.78,0.1,31.02,1022.15
7002493,12/29/2024,17000,3432,579,WHTX1,OH,2Day,DHL,Delivered,33,10.26,59.45,0,26.07,1987.92
7002494,1/5/2024,10121,1375,544,WHPA1,FL,2Day,UPS,Delivered,188,14.77,17.7,0,23.19,3350.79
7002495,5/31/2024,16909,2754,680,WHCA1,DC,Ground,FedEx,Delivered,13,17.64,22.82,0,25.66,322.32
7002496,5/9/2024,12304,4898,417,WHFL1,IL,Ground,UPS,Delivered,51,22.39,55.04,0.2,3.21,2248.84
7002497,8/12/2024,14862,3537,686,WHWA1,RI,2Day,FedEx,Delivered,96,14.36,16.12,0,23.49,1571.01
7002498,4/28/2025,12912,2992,387,WHCA1,MD,Overnight,UPS,Delivered,11,8.38,55.55,0,8.88,619.93
7002499,8/29/2025,18992,3929,681,WHNJ1,MA,Ground,FedEx,Delivered,13,11.2,32.08,0.1,23.3,398.64
7002500,1/30/2024,17237,4447,667,WHPA1,WA,Overnight,DHL,Delivered,17,40.45,56.89,0,20.37,987.5
7002501,3/14/2025,15566,1592,563,WHIL1,ME,Ground,UPS,Delivered,90,18.06,67.58,0.05,15.52,5793.61
7002502,12/31/2024,16532,5629,600,WHNJ1,AK,Ground,FedEx,Delivered,153,10.44,16.34,0,27.46,2527.48
7002503,8/9/2024,11110,3570,413,WHTX1,UT,Ground,FedEx,Delivered,129,9.14,75.33,0,55.45,9773.02
7002504,8/9/2025,16930,3873,464,WHTX1,SC,Ground,USPS,Delivered,187,6.98,43.8,0,11.95,8202.55
7002505,8/18/2023,11251,2177,304,WHGA1,NJ,2Day,UPS,Delivered,78,4.91,11.8,0,11.79,932.19
7002506,5/9/2023,18178,2336,418,WHNJ1,MN,Ground,UPS,Delivered,175,27.87,43.46,0,18.31,7623.81
7002507,4/14/2025,11650,5694,323,WHPA1,SC,2Day,FedEx,Delivered,37,13.33,78.27,0,2.74,2898.73
7002508,3/7/2024,17352,1113,533,WHNJ1,IL,Ground,UPS,InTransit,53,4.67,45.17,0.1,15.17,2169.78
7002509,4/6/2025,15912,4773,390,WHNJ1,NC,Ground,USPS,Delivered,50,9.28,43.28,0,21.01,2185.01
7002510,5/30/2025,19538,2846,555,WHNJ1,NY,2Day,FedEx,Delivered,6,21.43,66.82,0.05,27.35,408.22
7002511,3/15/2023,12957,2988,392,WHCA1,NV,Ground,FedEx,Delivered,130,7.65,42.9,0,13.37,5590.37
7002512,5/19/2025,15829,5830,455,WHGA1,MS,2Day,UPS,Delivered,3,6.13,49.77,0,27.79,177.1
7002513,3/18/2024,14995,2986,607,WHFL1,TN,Ground,FedEx,Delivered,106,12.39,23.71,0.05,10.79,2398.39
7002514,5/30/2024,16437,4293,415,WHIL1,NV,Ground,FedEx,Delivered,51,14.84,41.74,0.05,16.07,2038.37
7002515,10/1/2024,18677,4243,507,WHIL1,NJ,Ground,FedEx,Pending,1,7.65,224.35,0,31.55,255.9
7002516,7/8/2025,17615,1253,381,WHWA1,SD,2Day,UPS,Delivered,35,6.98,67.98,0.05,53.84,2314.18
7002517,1/23/2023,18995,1124,403,WHIL1,NH,Ground,USPS,Delivered,43,13.18,72.44,0,46.38,3161.3
7002518,4/20/2024,11716,2237,380,WHWA1,ND,Ground,UPS,Delivered,176,5.09,38.26,0,30.08,6763.84
7002519,11/20/2024,18151,1624,403,WHCA1,DC,2Day,UPS,InTransit,93,7.24,45.52,0.05,24.84,4046.53
7002520,12/8/2024,13484,4157,540,WHGA1,MI,Ground,DHL,Pending,72,9.3,51.13,0,5.7,3687.06
7002521,11/22/2024,17676,4137,565,WHPA1,MO,2Day,FedEx,Pending,15,15.58,110.64,0,5.13,1664.73
7002522,6/8/2023,11758,4390,333,WHGA1,IN,Ground,UPS,Delivered,49,7.74,138.87,0,37.85,6842.48
7002523,11/17/2023,11810,4418,335,WHWA1,GA,Ground,USPS,Delivered,5,14.02,43.65,0,35.07,253.32
7002524,12/19/2023,15540,2656,549,WHCA1,GA,Ground,UPS,Delivered,113,20.13,59.02,0.05,1.58,6337.38
7002525,2/14/2025,16049,2267,350,WHPA1,DE,Ground,UPS,Delivered,19,7.38,50.9,0,6.4,973.5
7002526,11/6/2023,19863,3946,580,WHNJ1,IN,Ground,FedEx,Pending,81,69.15,102.31,0.1,10.21,7468.61
7002527,8/26/2023,11152,2161,542,WHTX1,VT,Ground,UPS,Delivered,100,23.44,83.29,0,17.58,8346.58
7002528,8/10/2025,15493,3295,452,WHNJ1,PA,Ground,USPS,Delivered,46,11.78,56.34,0,13.19,2604.83
7002529,1/11/2023,16712,1441,447,WHIL1,NY,Ground,USPS,Delivered,87,8.97,121.64,0.05,16.72,10070.27
7002530,9/18/2025,16303,3093,339,WHNJ1,VT,Ground,UPS,Delivered,114,7.17,86.23,0,24,9854.22
7002531,11/14/2024,14748,3706,489,WHCA1,NY,Ground,USPS,Delivered,22,27.09,34.97,0.15,11.55,665.49
7002532,3/15/2025,18403,4760,325,WHIL1,AZ,Ground,UPS,Delivered,82,11.35,60.35,0.05,8.87,4710.13
7002533,11/14/2023,14682,1554,544,WHTX1,MD,2Day,FedEx,Delivered,107,4.22,53.03,0,14.51,5688.72
7002534,1/17/2023,12508,5905,523,WHPA1,IL,Ground,USPS,Delivered,44,3.58,30.05,0,31.42,1353.62
7002535,12/16/2024,12964,2113,530,WHWA1,MN,Ground,USPS,Delivered,19,10.7,51.25,0,65.27,1039.02
7002536,3/21/2025,13429,3778,453,WHWA1,ME,Ground,UPS,Pending,35,10.84,133.18,0.1,6.75,4201.92
7002537,12/18/2024,17495,2834,588,WHPA1,KS,Ground,UPS,Delivered,162,5.77,129.13,0,41.53,20960.59
7002538,6/18/2023,13956,2315,695,WHWA1,OK,Ground,UPS,Delivered,44,4.03,113.71,0,13.46,5016.7
7002539,12/25/2024,13706,4494,408,WHIL1,OH,2Day,FedEx,Delivered,13,3.08,103.52,0,66.65,1412.41
7002540,1/4/2025,14039,4139,333,WHFL1,WA,2Day,FedEx,Delivered,10,6.34,69.4,0,10.8,704.8
7002541,11/4/2024,19245,4113,663,WHFL1,WA,2Day,UPS,InTransit,21,8.04,39.39,0,19.39,846.58
7002542,12/31/2024,10714,1099,411,WHNJ1,WY,Ground,UPS,Pending,15,15.14,89.03,0.1,46.66,1248.56
7002543,4/4/2025,17261,4926,421,WHFL1,CT,Ground,USPS,Delivered,65,9.25,18.95,0.1,22.4,1130.98
7002544,9/16/2024,17012,2480,316,WHWA1,OR,2Day,UPS,Delivered,43,18.93,37.49,0.1,16.82,1467.68
7002545,4/15/2023,18880,5397,527,WHGA1,DE,Ground,UPS,Delivered,133,14.38,130.02,0.1,22.21,15585.6
7002546,5/3/2024,18522,2223,311,WHGA1,MO,Overnight,DHL,Delivered,144,13.61,42.52,0,14.25,6137.13
7002547,4/2/2023,11747,5584,503,WHPA1,MN,Ground,UPS,Pending,61,18,93.91,0.2,25.52,4608.33
7002548,1/30/2024,11208,2005,502,WHGA1,GA,Overnight,FedEx,Delivered,147,4.35,46.53,0,31.32,6871.23
7002549,1/29/2024,10785,1477,398,WHIL1,NJ,Overnight,UPS,Delivered,58,7.25,88.19,0,8.55,5123.57
7002550,3/19/2023,12697,2136,416,WHGA1,NC,Ground,UPS,Delivered,89,42.24,20.42,0,15.63,1833.01
7002551,12/13/2023,17074,3857,581,WHCA1,HI,Ground,FedEx,Delivered,19,3.19,146.15,0,8.55,2785.4
7002552,5/11/2023,15037,2706,649,WHPA1,OH,Ground,FedEx,Delivered,6,8.36,27.47,0,6.25,171.07
7002553,2/19/2025,17128,1518,532,WHTX1,NE,2Day,FedEx,Pending,19,13.31,23.13,0.05,16.33,433.83
7002554,8/2/2025,13719,2221,411,WHGA1,AZ,2Day,UPS,Delivered,30,3.24,140.75,0,19.72,4242.22
7002555,3/27/2023,15776,3507,652,WHCA1,WA,Ground,FedEx,Cancelled,111,6.37,59.88,0,34.76,6681.44
7002556,8/8/2025,17911,5326,312,WHCA1,WI,Ground,FedEx,Delivered,21,33.12,48.42,0.05,20.02,986
7002557,6/13/2024,12694,2192,321,WHIL1,WY,2Day,UPS,Delivered,15,11.08,179.77,0.15,6.4,2298.47
7002558,11/17/2023,10626,4881,427,WHPA1,DE,Ground,DHL,Delivered,160,7.08,100.09,0.1,70.66,14483.62
7002559,4/1/2023,13709,4244,585,WHIL1,IL,2Day,USPS,Delivered,98,11.35,43.8,0,12.07,4304.47
7002560,5/18/2024,16860,2978,421,WHTX1,TN,2Day,USPS,Delivered,61,7.08,54.61,0.25,18.16,2516.57
7002561,2/3/2025,18954,3243,424,WHTX1,AZ,2Day,FedEx,Delivered,11,27.94,127.24,0,13.64,1413.28
7002562,11/30/2024,17693,4091,333,WHWA1,MD,Ground,UPS,Delivered,136,5.52,30.56,0,5.1,4161.26
7002563,3/1/2023,16399,2888,692,WHNJ1,VA,Ground,FedEx,Delivered,13,7.31,164.81,0,1.41,2143.94
7002564,3/27/2023,17253,5560,470,WHTX1,VT,Ground,USPS,Delivered,84,4.08,43.99,0,23.02,3718.18
7002565,1/24/2024,11556,1974,377,WHPA1,OH,Overnight,UPS,Delivered,94,8.38,32.6,0,5.1,3069.5
7002566,11/15/2023,18868,1066,597,WHFL1,IL,Ground,FedEx,InTransit,50,9.01,128.4,0.05,17.16,6116.16
7002567,9/19/2023,14188,3907,630,WHFL1,MD,Ground,UPS,Delivered,154,20.49,100.34,0,3.39,15455.75
7002568,11/7/2023,17768,1571,363,WHPA1,MS,Ground,UPS,Delivered,6,5.43,17.3,0,55.88,159.68
7002569,2/13/2025,10037,4893,570,WHWA1,FL,Ground,UPS,Delivered,127,13.37,55.68,0,22.73,7094.09
7002570,7/11/2025,11788,1308,516,WHWA1,NJ,2Day,DHL,Pending,74,10.53,27.68,0,12.6,2060.92
7002571,1/27/2024,16284,4409,490,WHIL1,MO,2Day,FedEx,InTransit,84,3.21,104.92,0,29.36,8842.64
7002572,6/14/2025,18061,4743,375,WHCA1,KS,Ground,UPS,Delivered,190,6.47,199.95,0.05,25,36115.98
7002573,11/29/2023,18066,1783,474,WHNJ1,DE,Ground,FedEx,Pending,79,6.32,87.42,0,5.23,6911.41
7002574,4/20/2024,13881,5217,367,WHFL1,UT,2Day,UPS,InTransit,121,27.45,35.25,0,28.14,4293.39
7002575,9/11/2023,15933,1766,393,WHWA1,NV,Ground,FedEx,Delivered,18,13.87,111.87,0,51.43,2065.09
7002576,10/18/2024,18329,4476,353,WHFL1,ID,Ground,USPS,Delivered,124,10.91,57.92,0,11.75,7193.83
7002577,8/28/2025,16334,1773,394,WHTX1,DC,Ground,FedEx,Delivered,113,0.76,56.98,0,39.21,6477.95
7002578,9/4/2024,15760,4858,413,WHCA1,MS,Ground,FedEx,Delivered,178,3.18,42.72,0,10.78,7614.94
7002579,12/18/2023,16486,4186,529,WHIL1,WI,Ground,FedEx,Delivered,163,15.48,64.56,0,25.3,10548.58
7002580,10/26/2024,15068,1540,550,WHWA1,NH,Ground,FedEx,Delivered,26,15.99,57.09,0,34.82,1519.16
7002581,5/25/2023,10662,3050,691,WHGA1,IA,Ground,FedEx,Delivered,60,6.41,11.15,0,1.96,670.96
7002582,5/25/2025,17974,4284,509,WHNJ1,LA,Ground,USPS,Delivered,154,10.17,61.1,0.05,16.55,8955.48
7002583,5/21/2024,16387,5676,482,WHPA1,CT,Ground,FedEx,InTransit,89,9.74,54.49,0,23.35,4872.96
7002584,3/19/2024,17888,2664,567,WHCA1,IL,2Day,DHL,Delivered,60,11.07,76.49,0.05,10.69,4370.62
7002585,8/19/2024,10415,2048,581,WHIL1,ME,Ground,USPS,Delivered,13,8,14.73,0.05,18.51,200.43
7002586,9/29/2024,16851,4837,455,WHIL1,WV,Ground,FedEx,Cancelled,44,16.31,85.86,0,6.11,3783.95
7002587,3/26/2023,18535,4440,383,WHNJ1,TX,Ground,USPS,Delivered,94,19.42,61.21,0,20.82,5774.56
7002588,11/17/2024,12730,1506,486,WHNJ1,CA,2Day,UPS,Delivered,117,5.62,84.85,0.05,16.37,9447.45
7002589,9/30/2023,13898,4248,649,WHWA1,MT,Ground,UPS,Delivered,57,4.88,19.18,0,10.48,1103.74
7002590,12/4/2024,12170,4501,439,WHTX1,AK,Overnight,FedEx,Pending,7,6.2,25.28,0,9.86,186.82
7002591,3/8/2025,11879,2911,355,WHTX1,NC,Ground,FedEx,Delivered,88,10.3,16.15,0.05,9.14,1359.28
7002592,2/14/2025,16455,1733,319,WHPA1,WV,Ground,USPS,Delivered,158,12.38,66.47,0.05,18.8,9995.95
7002593,7/18/2024,14571,4514,648,WHPA1,OR,Ground,UPS,Pending,65,16.05,47.12,0,14.68,3077.48
7002594,6/10/2024,11516,2572,646,WHWA1,MO,Ground,UPS,Delivered,160,17.91,54.25,0.1,44.23,7856.23
7002595,6/18/2023,10575,5610,567,WHNJ1,MO,Ground,USPS,Delivered,44,12.43,22.64,0,31.63,1027.79
7002596,1/11/2025,12868,3943,442,WHNJ1,RI,Ground,UPS,Delivered,146,11.48,25.72,0,39.6,3794.72
7002597,11/2/2023,13545,5457,616,WHCA1,NJ,Ground,UPS,Delivered,119,26.89,10.45,0.05,31.36,1212.73
7002598,5/14/2024,14478,3322,464,WHTX1,SD,Ground,UPS,Delivered,175,10.03,23.39,0.2,10.94,3285.54
7002599,11/9/2023,10072,4336,552,WHIL1,AR,2Day,FedEx,Pending,120,14.25,38.07,0.05,10.15,4350.13
7002600,6/7/2023,12981,5623,532,WHFL1,ME,2Day,FedEx,Delivered,40,12.12,39.47,0.15,7.77,1349.75
7002601,10/5/2024,19310,5375,597,WHFL1,NE,Ground,DHL,Delivered,150,9.01,57.23,0,34.71,8619.21
7002602,3/6/2023,15493,3754,686,WHFL1,WA,Ground,UPS,Delivered,94,9.05,102.26,0,7.36,9619.8
7002603,12/22/2024,19552,2373,663,WHWA1,RI,Ground,USPS,Delivered,19,22.1,37.04,0,10.72,714.48
7002604,11/27/2023,14760,2445,360,WHTX1,MS,Ground,UPS,Delivered,6,9.47,84.48,0.05,27.53,509.07
7002605,1/1/2023,19708,4377,322,WHTX1,WY,Ground,UPS,Delivered,46,8.09,103.45,0,23.41,4782.11
7002606,5/31/2024,18085,1290,684,WHNJ1,OR,Ground,FedEx,InTransit,119,6.43,134.21,0,4.59,15975.58
7002607,2/25/2023,10040,3066,426,WHFL1,MO,Ground,UPS,Delivered,85,12.89,84.54,0,14.82,7200.72
7002608,11/4/2023,19575,1064,403,WHNJ1,NH,2Day,UPS,Cancelled,70,7.35,63.16,0.05,10.95,4211.09
7002609,11/30/2024,15374,4946,688,WHTX1,NM,Ground,UPS,Pending,1,12.2,28.17,0.1,12.13,37.48
7002610,3/15/2023,17566,1330,521,WHGA1,VT,Ground,UPS,Delivered,56,11.13,72.61,0,12.25,4078.41
7002611,3/28/2025,11901,5859,410,WHGA1,OH,Ground,USPS,Delivered,19,7.74,46.11,0,25.43,901.52
7002612,1/5/2023,12218,2964,358,WHPA1,NV,Overnight,UPS,Delivered,58,4.33,157.26,0,12.38,9133.46
7002613,10/6/2023,14797,4089,365,WHTX1,PA,2Day,DHL,Delivered,193,5.39,63.96,0,21.35,12365.63
7002614,12/18/2024,14607,3491,358,WHFL1,UT,Ground,USPS,Delivered,144,5.93,53.64,0,25,7749.16
7002615,11/26/2023,11284,1141,458,WHWA1,WY,Ground,UPS,Delivered,38,5.47,161.66,0.05,7.23,5843.16
7002616,5/1/2023,18776,5540,376,WHGA1,WY,Ground,FedEx,Delivered,81,13.14,42.81,0.1,38.64,3159.49
7002617,12/19/2023,18651,3474,319,WHWA1,AR,Ground,FedEx,Delivered,66,35.88,59.87,0,25.08,3976.5
7002618,11/1/2023,10816,4904,684,WHWA1,NV,Ground,USPS,Delivered,15,7.36,244.92,0,24.64,3698.44
7002619,4/1/2025,12512,1450,490,WHPA1,NM,Overnight,USPS,Delivered,192,7.94,72.29,0,55.53,13935.21
7002620,11/24/2023,10247,2826,550,WHPA1,MN,Ground,FedEx,Delivered,54,7.04,131.89,0,50.52,7172.58
7002621,1/27/2025,14826,5447,660,WHTX1,IN,Ground,UPS,Delivered,66,16.73,171.91,0,19.39,11365.45
7002622,5/28/2025,16517,5695,663,WHPA1,NV,Ground,FedEx,Pending,90,12.92,40.77,0,30.75,3700.05
7002623,3/1/2024,10417,5807,674,WHNJ1,IN,2Day,USPS,Delivered,23,9.9,113.35,0,38.8,2645.85
7002624,6/19/2025,16703,1870,379,WHNJ1,AL,Ground,FedEx,Pending,27,4.83,47.53,0.05,12.65,1231.79
7002625,12/28/2023,13718,4565,384,WHNJ1,TX,Ground,USPS,Delivered,23,5.6,250.21,0.05,32.57,5499.66
7002626,8/15/2025,10108,4660,472,WHIL1,NY,Ground,FedEx,Delivered,48,11.11,164.82,0,38.93,7950.29
7002627,4/16/2023,19031,4603,512,WHWA1,SD,Ground,UPS,Delivered,24,11.43,100.95,0.1,5.09,2185.61
7002628,11/19/2024,14514,1393,674,WHNJ1,LA,2Day,DHL,InTransit,160,9.9,124.66,0,16.05,19961.65
7002629,5/10/2024,11422,1842,449,WHFL1,CA,Overnight,USPS,Delivered,103,14.9,36.87,0,20.13,3817.74
7002630,1/6/2024,17284,3449,310,WHNJ1,TN,Ground,UPS,Cancelled,150,4.8,199.66,0.05,18.24,28469.79
7002631,10/8/2024,10256,3792,330,WHTX1,IA,Ground,UPS,Delivered,135,12,31.86,0,42.46,4343.56
7002632,11/28/2024,17249,3954,580,WHGA1,TN,2Day,FedEx,Delivered,101,11.6,79.78,0.05,21.95,7676.84
7002633,1/6/2023,19030,2359,355,WHFL1,KS,Ground,FedEx,Delivered,29,5.63,36.4,0.1,10.14,960.18
7002634,7/16/2023,12963,1991,660,WHGA1,OK,Ground,UPS,InTransit,84,6.96,109.58,0,15.46,9220.18
7002635,12/3/2024,12283,2039,427,WHNJ1,OK,Ground,UPS,Cancelled,22,15.16,203.55,0,18.06,4496.16
7002636,11/8/2024,18745,1028,480,WHWA1,SC,Ground,FedEx,Delivered,16,5.05,82.3,0,38.25,1355.05
7002637,8/17/2025,18373,1388,532,WHNJ1,NJ,Overnight,UPS,InTransit,87,43.85,74.81,0,3.07,6511.54
7002638,12/29/2024,11478,1833,681,WHNJ1,PA,Ground,UPS,Delivered,86,13.96,55.41,0,15.45,4780.71
7002639,8/4/2025,18763,1250,393,WHPA1,MN,Ground,FedEx,Delivered,19,9.66,64.37,0.05,22.55,1184.43
7002640,11/27/2024,14953,3028,308,WHTX1,HI,Ground,USPS,Delivered,44,8.6,47.43,0,24.81,2111.73
7002641,11/16/2023,15881,2529,547,WHTX1,MO,2Day,FedEx,Delivered,8,16.05,188.23,0,12.48,1518.32
7002642,5/4/2023,19920,5194,694,WHWA1,VT,Ground,FedEx,Delivered,103,7.81,104.6,0,26.37,10800.17
7002643,1/19/2025,15593,2839,631,WHTX1,DC,Ground,FedEx,InTransit,190,8.01,47.05,0,3.24,8942.74
7002644,10/22/2024,17092,2361,496,WHGA1,TX,2Day,FedEx,Delivered,109,23.91,62.59,0,17.27,6839.58
7002645,2/26/2023,10592,4110,463,WHFL1,AK,Ground,UPS,InTransit,134,7.54,461.96,0.05,28.23,58835.74
7002646,12/19/2023,16278,2324,340,WHFL1,OH,Ground,UPS,InTransit,62,10.85,72.59,0.2,41.75,3642.21
7002647,8/9/2025,12261,3227,554,WHIL1,WA,Ground,UPS,InTransit,11,6.34,165.9,0,31.97,1856.87
7002648,5/18/2024,10348,4681,696,WHGA1,MS,Ground,USPS,Delivered,106,11.68,40.08,0.05,7.86,4043.92
7002649,2/28/2024,18358,1892,385,WHTX1,IL,Overnight,USPS,Delivered,31,14.17,83.58,0.1,12.2,2344.08
7002650,3/29/2024,15033,2306,572,WHWA1,TN,Ground,FedEx,Delivered,49,27.45,38.75,0,33.74,1932.49
7002651,8/25/2023,14444,5549,378,WHCA1,OR,Overnight,USPS,Cancelled,101,5.7,41.25,0,14.73,4180.98
7002652,12/24/2023,18775,5193,513,WHIL1,NJ,Ground,USPS,Delivered,152,4.19,104.58,0.2,25.62,12742.55
7002653,12/25/2023,16870,1262,604,WHNJ1,HI,Overnight,USPS,Delivered,63,8.52,32.05,0.15,39.6,1755.88
7002654,3/3/2023,15697,3341,555,WHPA1,MN,Ground,UPS,Delivered,175,6.91,26.05,0,36.18,4594.93
7002655,1/2/2025,13039,2794,391,WHGA1,VA,Ground,FedEx,Delivered,68,9.91,96.93,0.05,15.9,6277.58
7002656,2/9/2024,12846,3297,685,WHPA1,NV,Ground,FedEx,Delivered,15,13.68,42.63,0.05,16.04,623.52
7002657,3/7/2025,17865,3293,493,WHIL1,NH,Ground,FedEx,Delivered,68,38.92,49.32,0.05,17.08,3203.15
7002658,4/10/2025,16610,3171,553,WHWA1,IA,Ground,UPS,Delivered,138,7.63,17.01,0.1,48.97,2161.61
7002659,8/27/2023,11266,1325,578,WHFL1,VT,Ground,FedEx,Cancelled,71,2.65,24.68,0.05,29.24,1693.91
7002660,11/3/2024,12275,1986,443,WHWA1,AZ,Ground,UPS,Delivered,110,8.67,70.02,0,6.3,7708.5
7002661,4/15/2024,12471,5783,544,WHCA1,FL,Ground,USPS,Delivered,73,12.34,50.95,0.1,15.66,3363.08
7002662,5/15/2025,12578,4853,512,WHIL1,DE,Ground,FedEx,Delivered,73,5.59,113.38,0,11.53,8288.27
7002663,8/30/2023,13661,2740,495,WHGA1,WA,Ground,UPS,InTransit,35,11.51,31.96,0.05,43.33,1106
7002664,11/14/2024,11069,2861,570,WHTX1,NC,2Day,UPS,Pending,24,10.86,53.42,0.05,10.6,1228.58
7002665,9/9/2024,15592,4138,629,WHNJ1,ND,Ground,FedEx,Cancelled,34,11.69,61.98,0.1,5.06,1901.65
7002666,11/15/2023,15975,4899,319,WHTX1,FL,2Day,FedEx,Delivered,56,16.08,52.01,0.3,39.53,2078.32
7002667,6/10/2023,14830,1836,340,WHTX1,KY,Ground,FedEx,InTransit,125,9.52,91.16,0,15.83,11410.83
7002668,10/31/2024,11951,5155,398,WHWA1,SD,Overnight,FedEx,Delivered,129,13.89,28.06,0,40.71,3660.45
7002669,12/17/2024,18284,3779,304,WHGA1,AL,Ground,USPS,Delivered,19,3.4,85.88,0.05,22.79,1572.92
7002670,11/26/2023,13094,2397,333,WHTX1,SC,Overnight,UPS,Delivered,74,5.61,133.18,0.05,13,9375.55
7002671,10/23/2024,15312,2677,599,WHWA1,CA,Ground,FedEx,Delivered,53,8.15,33.72,0.05,45.23,1743.03
7002672,1/15/2024,11388,5332,465,WHTX1,NJ,2Day,USPS,Delivered,77,5.47,79.42,0,60.22,6175.56
7002673,12/3/2024,14275,5314,327,WHGA1,HI,2Day,USPS,Delivered,90,10.04,77.05,0,68.04,7002.54
7002674,8/17/2023,12286,2838,473,WHWA1,NV,Ground,UPS,InTransit,34,8.14,90.6,0,34.71,3115.11
7002675,5/27/2025,13207,4722,637,WHGA1,PA,Ground,UPS,Delivered,157,7.61,60.06,0,7.32,9436.74
7002676,11/10/2023,12925,4673,413,WHCA1,KY,2Day,UPS,Delivered,163,16.99,161.93,0.05,20.23,25095.09
7002677,12/23/2023,17046,4023,673,WHTX1,WY,Ground,USPS,Delivered,13,10.52,262.84,0.1,9.07,3084.3
7002678,3/10/2023,18472,5685,680,WHIL1,MN,Ground,FedEx,Delivered,101,5.22,92.94,0.15,13.65,7992.55
7002679,5/12/2023,11619,2672,395,WHFL1,LA,Ground,UPS,Delivered,4,6.96,74.75,0,33.77,332.77
7002680,6/5/2024,18563,1917,619,WHNJ1,OR,Ground,UPS,Delivered,6,15.71,60.58,0.1,9.17,336.3
7002681,10/30/2023,15897,1918,533,WHPA1,NE,2Day,UPS,Cancelled,173,11.27,23.92,0.05,11.53,3942.78
7002682,3/23/2025,17844,2134,434,WHNJ1,MO,Ground,FedEx,InTransit,99,20.49,22.09,0,2.31,2189.22
7002683,1/18/2023,19896,2837,424,WHGA1,CA,Ground,FedEx,Delivered,40,16.62,26.75,0,25.04,1095.04
7002684,12/29/2023,17064,3139,672,WHWA1,ME,Ground,FedEx,Delivered,94,7.92,72.27,0.05,18.8,6472.51
7002685,12/7/2023,18496,5008,651,WHPA1,NE,Ground,UPS,Delivered,134,23.66,52.43,0,11.71,7037.33
7002686,1/23/2023,11349,2906,623,WHGA1,IL,Overnight,UPS,Delivered,141,24.86,174.74,0,11.28,24649.62
7002687,5/27/2023,15557,4990,653,WHFL1,CT,Ground,USPS,Delivered,3,3.43,10.39,0,13.94,45.11
7002688,2/6/2024,15290,4486,416,WHWA1,MT,Ground,UPS,Delivered,127,10.19,61.74,0.1,31.33,7088.21
7002689,5/9/2024,12423,5798,313,WHFL1,IN,Ground,USPS,Delivered,136,7.19,81.27,0.05,17.14,10517.22
7002690,1/26/2024,13629,3121,620,WHCA1,NE,2Day,UPS,Delivered,81,8.55,112.47,0.1,9.9,8208.96
7002691,6/23/2024,12429,3733,465,WHTX1,DE,Ground,UPS,Delivered,62,6.13,66.33,0.05,20.42,3927.26
7002692,8/27/2024,13034,3770,508,WHGA1,NM,Ground,FedEx,Pending,13,5.68,77.46,0.3,9.91,714.8
7002693,1/12/2023,16158,2322,385,WHFL1,OH,Ground,USPS,Cancelled,29,17.17,67.87,0.1,18.79,1790.2
7002694,4/5/2024,18861,4717,548,WHGA1,NE,Ground,UPS,Pending,64,4.96,81.63,0,23.41,5247.73
7002695,8/15/2025,18692,4355,356,WHNJ1,AR,Ground,FedEx,Cancelled,139,10.58,59.2,0.2,6.71,6589.75
7002696,6/9/2024,17814,2529,472,WHTX1,TN,Ground,FedEx,Delivered,123,4.45,263.93,0,2.39,32465.78
7002697,11/14/2024,11415,5744,441,WHCA1,AR,2Day,UPS,Delivered,65,21.42,89.91,0.05,29.21,5581.15
7002698,11/23/2023,16709,1760,432,WHFL1,LA,Overnight,UPS,Delivered,119,10.18,68.89,0.15,1.9,6970.12
7002699,1/10/2025,18722,4413,501,WHWA1,MN,2Day,USPS,InTransit,114,15.64,35.79,0,22.66,4102.72
7002700,1/8/2025,16636,2358,668,WHGA1,NY,Ground,UPS,InTransit,78,11.24,47.22,0.1,17.55,3332.39
7002701,6/12/2024,13622,3191,589,WHGA1,ID,Ground,FedEx,Delivered,26,8.59,172.68,0.2,24.82,3616.56
7002702,8/26/2025,15316,4482,609,WHWA1,MD,Ground,DHL,Delivered,43,10.42,10.54,0.1,23.91,431.81
7002703,5/28/2023,10755,1949,657,WHGA1,WA,2Day,UPS,Delivered,19,24.7,62.43,0.1,42.25,1109.8
7002704,1/20/2023,12348,3080,645,WHNJ1,VT,Ground,UPS,Delivered,1,5.84,58.96,0,13.06,72.02
7002705,1/5/2025,10727,2767,479,WHFL1,ID,2Day,UPS,Cancelled,10,2.17,85.15,0,7.34,858.84
7002706,2/18/2025,14924,1028,329,WHGA1,DE,Ground,UPS,Pending,113,6.24,72.24,0.1,26.02,7372.83
7002707,5/22/2023,12650,3471,607,WHGA1,MI,2Day,UPS,Delivered,4,4.84,173.37,0,18.8,712.28
7002708,10/28/2023,12816,3539,606,WHNJ1,NE,Ground,FedEx,Delivered,50,17.87,64.27,0.15,6.35,2737.82
7002709,1/21/2023,19067,1160,667,WHGA1,SD,Ground,FedEx,Delivered,189,9,57.37,0,14.16,10857.09
7002710,11/14/2023,13280,3893,336,WHWA1,SD,Ground,FedEx,Cancelled,121,16.43,116.82,0,11.74,14146.96
7002711,1/9/2025,12985,5114,409,WHTX1,KY,Overnight,USPS,Pending,111,10.19,175.45,0,46.68,19521.63
7002712,6/8/2024,13808,4723,616,WHTX1,NY,2Day,UPS,Delivered,33,10.05,97.04,0,33.84,3236.16
7002713,12/13/2023,17877,4732,446,WHNJ1,NC,Ground,UPS,Delivered,89,11.03,121.81,0.05,10.47,10309.51
7002714,12/26/2023,16100,3472,576,WHTX1,NM,Ground,UPS,Delivered,65,24.3,51.53,0.05,30.43,3212.41
7002715,1/2/2023,10608,5851,689,WHPA1,CO,2Day,UPS,Delivered,86,11.18,65.51,0,4.41,5638.27
7002716,11/17/2023,16170,2571,446,WHPA1,RI,Ground,UPS,Pending,56,19.45,169.76,0,17,9523.56
7002717,10/25/2024,17791,1837,680,WHPA1,FL,Ground,FedEx,Delivered,70,18.72,86.75,0,42.95,6115.45
7002718,8/24/2025,15574,5990,468,WHCA1,TN,Ground,USPS,Delivered,191,9.07,50.65,0.1,5.1,8711.84
7002719,4/6/2025,10635,4939,557,WHGA1,NY,Ground,DHL,Delivered,41,9.57,61.38,0,22.16,2538.74
7002720,1/28/2023,11075,3287,575,WHCA1,OK,Ground,UPS,Delivered,26,7.97,124.01,0.05,50.43,3113.48
7002721,6/5/2025,11915,4406,387,WHTX1,KS,2Day,USPS,Delivered,57,21.6,131.99,0,72.38,7595.81
7002722,1/21/2025,10589,3671,454,WHNJ1,ID,Ground,USPS,Delivered,69,5.69,33.28,0.15,28.16,1980.03
7002723,1/17/2025,13232,5113,585,WHPA1,SD,Ground,UPS,Pending,10,6.48,77.34,0,13.6,787
7002724,3/29/2024,16352,5748,615,WHNJ1,AZ,Ground,UPS,InTransit,124,8.47,59.67,0,22.59,7421.67
7002725,1/18/2024,13839,5356,619,WHCA1,NE,Ground,DHL,Delivered,54,5.02,57.31,0,29.14,3123.88
7002726,11/19/2023,11974,2628,398,WHWA1,NE,Ground,FedEx,Delivered,52,7.01,152.26,0.1,27.37,7153.14
7002727,3/19/2023,15045,2867,511,WHTX1,FL,Ground,DHL,Delivered,92,19.77,50.81,0.15,10.51,3983.85
7002728,9/14/2023,16104,1205,348,WHFL1,KY,Ground,FedEx,Delivered,116,14.78,40.1,0.1,32.96,4219.4
7002729,10/5/2023,16684,4580,618,WHGA1,VA,Ground,UPS,Delivered,189,7.77,33.91,0.05,15.31,6103.85
7002730,4/29/2024,15838,4175,574,WHFL1,CA,Ground,UPS,Pending,21,16.19,53.1,0,11.66,1126.76
7002731,12/21/2024,19444,1792,494,WHTX1,MT,Ground,DHL,Pending,43,34.87,35.86,0,32.62,1574.6
7002732,4/17/2024,16784,5093,552,WHPA1,MA,Ground,UPS,Delivered,20,12.07,32.75,0.15,25.69,582.44
7002733,3/10/2023,15595,4748,583,WHWA1,AL,Ground,UPS,InTransit,144,23.45,32.18,0.05,55.27,4457.49
7002734,8/10/2025,13823,2106,562,WHTX1,AL,Ground,FedEx,Delivered,73,16.67,33.55,0,12.84,2461.99
7002735,7/28/2025,13390,2091,562,WHNJ1,OH,Ground,UPS,Cancelled,136,8.38,35.23,0.05,12.81,4564.53
7002736,1/23/2025,15915,2608,331,WHIL1,FL,Ground,UPS,Delivered,188,11.26,79.34,0,19.86,14935.78
7002737,9/10/2025,11781,2840,405,WHWA1,MN,Ground,FedEx,Delivered,73,13.71,15.22,0.15,44.65,989.05
7002738,7/9/2024,13689,4398,650,WHPA1,PA,Ground,UPS,Delivered,14,6.4,36.71,0.05,60.34,548.58
7002739,8/14/2025,19917,1067,612,WHFL1,SD,2Day,UPS,Delivered,45,2.09,55.94,0,79.27,2596.57
7002740,3/30/2023,17212,5780,469,WHGA1,AR,Ground,UPS,Delivered,5,6.06,134.07,0,7.49,677.84
7002741,12/22/2023,15038,2279,536,WHPA1,ME,2Day,FedEx,Delivered,135,2.74,50.51,0.1,50.74,6187.7
7002742,9/11/2023,16320,5159,574,WHPA1,OR,2Day,UPS,Delivered,2,6.37,53.89,0,84.76,192.54
7002743,8/14/2023,19870,1814,643,WHGA1,CA,2Day,UPS,Delivered,80,3.59,56.42,0,38.69,4552.29
7002744,6/15/2023,18641,1403,530,WHFL1,NV,Ground,FedEx,Delivered,13,16.96,16.74,0,3.2,220.82
7002745,9/26/2024,10082,3003,323,WHPA1,VA,2Day,UPS,Delivered,1,4.92,95.17,0,19.02,114.19
7002746,1/18/2025,16279,5167,464,WHNJ1,TN,Ground,UPS,Cancelled,31,13.86,92.44,0,23.69,2889.33
7002747,8/13/2024,17000,3926,581,WHTX1,WV,Ground,FedEx,Delivered,74,15.84,106.11,0.05,71.62,7531.15
7002748,6/22/2023,11407,3994,307,WHNJ1,MN,Ground,UPS,Pending,9,15.23,346.69,0.15,15.78,2667.96
7002749,2/22/2025,17411,2087,510,WHTX1,PA,Overnight,UPS,Delivered,84,3.26,24.18,0.05,14.56,1944.12
7002750,10/12/2024,11481,5341,553,WHIL1,MN,Ground,FedEx,Delivered,95,19.61,21.17,0.05,30.5,1941.09
7002751,1/7/2024,19272,3567,433,WHPA1,VA,2Day,FedEx,Delivered,179,12.87,98.34,0.1,12.78,15855.35
7002752,11/12/2024,13599,5489,574,WHIL1,LA,Ground,FedEx,Delivered,150,16.2,47.38,0.15,76.79,6117.74
7002753,10/21/2023,17994,1772,406,WHCA1,NH,2Day,FedEx,Delivered,76,29.98,30.1,0.05,5.77,2178.99
7002754,12/11/2023,14184,4673,532,WHFL1,NV,2Day,FedEx,InTransit,121,16.11,49.23,0,41.16,5997.99
7002755,6/28/2025,13681,4249,333,WHTX1,FL,Overnight,FedEx,Delivered,45,4.92,38.92,0,13.45,1764.85
7002756,11/12/2023,17645,2670,379,WHNJ1,RI,Ground,UPS,Cancelled,79,14.8,200.68,0,22.4,15876.12
7002757,4/12/2024,14311,2557,335,WHWA1,WY,2Day,UPS,Pending,51,4.06,292.25,0.3,38.85,10472.17
7002758,5/27/2025,11759,3959,410,WHNJ1,GA,Overnight,FedEx,Delivered,42,9.63,19.1,0,21.72,823.92
7002759,11/30/2024,12600,2152,621,WHPA1,AK,Ground,UPS,Delivered,106,7.39,21.34,0.1,12.17,2048.01
7002760,3/15/2023,15617,2218,363,WHNJ1,IL,Ground,FedEx,Pending,36,10.06,35.26,0.1,54.91,1197.33
7002761,6/23/2023,15814,3232,628,WHCA1,PA,Ground,UPS,Cancelled,48,4.04,37.03,0.05,2.95,1691.52
7002762,1/10/2023,13854,5343,597,WHGA1,NE,Ground,UPS,InTransit,46,4.33,34.87,0,6.79,1610.81
7002763,10/7/2024,12293,4945,478,WHNJ1,SD,2Day,USPS,InTransit,141,7.64,52.37,0,4.15,7388.32
7002764,3/17/2024,11502,3043,684,WHPA1,MD,Ground,UPS,Delivered,20,8.75,43.88,0.1,20.95,810.79
7002765,6/8/2023,18423,1706,664,WHIL1,SC,Ground,FedEx,InTransit,48,7.75,23.26,0.05,54.48,1115.14
7002766,8/11/2025,17551,3670,532,WHFL1,GA,Ground,UPS,Delivered,146,23.88,29.24,0,5.43,4274.47
7002767,6/21/2024,14251,3114,404,WHNJ1,KS,Ground,UPS,Delivered,2,12.89,177.11,0,44.15,398.37
7002768,9/30/2023,19391,3978,594,WHNJ1,IA,Ground,UPS,Delivered,168,12.68,46.72,0,13.08,7862.04
7002769,5/18/2024,16992,5350,335,WHNJ1,IL,2Day,UPS,Delivered,150,7.95,45.07,0,17.05,6777.55
7002770,11/15/2024,10115,5379,494,WHPA1,WY,Ground,DHL,Delivered,53,4.34,20.7,0.05,66.9,1109.14
7002771,3/31/2023,19606,1423,474,WHFL1,PA,2Day,USPS,InTransit,91,9.98,43.38,0,7.39,3954.97
7002772,11/3/2023,14407,3022,692,WHGA1,MD,2Day,FedEx,InTransit,193,29.58,117.56,0.15,36.93,19322.65
7002773,2/18/2025,19185,4794,402,WHNJ1,MS,Ground,USPS,Delivered,74,11.44,91.03,0.2,12.19,5401.17
7002774,3/31/2024,12348,5132,624,WHGA1,SD,Ground,FedEx,Delivered,12,19.5,105.86,0,26.84,1297.16
7002775,7/11/2024,11042,1531,593,WHGA1,WY,Ground,UPS,Cancelled,136,21.04,25.84,0.1,42.37,3205.19
7002776,2/28/2024,16928,1091,385,WHFL1,CT,Ground,UPS,Delivered,16,13.99,25.55,0.1,26.26,394.18
7002777,2/21/2023,10012,4373,697,WHFL1,MN,Ground,FedEx,Delivered,31,11.41,132.65,0.05,44.91,3951.45
7002778,7/14/2023,17981,2943,501,WHCA1,MS,Ground,UPS,Delivered,142,5.53,106.99,0,17.09,15209.67
7002779,3/14/2024,17872,4806,473,WHIL1,NH,Overnight,UPS,Pending,31,8.82,50.07,0,36.93,1589.1
7002780,8/25/2023,16376,2241,329,WHNJ1,CA,Ground,USPS,Delivered,110,8.05,109.01,0,28.98,12020.08
7002781,2/28/2023,17099,2759,597,WHNJ1,TX,Ground,UPS,Cancelled,57,12.19,25.85,0.15,18.46,1270.89
7002782,4/2/2025,13677,1098,356,WHNJ1,VT,Overnight,UPS,Delivered,113,4.28,25.11,0.1,50.22,2603.91
7002783,8/30/2025,16110,2480,316,WHGA1,OH,2Day,UPS,Delivered,28,7.24,19.34,0,15.97,557.49
7002784,2/1/2025,15398,5627,440,WHWA1,AL,2Day,FedEx,Delivered,53,12.74,77.28,0,21.34,4117.18
7002785,4/14/2025,13066,2833,366,WHFL1,OK,2Day,UPS,Delivered,39,6.56,69.83,0.05,6.87,2594.07
7002786,9/30/2023,12037,3586,447,WHTX1,DC,Ground,FedEx,Delivered,30,5.77,41.62,0,29.47,1278.07
7002787,8/13/2025,13047,4648,458,WHWA1,LA,2Day,UPS,Delivered,39,6.22,34.75,0,14.36,1369.61
7002788,8/15/2023,10541,1080,697,WHIL1,CO,Overnight,FedEx,Delivered,40,8.49,325.23,0.1,11.96,11720.24
7002789,8/5/2025,10077,5710,369,WHPA1,MN,Ground,UPS,Delivered,172,2.4,50.05,0,13.97,8622.57
7002790,9/15/2025,13068,3224,323,WHNJ1,GA,Ground,DHL,InTransit,71,6.39,158.54,0,11.48,11267.82
7002791,12/2/2024,10024,3570,490,WHTX1,CT,Ground,FedEx,InTransit,59,17.71,54.16,0.15,33.51,2749.63
7002792,8/30/2025,15135,2773,548,WHTX1,UT,Ground,FedEx,Delivered,66,12.14,42.26,0.1,23.78,2534.02
7002793,8/6/2024,10676,5519,609,WHFL1,DE,Ground,FedEx,Cancelled,197,12.87,161.74,0,6.1,31868.88
7002794,10/20/2023,16669,2124,676,WHTX1,IL,Ground,FedEx,Delivered,91,3.34,104.31,0.15,29.1,8097.48
7002795,3/5/2024,14268,4812,445,WHIL1,NJ,Ground,UPS,Delivered,101,7.8,59,0.15,4.03,5069.18
7002796,8/26/2024,15989,4475,684,WHTX1,LA,Ground,FedEx,Delivered,38,9.33,132.68,0,33.54,5075.38
7002797,3/28/2023,17653,3624,605,WHPA1,IN,Ground,FedEx,Delivered,61,13.21,350.22,0,16.34,21379.76
7002798,9/26/2024,18681,2404,477,WHNJ1,HI,2Day,FedEx,Delivered,22,19.47,35.93,0,42.62,833.08
7002799,8/30/2025,11486,3579,495,WHPA1,TN,Ground,UPS,Pending,97,17.73,83.48,0.15,12.31,6895.24
7002800,8/9/2023,13660,1332,313,WHNJ1,PA,Ground,UPS,InTransit,43,7.04,45.06,0.1,7.46,1751.28
7002801,1/31/2025,12420,5749,664,WHCA1,IL,Ground,UPS,Delivered,110,7.14,31.19,0,21.02,3451.92
7002802,6/16/2025,17741,4609,466,WHGA1,TN,Ground,UPS,Delivered,26,23.33,30.59,0,31.27,826.61
7002803,7/29/2025,17144,1740,450,WHTX1,UT,Ground,USPS,Delivered,51,8.06,182.91,0.05,2.18,8864.17
7002804,8/12/2025,13496,5607,641,WHPA1,NC,Ground,UPS,Cancelled,61,5.22,16.73,0,11.72,1032.25
7002805,6/12/2024,10757,1042,345,WHGA1,WY,2Day,UPS,Delivered,20,8.83,85.61,0.05,22.87,1649.46
7002806,8/27/2025,18449,5981,474,WHGA1,IL,Ground,FedEx,Delivered,8,22.47,33.67,0,5.18,274.54
7002807,12/27/2024,11780,4879,467,WHGA1,MO,Ground,USPS,Cancelled,39,5.81,207.49,0,29.4,8121.51
7002808,7/10/2023,16488,2950,497,WHGA1,MS,Ground,FedEx,Cancelled,72,7.73,49.56,0,20.28,3588.6
7002809,4/20/2024,19665,4461,506,WHGA1,NH,Ground,UPS,Delivered,91,5.96,46.5,0.2,22.75,3407.95
7002810,12/6/2024,10259,3129,382,WHNJ1,OK,2Day,UPS,Delivered,54,17.75,180.01,0.15,58.13,8320.59
7002811,10/6/2023,14076,5498,368,WHIL1,CO,Ground,UPS,Delivered,65,11.89,110.84,0.15,26.49,6150.4
7002812,10/18/2024,18499,3155,397,WHTX1,LA,2Day,UPS,InTransit,72,17.43,88.44,0.15,11.62,5424.15
7002813,11/8/2024,18015,2238,467,WHTX1,NV,Ground,UPS,Delivered,67,25.57,105.47,0,10.14,7076.63
7002814,7/11/2023,11119,2767,377,WHNJ1,CA,Ground,UPS,Pending,11,4.04,28.11,0.15,15.16,277.99
7002815,8/2/2024,17632,2842,537,WHPA1,LA,2Day,USPS,Delivered,51,6.34,100.84,0,46.95,5189.79
7002816,1/7/2025,13018,1506,496,WHNJ1,OR,2Day,UPS,Delivered,24,7.71,52.2,0.1,16.7,1144.22
7002817,5/16/2024,14342,2842,591,WHFL1,CT,2Day,UPS,Delivered,71,10.42,77.25,0,17.47,5502.22
7002818,1/15/2023,11659,5816,436,WHWA1,FL,Ground,DHL,Delivered,112,13.55,84.23,0,26.88,9460.64
7002819,1/11/2023,18379,2395,608,WHGA1,OH,2Day,FedEx,Delivered,78,7.45,27.58,0,59.8,2211.04
7002820,12/18/2023,11798,1257,596,WHIL1,ID,Ground,UPS,Delivered,27,6.6,90.92,0,47.79,2502.63
7002821,7/8/2025,19117,2721,677,WHTX1,VA,2Day,UPS,InTransit,25,17.75,52.66,0.05,16.67,1267.34
7002822,9/14/2023,10785,2072,669,WHPA1,SC,Ground,DHL,Delivered,5,13.88,25.19,0.05,7.45,127.1
7002823,10/10/2024,15692,2623,667,WHCA1,UT,Ground,UPS,Delivered,54,12.09,54.15,0.1,18.59,2650.28
7002824,9/6/2023,13197,5993,336,WHNJ1,RI,2Day,FedEx,Delivered,55,2.76,60.85,0,28.61,3375.36
7002825,11/29/2023,19553,3067,690,WHCA1,MS,Ground,USPS,Delivered,28,20.63,90.91,0.05,36.19,2454.4
7002826,4/7/2025,18533,2070,548,WHTX1,FL,Ground,UPS,Pending,114,11.17,11.27,0.1,18.86,1175.16
7002827,12/11/2024,10563,1451,554,WHNJ1,ID,2Day,FedEx,Delivered,48,9.07,78.73,0,60.36,3839.4
7002828,4/23/2023,14747,1898,514,WHTX1,OK,Ground,DHL,Delivered,94,6.12,41.93,0,23.84,3965.26
7002829,2/24/2024,13000,5837,552,WHNJ1,OR,Ground,FedEx,Delivered,89,6.84,105.77,0.15,32.87,8034.37
7002830,2/4/2023,11194,4729,370,WHPA1,FL,Ground,UPS,Delivered,83,5.86,59.92,0.05,33.42,4758.11
7002831,4/25/2024,10069,1082,534,WHTX1,RI,Ground,USPS,Delivered,153,3.02,47.51,0,28.78,7297.81
7002832,11/6/2024,15680,1737,629,WHFL1,VA,Ground,FedEx,Pending,2,6.12,52.99,0,60.54,166.52
7002833,5/20/2023,12429,5175,316,WHCA1,MI,Ground,FedEx,Delivered,8,3.83,75.77,0,51.53,657.69
7002834,11/11/2023,16201,4945,474,WHIL1,KY,Ground,FedEx,Delivered,105,9.64,113.28,0,15.83,11910.23
7002835,1/18/2024,15397,3208,487,WHPA1,NC,Ground,UPS,Delivered,44,5.01,32.15,0,35.44,1450.04
7002836,6/30/2025,16994,4949,594,WHFL1,WA,Ground,UPS,Delivered,189,15.5,47.17,0,27.92,8943.05
7002837,9/12/2025,13599,3003,525,WHPA1,MS,2Day,UPS,Delivered,26,3.68,167.82,0,8.21,4371.53
7002838,2/22/2023,19036,2692,574,WHNJ1,IA,Ground,UPS,Delivered,22,20.48,46.6,0,5.02,1030.22
7002839,12/29/2024,10574,2180,312,WHCA1,NH,2Day,UPS,Delivered,80,16.52,77.59,0.1,6.94,5593.42
7002840,12/26/2023,14215,3936,610,WHTX1,NY,Ground,UPS,Pending,34,5.27,25.29,0,78.68,938.54
7002841,1/12/2024,17637,3516,519,WHCA1,NC,Ground,UPS,InTransit,42,9.45,18.07,0,11.09,770.03
7002842,12/25/2024,11479,5949,301,WHPA1,NH,Ground,USPS,Delivered,158,5.99,28.97,0,19.94,4597.2
7002843,6/29/2025,19706,1462,411,WHNJ1,IA,2Day,FedEx,Delivered,3,14.15,37.02,0,20.35,131.41
7002844,8/5/2025,16128,3902,577,WHWA1,NE,Ground,FedEx,Pending,70,29.44,124.25,0,51.82,8749.32
7002845,8/12/2024,19161,1117,429,WHCA1,ND,2Day,FedEx,Delivered,41,20.31,134.16,0,25.78,5526.34
7002846,12/18/2023,16677,2655,393,WHFL1,AR,Ground,UPS,Cancelled,43,6.62,15.59,0.25,26.79,529.57
7002847,1/26/2025,12197,5562,696,WHTX1,WI,2Day,FedEx,Delivered,30,10.71,41.08,0,30.11,1262.51
7002848,10/11/2023,19704,2799,680,WHGA1,WV,Ground,FedEx,Delivered,16,24.93,97.79,0,21.14,1585.78
7002849,8/1/2024,18167,1660,339,WHPA1,LA,2Day,FedEx,Delivered,4,13.7,55.73,0,49.76,272.68
7002850,12/19/2023,18847,4238,616,WHIL1,MA,Ground,UPS,Delivered,190,18.33,172.01,0,42.56,32724.46
7002851,11/3/2024,16051,3123,459,WHIL1,WV,Ground,FedEx,Delivered,93,14.78,96.14,0.05,16.93,8510.9
7002852,9/28/2023,14651,4820,486,WHPA1,DE,Ground,FedEx,Delivered,117,10.47,49.75,0,18.67,5839.42
7002853,8/10/2023,18485,4344,653,WHWA1,CO,Ground,FedEx,Delivered,8,9.59,52.95,0,24.42,448.02
7002854,6/29/2025,14527,3551,556,WHGA1,MD,Ground,UPS,Delivered,2,4.84,57.66,0,6.75,122.07
7002855,5/1/2023,14413,5891,539,WHNJ1,AK,Ground,FedEx,Delivered,82,6.32,33.19,0,36.26,2757.84
7002856,5/24/2024,15444,2587,404,WHCA1,DC,Ground,FedEx,Delivered,105,5.82,115.79,0.1,45.69,10987.84
7002857,9/5/2023,19781,5683,695,WHCA1,VT,Overnight,FedEx,Delivered,50,8.1,100.89,0,11.67,5056.17
7002858,2/15/2023,18788,3748,666,WHGA1,MI,Ground,FedEx,Delivered,49,10.62,82.46,0,66.49,4107.03
7002859,2/12/2023,12594,1635,329,WHFL1,MA,2Day,UPS,Delivered,48,9.37,71.1,0,12.06,3424.86
7002860,7/26/2023,19108,3883,389,WHGA1,CO,Overnight,UPS,Delivered,18,11.38,29.42,0,8.01,537.57
7002861,4/29/2025,16853,3812,675,WHTX1,NY,Overnight,UPS,Delivered,112,14.9,85.39,0.15,27.97,8157.1
7002862,11/8/2023,16630,5454,697,WHTX1,CO,2Day,UPS,Cancelled,26,7.79,65.67,0,50.38,1757.8
7002863,8/4/2025,13870,5016,351,WHIL1,IL,2Day,UPS,InTransit,40,15.57,243.7,0,29.31,9777.31
7002864,8/16/2024,17972,3740,664,WHNJ1,AL,Ground,UPS,Delivered,95,19.8,24.27,0,16.96,2322.61
7002865,3/4/2024,19168,2885,447,WHWA1,MI,Ground,UPS,Delivered,1,12.83,36.16,0,33.98,70.14
7002866,8/14/2024,19268,2519,614,WHNJ1,MS,Ground,FedEx,Delivered,114,7.21,19.76,0,15.19,2267.83
7002867,6/6/2024,17823,1622,336,WHFL1,SD,Ground,USPS,Delivered,150,17.65,51.51,0.05,43.1,7383.28
7002868,12/27/2024,12990,5578,584,WHGA1,NJ,Ground,UPS,Delivered,6,13.36,17.74,0.1,3.91,99.71
7002869,11/8/2023,17063,2538,687,WHIL1,MI,Ground,UPS,Delivered,80,14.5,137.58,0.05,11.96,10468.04
7002870,12/15/2023,15341,3338,401,WHIL1,UT,Ground,USPS,Delivered,52,25.12,128.88,0,5.38,6707.14
7002871,5/31/2025,19644,2995,407,WHTX1,ID,2Day,FedEx,Delivered,9,15.31,53.66,0.1,7.59,442.24
7002872,8/1/2025,13824,3071,645,WHCA1,MT,Ground,UPS,Delivered,97,25.72,29.51,0,25.97,2888.44
7002873,5/29/2025,13933,5902,591,WHFL1,AR,Ground,FedEx,Delivered,84,9.15,20.64,0.2,13.31,1400.32
7002874,2/13/2024,18555,5931,649,WHNJ1,ME,Ground,UPS,Delivered,89,7.72,36.66,0,47.03,3309.77
7002875,1/17/2025,12430,3366,405,WHFL1,KS,Ground,FedEx,Delivered,126,19.92,92.95,0,18.6,11730.3
7002876,4/20/2024,17445,3846,521,WHIL1,ID,Overnight,DHL,Delivered,35,5.54,34.58,0,35.46,1245.76
7002877,5/15/2024,17148,4039,376,WHTX1,NC,Ground,UPS,Delivered,96,31.05,228.23,0,9.2,21919.28
7002878,8/21/2023,17632,1855,527,WHTX1,MA,Ground,USPS,Delivered,109,21.84,170.35,0,27.64,18595.79
7002879,8/23/2024,13599,3729,384,WHTX1,OK,Ground,UPS,Delivered,20,10.54,60.03,0,36.91,1237.51
7002880,8/6/2023,14330,1916,376,WHFL1,FL,Ground,FedEx,InTransit,173,20.56,43.43,0,13.28,7526.67
7002881,12/4/2023,16719,5939,549,WHCA1,RI,Ground,FedEx,Delivered,42,14.88,40.28,0.15,20.17,1458.17
7002882,4/15/2025,19924,1132,555,WHIL1,TN,Ground,FedEx,Delivered,103,4.61,183.68,0,17.45,18936.49
7002883,8/23/2023,18219,2117,350,WHGA1,VT,Ground,UPS,Delivered,112,6.13,37.89,0,22.99,4266.67
7002884,3/25/2023,10093,4594,656,WHGA1,DE,Ground,FedEx,Delivered,66,11.87,115.4,0.05,13.64,7249.22
7002885,3/23/2023,18501,1861,510,WHTX1,MD,2Day,FedEx,InTransit,15,11,60.92,0,20.35,934.15
7002886,7/25/2025,10052,1294,458,WHTX1,GA,Ground,FedEx,InTransit,33,21.92,98.87,0.1,20.41,2956.85
7002887,5/26/2024,10319,3689,628,WHCA1,NY,Ground,UPS,Delivered,28,11.99,33.79,0.05,58,956.81
7002888,2/1/2024,15689,2000,533,WHTX1,NV,Ground,UPS,Delivered,68,4.67,47.53,0,20.73,3252.77
7002889,2/22/2025,17019,3297,671,WHPA1,GA,Ground,FedEx,Delivered,32,7.21,58.99,0,36.79,1924.47
7002890,3/24/2025,17211,4686,377,WHIL1,DE,2Day,USPS,Cancelled,73,15.62,38.57,0,30.37,2845.98
7002891,12/4/2023,13957,1287,523,WHWA1,WA,Ground,UPS,InTransit,35,3.35,143.85,0,26.88,5061.63
7002892,11/23/2024,16058,1450,421,WHWA1,NC,Overnight,FedEx,Delivered,1,4.29,35.14,0.1,12.7,44.33
7002893,1/6/2025,16876,3339,610,WHTX1,WA,Ground,UPS,Delivered,45,8,40.06,0.15,43.61,1575.9
7002894,11/2/2024,14432,4241,627,WHWA1,WI,2Day,UPS,InTransit,83,17.44,155.31,0.05,15.63,12261.82
7002895,6/28/2023,11526,3704,641,WHTX1,IL,Ground,UPS,Delivered,116,8.78,135.61,0,28.36,15759.12
7002896,5/10/2025,17044,4117,658,WHIL1,UT,Ground,FedEx,Delivered,4,13.19,182.35,0.2,11.95,595.47
7002897,7/3/2024,11279,5572,407,WHNJ1,OH,Ground,DHL,Delivered,31,10.03,15.78,0.1,8.75,449.01
7002898,11/8/2023,18706,1253,541,WHPA1,DC,Ground,USPS,Delivered,189,9.19,69.05,0.05,38.41,12436.34
7002899,2/20/2024,16126,2420,328,WHPA1,NH,Ground,UPS,InTransit,32,6.76,63.91,0,9.41,2054.53
7002900,2/14/2023,17875,3337,492,WHWA1,CA,Ground,FedEx,InTransit,117,16.55,40.49,0,10.69,4748.02
7002901,5/31/2023,19926,2236,549,WHGA1,AZ,2Day,UPS,Delivered,67,4.71,75.3,0,6.86,5051.96
7002902,12/31/2024,16901,2000,664,WHTX1,OR,Ground,UPS,Delivered,14,8.69,47.91,0,27.1,697.84
7002903,1/1/2023,12501,4761,513,WHIL1,SD,Ground,UPS,Delivered,89,19.89,67.2,0,6.93,5987.73
7002904,2/9/2024,13465,5117,321,WHGA1,CO,2Day,UPS,Delivered,177,6.32,649.15,0.15,47.59,97712.21
7002905,6/13/2024,12260,5412,455,WHFL1,WV,Ground,FedEx,Delivered,146,3.93,74.91,0.05,27.77,10417.79
7002906,3/6/2023,17497,3612,327,WHWA1,TN,2Day,FedEx,Delivered,98,2.81,77.15,0.05,8.55,7191.22
7002907,8/23/2025,12660,2447,377,WHFL1,KS,Ground,USPS,Pending,67,14.91,106.61,0,26.22,7169.09
7002908,9/11/2023,10256,3171,606,WHCA1,OH,Ground,UPS,Delivered,39,15.53,68.09,0,7.6,2663.11
7002909,11/20/2023,11503,3922,357,WHFL1,LA,Ground,UPS,Delivered,44,8.13,27.82,0,35.61,1259.69
7002910,11/19/2023,14657,4684,419,WHFL1,HI,2Day,UPS,Delivered,43,4.66,18.95,0,21.74,836.59
7002911,9/16/2023,15431,3262,465,WHNJ1,DC,2Day,UPS,Delivered,158,9.16,58.78,0,4.74,9291.98
7002912,1/2/2023,18599,2946,364,WHTX1,MN,Overnight,DHL,Delivered,25,20.28,49.7,0,5.66,1248.16
7002913,12/12/2024,13177,5935,348,WHNJ1,WA,Ground,UPS,Delivered,47,4.67,15.18,0,13.82,727.28
7002914,8/18/2025,11861,2854,450,WHTX1,HI,2Day,USPS,Delivered,55,18.87,187.71,0,38.68,10362.73
7002915,9/9/2023,16159,1600,458,WHTX1,NH,Ground,UPS,Delivered,52,3.62,64.67,0,9.59,3372.43
7002916,11/6/2024,15807,5888,456,WHTX1,TN,Ground,UPS,Delivered,1,5.06,164.34,0,15.32,179.66
7002917,12/18/2024,14355,5136,451,WHNJ1,NE,2Day,UPS,Delivered,33,10.68,12.58,0.1,80.47,454.1
7002918,4/7/2025,10723,4404,525,WHPA1,FL,Ground,USPS,Delivered,65,17.66,166.55,0.05,14.85,10299.31
7002919,2/16/2024,17580,3991,560,WHCA1,OH,Ground,UPS,Delivered,113,24.18,42.72,0.05,5.29,4591.28
7002920,11/19/2023,19475,5744,687,WHPA1,FL,Ground,DHL,Delivered,77,18.13,144.86,0,46.27,11200.49
7002921,12/1/2023,10614,5278,556,WHIL1,LA,2Day,UPS,Delivered,48,25.38,69.74,0.05,5.3,3185.44
7002922,12/3/2024,13332,5361,361,WHIL1,UT,Ground,UPS,Delivered,94,11.15,82.4,0.05,30.22,7388.54
7002923,3/1/2025,15791,3819,652,WHFL1,MA,Ground,FedEx,Delivered,94,6.89,82.48,0.15,13.42,6603.57
7002924,8/2/2023,13117,1863,560,WHPA1,WV,Overnight,UPS,Delivered,30,20.35,44.56,0,44.27,1381.07
7002925,12/25/2023,19005,5528,621,WHCA1,OK,Ground,UPS,Delivered,12,22.66,38.16,0.1,15.77,427.9
7002926,6/9/2025,19979,5056,696,WHFL1,AL,Ground,USPS,Delivered,123,17.48,46.6,0.25,17.81,4316.66
7002927,2/17/2025,10331,2220,697,WHCA1,NE,Ground,UPS,Delivered,70,14.44,21.41,0,27.21,1525.91
7002928,9/3/2025,12213,4796,462,WHTX1,VT,2Day,FedEx,Delivered,21,23.05,42.86,0,13.54,913.6
7002929,12/25/2024,19409,5605,680,WHTX1,SC,Ground,UPS,Cancelled,32,12.28,36.84,0,35.9,1214.78
7002930,1/13/2024,15494,5543,649,WHIL1,PA,Ground,UPS,Delivered,114,9.88,21.06,0.1,14.53,2175.29
7002931,8/23/2024,17233,1528,331,WHTX1,NH,Ground,UPS,Pending,91,15.45,82.72,0,45.74,7573.26
7002932,11/5/2024,15615,3923,371,WHFL1,SC,Ground,FedEx,Delivered,167,13.32,60.33,0.05,25.89,9597.24
7002933,4/3/2023,15914,4205,697,WHTX1,ME,Ground,FedEx,Delivered,60,17.01,71.28,0.15,67.18,3702.46
7002934,7/9/2024,15914,2163,302,WHCA1,MS,Ground,FedEx,Cancelled,6,9.24,97.76,0,13.61,600.17
7002935,12/1/2024,15612,5765,350,WHNJ1,UT,Ground,FedEx,Pending,100,17.26,50.8,0,32.95,5112.95
7002936,7/17/2023,19433,4565,435,WHWA1,AL,Overnight,UPS,Delivered,31,16.73,31.1,0.3,16.1,690.97
7002937,1/17/2025,10320,1847,446,WHPA1,OK,Ground,UPS,Delivered,40,11.37,74.23,0.1,30.45,2702.73
7002938,8/17/2024,18086,3118,479,WHGA1,MN,Overnight,UPS,Delivered,23,6.38,7.76,0.05,8.5,178.06
7002939,8/6/2025,14201,4087,564,WHGA1,IL,Ground,FedEx,InTransit,38,21.05,55.63,0,15.27,2129.21
7002940,2/20/2023,14792,2771,611,WHTX1,NJ,Ground,FedEx,Delivered,130,4.84,102.51,0.1,33.86,12027.53
7002941,10/27/2023,10330,4284,504,WHTX1,WI,Ground,UPS,Delivered,78,5.63,124.86,0.15,9.1,8287.32
7002942,9/2/2024,18852,2826,599,WHPA1,DC,2Day,UPS,Delivered,13,11.06,41.42,0.05,31.75,543.29
7002943,11/15/2023,16743,4324,487,WHGA1,DC,Ground,FedEx,Delivered,79,2.22,12.5,0,13.78,1001.28
7002944,12/4/2024,14917,1446,330,WHCA1,OR,Overnight,USPS,Delivered,88,25.24,9.5,0.05,21.98,816.18
7002945,12/28/2024,11794,2026,359,WHWA1,HI,Ground,FedEx,Delivered,145,10.09,93.78,0,95.86,13693.96
7002946,5/1/2023,16458,2772,309,WHGA1,CT,Ground,UPS,Delivered,138,25.19,46.83,0,20.25,6482.79
7002947,6/3/2024,18126,2360,624,WHGA1,OH,Ground,FedEx,Delivered,8,29.52,246.28,0.1,15.11,1788.33
7002948,5/28/2024,15704,1019,467,WHFL1,HI,Ground,FedEx,InTransit,140,9.11,22.34,0,12.15,3139.75
7002949,12/24/2023,16171,1561,637,WHGA1,WI,Ground,UPS,Delivered,6,22.46,76.25,0,30.34,487.84
7002950,7/16/2025,16645,1472,695,WHTX1,TX,Ground,FedEx,Delivered,18,5.29,192.1,0,14.58,3472.38
7002951,3/14/2025,17421,1028,679,WHFL1,WA,Ground,UPS,Delivered,13,12.97,69.33,0,33.61,934.9
7002952,11/25/2024,14156,1560,686,WHTX1,DC,Ground,UPS,Delivered,22,7.53,19.69,0,18.48,451.66
7002953,12/4/2024,18412,3656,579,WHPA1,SC,Ground,DHL,Cancelled,123,15.19,417.87,0,30.69,51428.7
7002954,4/3/2024,12612,4237,491,WHGA1,WV,Ground,USPS,Delivered,98,16.98,181.41,0,17.88,17796.06
7002955,7/2/2025,15692,5554,542,WHWA1,MA,Ground,UPS,Delivered,98,9.09,51.18,0,15.09,5030.73
7002956,11/23/2024,12594,1945,578,WHTX1,WA,Ground,UPS,Delivered,158,13.87,106.44,0,13.29,16830.81
7002957,12/12/2024,10096,4949,454,WHPA1,AZ,Ground,FedEx,Delivered,49,17.63,107.24,0,8.83,5263.59
7002958,4/23/2025,19181,4657,696,WHGA1,NJ,2Day,UPS,Delivered,1,11.19,94.03,0,17.35,111.38
7002959,11/3/2023,19305,5964,460,WHWA1,MS,Ground,UPS,InTransit,89,45.88,22.81,0.1,37.79,1864.87
7002960,2/18/2025,16042,4064,565,WHCA1,PA,Overnight,UPS,Delivered,140,9.21,75.28,0,34.23,10573.43
7002961,8/13/2023,15064,2980,535,WHTX1,AZ,Ground,FedEx,Delivered,183,27.01,166.81,0.05,17.73,29017.65
7002962,12/12/2023,18438,3717,646,WHWA1,OR,Ground,UPS,Delivered,45,19.88,85.41,0,10.72,3854.17
7002963,12/6/2023,13350,5922,499,WHWA1,NC,Ground,FedEx,Delivered,128,3.28,79.23,0,20.8,10162.24
7002964,8/28/2025,17645,1816,333,WHWA1,MI,Ground,UPS,InTransit,135,24.49,41.21,0,38.14,5601.49
7002965,4/17/2025,16561,3327,389,WHNJ1,NM,Ground,USPS,Delivered,17,19.05,31.87,0.1,8.23,495.84
7002966,11/27/2024,15248,3331,395,WHWA1,VA,Ground,USPS,InTransit,87,10.71,19.96,0,22.59,1759.11
7002967,12/11/2024,15357,2003,521,WHPA1,ID,Ground,FedEx,Delivered,21,12.48,101.96,0,5.39,2146.55
7002968,7/30/2024,14078,2543,369,WHTX1,VT,Ground,FedEx,Pending,57,13.44,51.4,0.1,30.14,2666.96
7002969,8/1/2025,14899,5205,594,WHCA1,IN,2Day,UPS,Delivered,144,22.82,23.46,0,34.07,3412.31
7002970,5/13/2024,11418,2230,537,WHCA1,ID,Ground,FedEx,Delivered,120,7.8,118.85,0.1,19.15,12854.95
7002971,12/30/2023,18847,4306,695,WHTX1,NE,Ground,USPS,Pending,77,25.9,39.79,0,17.92,3081.75
7002972,7/11/2023,10111,3530,460,WHWA1,IL,Overnight,UPS,Delivered,124,5.22,32.91,0,55.68,4136.52
7002973,1/24/2025,18282,2431,620,WHIL1,MS,Ground,FedEx,Delivered,18,3.48,42.39,0.05,12.56,737.43
7002974,12/15/2024,18955,4913,628,WHPA1,PA,Ground,UPS,Cancelled,23,14.28,52.41,0,25.01,1230.44
7002975,1/2/2024,17392,2533,576,WHGA1,WA,2Day,UPS,Cancelled,25,21.28,82.68,0,25.36,2092.36
7002976,1/30/2023,15133,2893,590,WHGA1,WV,Ground,UPS,InTransit,117,8.98,32.51,0.05,4.11,3617.6
7002977,3/27/2025,12505,4125,667,WHCA1,FL,Ground,DHL,Delivered,147,2.57,121.71,0.1,2.42,16104.65
7002978,1/14/2023,19657,2422,342,WHWA1,DE,Ground,UPS,Delivered,75,4.09,84.21,0,43.15,6358.9
7002979,11/28/2024,18290,1391,692,WHTX1,OR,Ground,FedEx,Delivered,173,12.99,41.85,0,3.12,7243.17
7002980,8/21/2025,15240,3819,366,WHIL1,IA,Ground,DHL,Delivered,106,9.94,53.65,0,19.41,5706.31
7002981,3/5/2024,10293,2870,321,WHPA1,CT,Ground,FedEx,Delivered,76,21.61,44.63,0.05,58.29,3280.58
7002982,9/22/2023,11735,3961,635,WHNJ1,MS,Ground,USPS,Delivered,84,10.45,62.83,0.15,83.58,4569.64
7002983,11/29/2024,15121,2196,370,WHGA1,WI,Ground,UPS,Delivered,135,6.41,173.86,0.05,64.37,22361.92
7002984,3/2/2025,16394,3606,561,WHFL1,KS,2Day,DHL,Delivered,11,12.04,44.31,0.1,8.79,447.46
7002985,7/11/2024,12197,1858,546,WHPA1,MS,2Day,UPS,Delivered,20,18.39,68.51,0.1,48.22,1281.4
7002986,8/18/2025,13467,4228,623,WHWA1,TX,2Day,DHL,Delivered,32,22.5,36.79,0,7.03,1184.31
7002987,3/2/2023,11907,2517,535,WHPA1,CT,2Day,UPS,InTransit,149,9.36,87.07,0,1.08,12974.51
7002988,5/23/2024,11722,2154,572,WHIL1,TX,Ground,UPS,Delivered,167,10.41,72.81,0,2.84,12162.11
7002989,12/6/2024,11817,1843,399,WHPA1,NV,2Day,UPS,Delivered,44,15.96,152.18,0,30.77,6726.69
7002990,4/24/2025,18445,2683,629,WHGA1,AK,Ground,UPS,Delivered,159,6.38,33.58,0,45.13,5384.35
7002991,7/31/2023,14228,1295,335,WHTX1,ND,Ground,UPS,Delivered,73,15.56,97.29,0.05,25.56,6772.62
7002992,2/10/2025,15776,1645,639,WHWA1,PA,Ground,DHL,Delivered,61,8.7,145.36,0,83.54,8950.5
7002993,7/19/2024,13850,4634,471,WHGA1,AZ,Ground,UPS,Delivered,130,9.56,44.17,0.1,31.5,5199.39
7002994,1/17/2024,15229,3136,410,WHNJ1,AL,2Day,FedEx,Delivered,73,10.02,54.9,0.2,48.82,3254.98
7002995,6/5/2023,16850,1111,595,WHTX1,NM,Ground,UPS,Pending,58,10.81,68.57,0,56.74,4033.8
7002996,4/27/2025,11059,1584,310,WHCA1,MN,Ground,USPS,Delivered,2,31.53,50.84,0,32.27,133.95
7002997,7/5/2023,12323,4226,502,WHIL1,MD,Ground,FedEx,Delivered,2,7.55,67.93,0.1,15.41,137.68
7002998,11/22/2023,18379,2487,557,WHWA1,KS,Ground,DHL,Delivered,87,7.78,96.13,0,10.25,8373.56
7002999,11/12/2023,10949,5865,562,WHGA1,VA,2Day,UPS,InTransit,9,23.82,55.4,0,11.17,509.77
7003000,5/5/2025,18180,2649,481,WHTX1,NY,Overnight,UPS,Delivered,108,13.06,55.1,0.05,31.38,5684.64
7003001,11/12/2024,14360,3382,366,WHPA1,KY,Ground,UPS,Pending,86,15.85,72.31,0.05,13.05,5920.78
7003002,2/5/2025,15661,1106,594,WHTX1,LA,Ground,FedEx,Delivered,59,5.39,45.37,0,8.14,2684.97
7003003,10/10/2023,17255,4554,461,WHGA1,AR,Ground,FedEx,Delivered,102,11.59,46.97,0.15,71.17,4143.47
7003004,9/29/2024,18402,2695,367,WHCA1,OH,2Day,FedEx,Delivered,194,16.26,31.98,0.2,7.92,4971.22
7003005,8/7/2024,12094,2734,400,WHGA1,SC,Ground,UPS,Delivered,30,6.67,58.26,0.1,18.54,1591.56
7003006,3/20/2025,11564,1382,377,WHCA1,OK,Overnight,FedEx,Delivered,74,14.58,82.09,0,51.61,6126.27
7003007,6/14/2025,18218,3737,335,WHPA1,MN,Ground,USPS,Delivered,133,8.85,49.7,0,24.19,6634.29
7003008,1/15/2023,10175,5357,345,WHGA1,IA,2Day,UPS,InTransit,2,6.79,34.91,0.1,36.93,99.77
7003009,11/12/2024,11335,2317,450,WHTX1,IL,Ground,UPS,Delivered,24,18.37,56.09,0.05,11.74,1290.59
7003010,3/2/2023,10322,3703,368,WHNJ1,IN,Ground,FedEx,Delivered,69,19.79,79.23,0,6.27,5473.14
7003011,7/14/2024,15699,5916,554,WHNJ1,IN,Ground,UPS,Delivered,74,10.8,65.62,0,15,4870.88
7003012,11/10/2023,15605,5075,317,WHPA1,OR,2Day,FedEx,Delivered,10,13.11,285.72,0.1,24.69,2596.17
7003013,11/21/2023,16743,5805,561,WHFL1,CA,2Day,FedEx,Delivered,51,22.14,37.9,0,51.92,1984.82
7003014,12/15/2023,17437,1907,513,WHFL1,MI,Ground,DHL,Delivered,68,7.89,54.01,0.15,8.45,3130.23
7003015,9/25/2024,18525,1663,613,WHTX1,NV,Ground,USPS,Delivered,54,12.33,103.53,0.05,43.38,5354.47
7003016,12/5/2023,15675,1463,556,WHNJ1,VT,Overnight,FedEx,Delivered,100,7.93,36.89,0.1,43.37,3363.47
7003017,12/13/2024,15003,3903,516,WHPA1,AR,Overnight,UPS,InTransit,115,5.43,231.39,0,15.57,26625.42
7003018,1/26/2024,10911,5681,651,WHCA1,WY,Ground,UPS,Delivered,59,7.89,60.19,0.05,19.9,3393.55
7003019,3/22/2023,10950,1943,586,WHTX1,PA,Ground,USPS,Delivered,54,5.09,88.87,0.05,6.79,4565.82
7003020,1/21/2025,15426,1158,307,WHFL1,NH,Ground,FedEx,Pending,101,12.91,60.8,0,27.02,6167.82
7003021,11/9/2023,12515,4310,680,WHWA1,OR,2Day,FedEx,InTransit,74,6.29,122.41,0,14.25,9072.59
7003022,2/28/2024,17702,2327,499,WHCA1,OH,Ground,UPS,Delivered,141,4.32,28.51,0.05,22.95,3841.86
7003023,11/18/2024,10101,3718,391,WHTX1,MD,Ground,UPS,Delivered,62,15.61,180.3,0,29.51,11208.11
7003024,12/5/2023,14647,3669,447,WHCA1,OH,Ground,UPS,Cancelled,77,15.02,70.57,0.1,11.92,4902.42
7003025,3/8/2023,16946,3569,450,WHCA1,OH,Ground,UPS,InTransit,15,8.2,95.13,0.1,13.86,1298.11
7003026,12/27/2023,12401,4393,352,WHNJ1,MD,Ground,FedEx,Delivered,131,15.25,35.78,0,24.51,4711.69
7003027,7/29/2025,15802,3107,543,WHWA1,AK,Ground,FedEx,Delivered,54,6.17,75.98,0.1,8.51,3701.14
7003028,10/19/2024,12344,5800,519,WHTX1,LA,Ground,UPS,Delivered,104,8,30.47,0.05,34.29,3044.73
7003029,11/11/2024,10353,1648,306,WHGA1,NJ,2Day,FedEx,Delivered,55,12.77,136.63,0,17.72,7532.37
7003030,10/8/2024,12956,4323,409,WHNJ1,TN,Overnight,USPS,Delivered,1,18.59,24.32,0,42.12,66.44
7003031,8/16/2023,11019,3939,651,WHCA1,NH,Ground,FedEx,Delivered,50,7.95,66.84,0,12.55,3354.55
7003032,2/12/2024,11180,3484,366,WHCA1,RI,Ground,FedEx,Delivered,17,6.99,45.72,0,17.35,794.59
7003033,12/23/2024,15194,5242,310,WHFL1,MI,Ground,UPS,Delivered,50,18.03,20.1,0,2.63,1007.63
7003034,4/30/2023,13537,3907,502,WHGA1,NH,2Day,USPS,InTransit,40,14.44,31.17,0,4.74,1251.54
7003035,11/5/2023,12503,4026,582,WHFL1,VA,2Day,UPS,Delivered,24,10.93,82.19,0,35.39,2007.95
7003036,11/4/2023,13820,2376,689,WHGA1,GA,Ground,USPS,Delivered,15,20.31,32.03,0.05,18.4,474.83
7003037,2/28/2024,16856,2824,514,WHCA1,MD,2Day,FedEx,Delivered,106,32.16,37.56,0.05,19.64,3801.93
7003038,8/29/2025,10980,1245,368,WHGA1,KS,Ground,USPS,Delivered,112,12.46,77.92,0.25,4.8,6550.08
7003039,3/21/2023,10977,3349,547,WHWA1,CO,Ground,DHL,Delivered,32,7.02,113.83,0,18.29,3660.85
7003040,6/9/2024,19564,1868,654,WHIL1,KY,Ground,FedEx,Delivered,65,13.48,95.29,0,37.99,6231.84
7003041,7/31/2023,12281,3862,627,WHFL1,CO,2Day,UPS,Delivered,60,6.11,58.08,0,27.84,3512.64
7003042,8/21/2025,15898,1480,350,WHFL1,MI,Ground,UPS,Delivered,44,21.07,69.87,0,16.11,3090.39
7003043,5/14/2023,10108,3463,317,WHNJ1,LA,Overnight,UPS,Delivered,34,6.56,65.2,0.05,3.9,2109.86
7003044,1/25/2024,19165,2936,311,WHWA1,NY,2Day,UPS,Delivered,22,8.91,29.05,0,23.27,662.37
7003045,12/16/2024,11627,4374,609,WHTX1,NV,Ground,UPS,InTransit,142,6.05,72.96,0,17.59,10377.91
7003046,11/28/2024,18896,4022,606,WHFL1,TN,Ground,FedEx,Delivered,131,11.16,28.87,0.05,36.93,3629.8
7003047,2/16/2024,16230,4193,692,WHGA1,GA,Ground,UPS,Cancelled,53,11.39,92.23,0,44.11,4932.3
7003048,12/12/2023,16878,1088,424,WHGA1,SD,2Day,FedEx,Delivered,105,15.61,65.95,0,8.75,6933.5
7003049,1/18/2024,10875,2241,525,WHIL1,MI,Ground,USPS,Delivered,65,10.74,13.19,0.1,29.83,801.44
7003050,10/26/2023,15544,1573,544,WHTX1,NV,Ground,FedEx,Delivered,10,10.28,119.07,0.1,8.32,1079.95
7003051,8/22/2023,13810,1814,618,WHIL1,IA,2Day,USPS,Delivered,128,7.09,41.63,0,19.23,5347.87
7003052,4/28/2024,12108,1179,632,WHTX1,TX,2Day,UPS,Cancelled,26,8.42,39.29,0.1,18.5,937.89
7003053,10/31/2023,19466,2726,679,WHFL1,NH,Ground,FedEx,Delivered,102,4.34,117.15,0,35.13,11984.43
7003054,11/10/2023,10560,1163,646,WHFL1,CT,2Day,UPS,Delivered,70,23.08,53.52,0,12.87,3759.27
7003055,11/3/2024,18309,3641,329,WHNJ1,WY,Ground,FedEx,Delivered,98,9.45,91.15,0,23.22,8955.92
7003056,8/19/2025,14970,2006,658,WHGA1,ND,Ground,FedEx,Delivered,61,26.76,37.98,0.05,19.01,2219.95
7003057,9/4/2024,13047,3349,657,WHNJ1,NY,Ground,UPS,Delivered,101,9.3,105.31,0,22.7,10659.01
7003058,4/1/2023,10044,3422,666,WHTX1,AK,2Day,UPS,Delivered,4,3.19,68.88,0.05,30.24,291.98
7003059,3/30/2023,10509,3756,665,WHGA1,MT,Ground,FedEx,Pending,5,7.63,79.66,0.25,36.76,335.48
7003060,8/5/2025,16108,5299,585,WHFL1,VT,Ground,FedEx,Delivered,149,9.98,52.95,0.05,39.87,7534.94
7003061,11/16/2023,13440,5143,359,WHIL1,HI,Ground,FedEx,Delivered,111,10.4,187.76,0.15,2.97,17718.13
7003062,4/19/2023,13929,5559,443,WHFL1,MO,Overnight,UPS,Delivered,129,15.01,222.22,0,42.18,28708.56
7003063,8/30/2024,15412,4742,626,WHFL1,ME,Ground,UPS,Delivered,59,11.1,12.83,0,41.22,798.19
7003064,9/28/2024,10917,5504,652,WHCA1,MD,Ground,UPS,Pending,59,8.17,114.75,0,20.76,6791.01
7003065,10/27/2024,10799,2218,600,WHIL1,NC,Ground,DHL,Delivered,71,5.78,28.18,0,26.25,2027.03
7003066,10/30/2023,14972,3475,526,WHCA1,KY,Ground,USPS,Delivered,29,7.84,85.72,0,17.75,2503.63
7003067,1/18/2023,11761,1930,464,WHWA1,NJ,Ground,UPS,Delivered,107,14.37,17.29,0.05,6.74,1764.27
7003068,8/16/2025,13276,1317,384,WHWA1,LA,2Day,UPS,Delivered,130,16.74,79.57,0,7.98,10352.08
7003069,10/10/2023,10819,2503,677,WHIL1,NY,Ground,FedEx,Delivered,153,6.67,33.41,0,29.77,5141.5
7003070,11/13/2024,15041,1421,613,WHTX1,SC,Overnight,UPS,InTransit,68,18.3,43.52,0,18.03,2977.39
7003071,11/29/2024,13066,5359,417,WHNJ1,VT,Ground,USPS,Delivered,52,14.07,44.34,0,11.98,2317.66
7003072,9/12/2024,13260,2450,620,WHWA1,AR,Ground,FedEx,Delivered,130,5.87,35.88,0,22.89,4687.29
7003073,11/24/2023,10907,1428,504,WHCA1,NY,Ground,UPS,Pending,111,11.6,36.57,0,25.31,4084.58
7003074,11/2/2023,10603,1397,655,WHTX1,ME,Ground,UPS,Delivered,140,12.48,45.41,0.25,11.18,4779.23
7003075,8/29/2024,14296,1796,594,WHNJ1,AZ,Overnight,FedEx,Delivered,92,5.28,53.87,0,14.58,4970.62
7003076,4/28/2025,19984,1107,445,WHNJ1,PA,2Day,UPS,Delivered,145,4.43,75.23,0.05,60.35,10423.28
7003077,8/1/2025,13528,5050,327,WHGA1,NV,Ground,FedEx,Delivered,11,13.29,220.71,0.1,16.53,2201.56
7003078,5/5/2023,14544,1098,317,WHFL1,PA,Ground,UPS,Delivered,96,7.61,30.92,0,22.13,2990.45
7003079,7/2/2023,11812,2904,363,WHGA1,CO,Ground,UPS,Delivered,11,24.78,65.56,0.15,9.27,622.26
7003080,7/30/2025,19033,4571,567,WHFL1,SC,Ground,FedEx,Delivered,110,28.08,103.05,0,46.87,11382.37
7003081,12/16/2024,17964,4302,364,WHGA1,KY,2Day,FedEx,Delivered,87,13.27,36.53,0.2,8.9,2551.39
7003082,5/18/2025,15250,1043,339,WHCA1,TN,2Day,UPS,Delivered,2,17.7,12.36,0,5.7,30.42
7003083,8/19/2023,14616,2578,430,WHCA1,CA,Ground,UPS,Delivered,82,5.41,15.77,0.05,44.03,1272.51
7003084,8/21/2024,19229,5191,415,WHFL1,ME,Ground,FedEx,Delivered,17,4.5,12.68,0.1,15.59,209.59
7003085,11/27/2024,18917,5284,345,WHWA1,TX,Ground,FedEx,Delivered,17,9.19,176.34,0,7.26,3005.04
7003086,11/15/2024,16767,1385,516,WHNJ1,TN,2Day,UPS,Delivered,18,4.62,92.23,0,54.01,1714.15
7003087,1/31/2024,19180,5915,388,WHCA1,OH,Ground,FedEx,Delivered,63,12.03,101.85,0,18.58,6435.13
7003088,1/19/2023,10803,4472,636,WHNJ1,MI,Ground,UPS,Pending,14,6.25,119.26,0,5.39,1675.03
7003089,8/17/2024,12583,4578,477,WHTX1,MS,Ground,UPS,InTransit,15,11.21,40.11,0,9.51,611.16
7003090,10/13/2023,16446,4239,565,WHIL1,GA,Ground,FedEx,Delivered,31,9.01,300.81,0.1,8.8,8401.4
7003091,3/20/2024,13838,2697,405,WHNJ1,AK,Ground,FedEx,InTransit,1,14.66,75.88,0,9.49,85.37
7003092,8/10/2025,18719,3135,681,WHNJ1,NV,2Day,UPS,Delivered,34,12.16,57.02,0,10.68,1949.36
7003093,1/20/2024,11666,4893,634,WHTX1,SD,Overnight,UPS,Delivered,85,7.85,130.5,0,83.27,11175.77
7003094,3/28/2025,19331,3537,601,WHFL1,OR,Ground,UPS,Delivered,82,4.4,95.72,0,65.28,7914.32
7003095,8/8/2023,18652,5322,471,WHGA1,KY,Ground,USPS,Delivered,179,11.02,152.76,0.15,37.01,23279.44
7003096,11/11/2024,16976,3393,408,WHPA1,CO,Ground,UPS,Delivered,14,3.52,159.18,0,12.8,2241.32
7003097,8/26/2025,12553,5614,655,WHWA1,TX,2Day,UPS,Delivered,140,21.12,46.86,0,5.57,6565.97
7003098,5/1/2023,17476,4816,461,WHFL1,CA,Ground,UPS,Delivered,49,13.73,68.39,0,10.68,3361.79
7003099,1/10/2023,12809,1296,583,WHGA1,RI,2Day,UPS,Delivered,49,16.58,31.75,0,50.96,1606.71
7003100,2/29/2024,15634,1414,340,WHGA1,CT,2Day,FedEx,Delivered,43,5.59,19.19,0,15.96,841.13
7003101,4/20/2023,16097,2996,326,WHWA1,NY,Ground,UPS,Delivered,15,12.38,107.78,0,37.92,1654.62
7003102,12/22/2024,18824,1004,383,WHFL1,AR,Ground,FedEx,Delivered,62,6.7,117.25,0,22.83,7292.33
7003103,6/24/2025,12457,1178,473,WHFL1,MA,Ground,UPS,Delivered,119,10.94,14.98,0.1,37.35,1641.71
7003104,3/1/2024,19174,1746,473,WHWA1,TN,Ground,FedEx,Delivered,142,5.49,36.32,0,28.52,5185.96
7003105,10/20/2023,15424,5355,582,WHNJ1,NY,Ground,UPS,InTransit,175,9.51,62.4,0,18.39,10938.39
7003106,3/1/2024,14318,1652,370,WHNJ1,LA,Ground,UPS,Delivered,119,4.37,66.71,0,36.68,7975.17
7003107,12/9/2024,11557,4890,623,WHCA1,NC,Ground,UPS,Delivered,86,9.08,251.1,0,39.88,21634.48
7003108,1/11/2023,12206,4272,306,WHCA1,IN,2Day,FedEx,Delivered,65,3.73,38.69,0,6.81,2521.66
7003109,8/22/2024,13956,3483,584,WHIL1,CO,Ground,FedEx,InTransit,142,28.53,53.22,0,21.2,7578.44
7003110,9/16/2024,19114,1290,495,WHIL1,HI,Ground,UPS,Delivered,108,11.01,94.56,0,31.86,10244.34
7003111,10/14/2024,16806,1803,313,WHPA1,VA,2Day,UPS,Delivered,19,10.03,46.96,0.1,1.32,804.34
7003112,9/30/2023,10405,3531,363,WHFL1,MD,Ground,UPS,Delivered,97,15,42.13,0,5.2,4091.81
7003113,12/4/2024,11621,1234,313,WHCA1,NH,2Day,FedEx,Delivered,55,4.59,39.78,0,26.62,2214.52
7003114,4/18/2023,12953,1408,549,WHFL1,OH,Ground,USPS,Delivered,81,6.26,70.63,0,28,5749.03
7003115,8/17/2023,18081,1694,505,WHNJ1,KS,Ground,DHL,Delivered,150,13.75,53.06,0,35.4,7994.4
7003116,5/12/2025,13119,2170,685,WHTX1,WV,Ground,FedEx,Delivered,91,11.02,96.75,0.05,11.36,8375.4
7003117,12/17/2024,17381,5658,553,WHCA1,CT,Overnight,UPS,Delivered,165,6.49,77.06,0,7.55,12722.45
7003118,1/17/2023,16631,3478,340,WHNJ1,SC,2Day,FedEx,Delivered,140,14.75,7.8,0,13.91,1105.91
7003119,10/7/2023,19787,1432,465,WHFL1,OK,Ground,UPS,Delivered,15,11.99,17.61,0.1,41.8,279.53
7003120,8/29/2023,10566,3545,331,WHWA1,UT,Overnight,FedEx,Delivered,2,13.54,42.26,0,24.14,108.66
7003121,11/2/2023,14800,1983,317,WHCA1,UT,2Day,UPS,Cancelled,48,12.63,119.15,0.2,16.15,4591.51
7003122,10/6/2023,17671,4161,437,WHGA1,NM,Ground,UPS,Cancelled,139,6.64,38.02,0,28.22,5313
7003123,3/15/2023,12869,4045,665,WHCA1,TN,Ground,UPS,InTransit,28,9.56,77.99,0.05,26.9,2101.43
7003124,3/30/2024,19050,5993,620,WHFL1,UT,Ground,UPS,Cancelled,99,3.28,91.22,0,82.68,9113.46
7003125,12/13/2024,19477,4925,613,WHFL1,TX,Ground,FedEx,Delivered,62,7.36,87.58,0.1,52.01,4938.97
7003126,9/8/2024,18777,4313,697,WHPA1,TX,Ground,FedEx,InTransit,110,8.63,40.9,0,16.98,4515.98
7003127,11/12/2024,14328,5874,465,WHFL1,WA,Ground,USPS,Delivered,20,14.57,26.86,0.15,23.86,480.48
7003128,4/6/2023,16414,5319,698,WHGA1,CO,Ground,DHL,Delivered,29,13.6,23.95,0,11.56,706.11
7003129,8/5/2025,17615,2689,581,WHNJ1,NH,Ground,UPS,Delivered,29,6.37,480.1,0.1,16.34,12546.95
7003130,3/27/2025,11246,1468,523,WHGA1,NE,Ground,FedEx,Delivered,73,6.28,82.53,0.05,12.71,5736.17
7003131,2/15/2025,18244,3617,422,WHCA1,TX,Ground,FedEx,Cancelled,35,21.91,217.62,0.1,13.69,6868.72
7003132,3/8/2025,10538,2346,378,WHWA1,AK,Ground,USPS,Delivered,125,8.38,33.49,0,22.91,4209.16
7003133,7/16/2025,10541,3423,613,WHGA1,MI,Ground,UPS,InTransit,43,10.71,143.76,0,26.98,6208.66
7003134,7/9/2024,10815,5508,627,WHPA1,FL,Overnight,UPS,Delivered,93,16.02,42.97,0.1,23.15,3619.74
7003135,8/17/2023,11416,5722,388,WHTX1,HI,Ground,UPS,Delivered,169,9.53,58.8,0,43.42,9980.62
7003136,9/20/2024,11653,2012,413,WHGA1,KS,Ground,DHL,Delivered,83,9.13,49.1,0.05,2.72,3874.25
7003137,12/19/2024,14063,2678,400,WHFL1,VT,Ground,USPS,Delivered,29,8.28,32.42,0.25,38.11,743.24
7003138,12/16/2024,12357,4698,603,WHPA1,IL,Ground,UPS,Pending,130,7.37,32.77,0,16.08,4276.18
7003139,6/12/2024,13811,5898,672,WHGA1,LA,Ground,USPS,Cancelled,2,10.9,58.38,0,13.29,130.05
7003140,3/22/2023,19056,5067,687,WHIL1,MO,Ground,UPS,Delivered,31,3.35,39.78,0,18.59,1251.77
7003141,12/25/2023,10186,2893,539,WHTX1,NC,Ground,UPS,InTransit,49,8.05,65.57,0,20.72,3233.65
7003142,7/2/2025,11552,3870,646,WHNJ1,GA,Ground,FedEx,Delivered,23,13.83,33.38,0.05,41,770.35
7003143,8/18/2024,17014,5351,411,WHFL1,NJ,Ground,UPS,Delivered,82,12.89,98.45,0,13.33,8086.23
7003144,7/2/2024,10762,2487,390,WHPA1,DC,Ground,UPS,Delivered,75,23.32,43.48,0,43.08,3304.08
7003145,11/1/2023,19472,4340,685,WHGA1,WI,Ground,USPS,Delivered,51,16.53,188.71,0.2,35.97,7735.34
7003146,12/24/2023,16164,2417,439,WHWA1,AL,Ground,FedEx,Delivered,36,12.78,57.91,0,11.11,2095.87
7003147,6/2/2025,17636,5858,435,WHTX1,NC,2Day,DHL,Delivered,55,10.17,55.86,0.1,14.28,2779.35
7003148,11/8/2024,13282,3847,312,WHNJ1,WI,Ground,UPS,Delivered,36,7.6,184.35,0,18.8,6655.4
7003149,1/25/2025,11537,2358,544,WHTX1,IA,Ground,UPS,Delivered,27,13.53,42.42,0,23.58,1168.92
7003150,3/25/2024,16202,5061,482,WHPA1,NH,Ground,UPS,Delivered,44,12.14,45.13,0,8.38,1994.1
7003151,10/6/2024,13165,5661,495,WHIL1,AK,Overnight,USPS,Delivered,82,7.99,36.73,0,19.95,3031.81
7003152,10/7/2023,12771,2392,662,WHPA1,HI,Ground,UPS,InTransit,90,5.94,69.23,0.05,25.23,5944.4
7003153,11/29/2024,17400,2579,422,WHPA1,ND,Ground,UPS,Delivered,36,9.69,35.86,0,0.49,1291.45
7003154,2/22/2024,13846,4750,353,WHWA1,SD,Ground,UPS,Delivered,168,20.01,103.34,0.05,42.89,16535.95
7003155,3/11/2024,13436,4626,656,WHNJ1,ME,Ground,FedEx,InTransit,32,10.68,58.08,0,4.74,1863.3
7003156,10/28/2024,14711,3504,473,WHWA1,AK,Ground,UPS,Delivered,103,10.17,107.94,0.05,32.1,10594.03
7003157,7/20/2025,10562,4138,479,WHWA1,WV,Overnight,UPS,Delivered,10,12.89,99.75,0,7.63,1005.13
7003158,3/17/2023,14718,3910,593,WHNJ1,MD,Ground,UPS,Delivered,93,13.35,41.91,0.05,17.9,3720.65
7003159,3/11/2025,17624,3665,675,WHGA1,SD,2Day,UPS,Delivered,59,11.61,35.82,0,21.22,2134.6
7003160,11/13/2023,17188,1400,359,WHCA1,NM,Ground,UPS,Delivered,76,9.75,47.68,0,40.97,3664.65
7003161,3/13/2024,12181,5383,354,WHPA1,AR,2Day,UPS,Delivered,22,7.37,60.37,0.05,50.88,1312.61
7003162,1/26/2023,11961,4958,557,WHNJ1,NH,Ground,USPS,Delivered,55,18.27,75.8,0.1,8.69,3760.79
7003163,11/18/2023,13880,3234,545,WHWA1,NJ,Ground,UPS,Delivered,114,7.74,81.94,0.1,19.1,8426.14
7003164,5/21/2024,15154,2540,449,WHPA1,IL,2Day,UPS,Delivered,115,25.69,58.67,0,12.04,6759.09
7003165,3/8/2023,17036,1237,584,WHPA1,IA,Ground,UPS,InTransit,29,10.97,37.25,0.15,18.02,936.23
7003166,5/7/2024,13271,5911,668,WHWA1,MD,Overnight,DHL,Delivered,44,10.32,39.79,0,19.31,1770.07
7003167,7/9/2025,14688,1928,316,WHNJ1,ND,Ground,UPS,Delivered,1,15.78,86.25,0,32.32,118.57
7003168,5/4/2023,10583,5510,476,WHIL1,NV,Overnight,USPS,Delivered,11,6.76,38.06,0.05,18.35,416.08
7003169,12/31/2024,19806,1420,328,WHIL1,MD,Ground,USPS,InTransit,15,14.11,88.81,0.1,29.69,1228.63
7003170,2/1/2024,19294,5125,668,WHPA1,WY,2Day,UPS,Delivered,36,10.72,90.87,0.05,6.03,3113.78
7003171,11/2/2024,10289,3396,429,WHIL1,MO,Ground,UPS,Delivered,113,12.8,175.58,0.15,40.13,16904.59
7003172,10/21/2023,15665,1661,523,WHPA1,NE,Ground,FedEx,Delivered,67,6.64,42.85,0,20.66,2891.61
7003173,7/7/2023,17980,3624,672,WHWA1,NJ,2Day,FedEx,Delivered,120,6.6,47.79,0.15,12.95,4887.53
7003174,7/8/2023,13860,4951,544,WHGA1,SD,2Day,FedEx,Delivered,112,3.33,11.89,0,17.71,1349.39
7003175,3/24/2023,13061,1450,654,WHNJ1,MD,Ground,USPS,Delivered,79,7.6,31.01,0,6.33,2456.12
7003176,8/5/2023,11184,1380,538,WHPA1,AL,Ground,UPS,Delivered,65,7.37,30.72,0.1,19.9,1817.02
7003177,11/7/2024,14336,2251,532,WHIL1,OH,Ground,FedEx,Delivered,162,6.7,85.48,0.1,38.1,12501.08
7003178,5/16/2025,11447,3460,626,WHIL1,WI,Ground,UPS,Delivered,76,9.33,212.62,0,68.96,16228.08
7003179,2/26/2025,16680,3999,392,WHTX1,TX,Ground,FedEx,Delivered,63,10.39,90.1,0.25,18.34,4275.56
7003180,11/18/2024,19942,5452,303,WHTX1,MS,2Day,FedEx,Delivered,141,13.5,120.05,0,21.21,16948.26
7003181,5/10/2023,16214,3302,381,WHFL1,MO,Ground,UPS,Delivered,9,14.04,36.47,0,22.17,350.4
7003182,11/11/2023,11904,1727,344,WHIL1,SC,Ground,UPS,Pending,92,14.77,25.94,0.1,32.54,2180.37
7003183,11/22/2023,17895,2468,455,WHFL1,ID,Overnight,UPS,Delivered,13,15.15,50.65,0.1,8.44,601.04
7003184,10/9/2023,19270,3729,324,WHFL1,HI,Ground,UPS,Cancelled,127,11.8,38.77,0.05,6.11,4683.71
7003185,6/4/2024,12378,4153,399,WHFL1,NJ,Ground,USPS,Delivered,120,10.34,32.84,0.1,43.83,3590.55
7003186,6/28/2024,10848,4521,697,WHGA1,IL,2Day,FedEx,Delivered,66,17.46,69.9,0,34.15,4647.55
7003187,12/18/2023,17371,5906,668,WHCA1,WA,2Day,FedEx,Delivered,93,15.16,26.16,0,14.69,2447.57
7003188,12/16/2023,16342,4355,471,WHPA1,MO,Ground,UPS,Delivered,116,4.11,107.01,0.2,35.89,9966.42
7003189,3/15/2025,11240,1416,448,WHTX1,MO,2Day,UPS,Delivered,63,9.02,45.36,0.05,16.27,2731.07
7003190,1/28/2025,15601,1600,423,WHPA1,KY,Ground,UPS,Delivered,152,3.39,58.13,0.15,16.43,7526.83
7003191,11/21/2023,19525,4075,412,WHTX1,ID,Ground,UPS,Delivered,56,3.35,64.34,0.15,17.03,3079.61
7003192,6/23/2025,14792,5175,430,WHNJ1,DC,2Day,FedEx,InTransit,148,7.37,43.28,0.05,9.78,6094.95
7003193,8/6/2025,12366,2568,368,WHNJ1,HI,Ground,USPS,Delivered,79,9.26,145.51,0.05,32.3,10952.83
7003194,12/1/2023,15056,2095,647,WHIL1,GA,Ground,UPS,Cancelled,54,7.75,19.5,0,16.78,1069.78
7003195,12/16/2023,15623,3944,616,WHNJ1,KY,2Day,FedEx,Pending,1,3.45,147.33,0,12.72,160.05
7003196,5/24/2024,10373,5154,517,WHWA1,VT,Ground,UPS,Delivered,36,15.92,47.06,0.05,32.72,1642.17
7003197,7/25/2025,17784,2448,688,WHNJ1,KS,Ground,UPS,Delivered,140,6.54,114.3,0.1,32.08,14433.88
7003198,5/10/2025,11950,2493,680,WHCA1,MD,Overnight,UPS,Delivered,55,13.41,69.08,0,35.69,3835.09
7003199,5/1/2023,10245,3672,396,WHFL1,WI,2Day,FedEx,Delivered,53,6.65,108.82,0,48.09,5815.55
7003200,1/12/2024,17796,2459,445,WHGA1,CA,Overnight,FedEx,Delivered,64,7.42,55.23,0,26.86,3561.58
7003201,7/19/2024,15773,2209,685,WHIL1,SD,Overnight,UPS,Delivered,35,12.97,70.9,0,9.68,2491.18
7003202,5/21/2024,10125,5935,333,WHCA1,NY,Ground,FedEx,Delivered,64,8.11,129.4,0.05,34.79,7902.31
7003203,8/12/2023,11920,3213,586,WHWA1,NE,2Day,FedEx,Delivered,47,11.08,64.16,0,22.06,3037.58
7003204,4/20/2025,19828,2355,305,WHIL1,AR,Ground,UPS,Delivered,153,11.81,152.23,0,1.75,23292.94
7003205,11/14/2024,19618,1213,418,WHGA1,SD,2Day,FedEx,Delivered,76,4.25,76.78,0,104.55,5939.83
7003206,3/26/2025,19733,4895,440,WHIL1,WV,2Day,FedEx,Delivered,131,13.32,35.93,0,22.47,4729.3
7003207,4/20/2025,10531,5603,530,WHPA1,CT,Ground,UPS,InTransit,98,5.7,46.8,0.1,8.57,4136.33
7003208,12/22/2024,17850,3964,460,WHPA1,VA,Ground,FedEx,InTransit,25,5.13,111.72,0,35.17,2828.17
7003209,3/7/2024,16930,3849,594,WHPA1,IN,Ground,UPS,Delivered,140,6.47,25.19,0.05,14.59,3364.86
7003210,9/12/2024,14350,4043,549,WHNJ1,RI,2Day,FedEx,Pending,10,16.3,104.52,0,21.03,1066.23
7003211,7/8/2023,14757,4035,573,WHGA1,MS,2Day,USPS,Delivered,57,3.83,46.45,0,29.91,2677.56
7003212,11/12/2024,11802,2733,486,WHCA1,WV,Ground,UPS,InTransit,29,14.78,24.33,0,21.71,727.28
7003213,7/31/2023,15157,4082,665,WHCA1,LA,Ground,UPS,Delivered,71,12.26,69.37,0.2,1.75,3941.97
7003214,11/23/2024,17857,2271,340,WHWA1,PA,2Day,UPS,Delivered,37,10.46,36.75,0,26.62,1386.37
7003215,9/15/2023,15462,5869,524,WHTX1,RI,Ground,UPS,Delivered,105,11.6,40.21,0,35.9,4257.95
7003216,5/19/2023,19229,2530,452,WHCA1,DC,Ground,UPS,Delivered,164,8.4,38.72,0,8,6358.08
7003217,7/14/2023,15303,2082,440,WHFL1,SC,Ground,FedEx,InTransit,102,15.06,65.02,0.1,20.76,5989.6
7003218,1/3/2023,17433,4532,667,WHPA1,AL,2Day,UPS,Delivered,44,7.74,45.67,0,31.32,2040.8
7003219,12/6/2024,16190,2152,428,WHFL1,KY,2Day,UPS,Delivered,82,3.77,78.89,0,50.1,6519.08
7003220,12/13/2024,11143,2723,651,WHWA1,MT,Ground,FedEx,Delivered,147,9.55,121.88,0,26.69,17943.05
7003221,6/4/2024,17077,1717,447,WHFL1,DC,Ground,FedEx,Delivered,33,16.17,87.67,0.25,28.02,2197.85
7003222,7/10/2023,17615,5200,585,WHPA1,MI,Ground,UPS,Delivered,14,13.43,212.31,0.3,23.46,2104.1
7003223,4/9/2023,19948,3191,518,WHTX1,RI,2Day,FedEx,Pending,15,29.7,252.22,0,19.37,3802.67
7003224,1/23/2023,14841,1205,520,WHNJ1,LA,Ground,USPS,Delivered,64,8.59,48.97,0.1,13.62,2834.29
7003225,7/14/2023,11630,4830,445,WHCA1,PA,Ground,UPS,Delivered,107,9.08,26.78,0,8.85,2874.31
7003226,5/27/2025,15063,4110,629,WHGA1,NV,Ground,UPS,Pending,92,8.69,49.01,0,12.23,4521.15
7003227,9/29/2023,10763,5095,577,WHTX1,MA,2Day,FedEx,Delivered,58,6.28,65.18,0.05,23.97,3615.39
7003228,12/16/2023,16906,2333,542,WHCA1,PA,Ground,FedEx,Delivered,106,7.53,284.97,0,26.41,30233.23
7003229,5/4/2023,14890,3049,360,WHNJ1,NC,Ground,UPS,Delivered,88,5.36,46.15,0,42.91,4104.11
7003230,9/7/2023,14840,2850,398,WHFL1,NJ,2Day,UPS,Delivered,87,2.53,72.89,0.15,51.31,5441.53
7003231,6/9/2024,13958,5843,631,WHGA1,TN,Overnight,FedEx,Delivered,24,7.06,37.25,0,15.33,909.33
7003232,9/9/2024,10558,2238,675,WHGA1,DE,Ground,DHL,Delivered,38,10.14,47.07,0,20.84,1809.5
7003233,10/4/2023,14622,3019,669,WHWA1,NJ,Ground,FedEx,Delivered,43,14.6,25.64,0.05,26.04,1073.43
7003234,3/9/2023,10840,1518,481,WHFL1,RI,Ground,DHL,InTransit,124,7.08,21.55,0,10.45,2682.65
7003235,1/10/2024,18195,2439,414,WHNJ1,FL,Ground,FedEx,Delivered,116,7.13,155.55,0,43.23,18087.03
7003236,9/21/2023,19244,5087,403,WHCA1,NC,Ground,USPS,InTransit,31,18.56,126.56,0,23.71,3947.07
7003237,9/4/2023,19597,3053,636,WHFL1,TX,Ground,FedEx,Delivered,7,4.5,46.32,0,21.99,346.23
7003238,8/12/2025,18349,5369,619,WHIL1,NH,Ground,USPS,Delivered,115,9.07,126.31,0,25.97,14551.62
7003239,9/19/2024,16999,5518,357,WHWA1,NM,2Day,UPS,Delivered,52,17.76,24.03,0,27.71,1277.27
7003240,7/24/2024,10511,3313,585,WHCA1,AZ,Ground,USPS,Delivered,26,6.54,53.14,0,7.82,1389.46
7003241,2/8/2024,11138,3260,429,WHFL1,WY,Ground,UPS,Delivered,14,3.98,67.78,0.2,10.36,769.5
7003242,2/24/2024,15607,4150,680,WHFL1,PA,Ground,UPS,Delivered,2,27.85,145.56,0,10.23,301.35
7003243,7/5/2024,14667,1782,615,WHTX1,HI,Ground,FedEx,InTransit,54,16.15,68.9,0.05,17.02,3551.59
7003244,11/24/2024,18907,3714,386,WHTX1,CA,Ground,UPS,Delivered,42,16.46,87.85,0,31.8,3721.5
7003245,11/27/2024,15435,2245,500,WHCA1,NM,2Day,UPS,Delivered,100,9.48,43.18,0.15,30.59,3700.89
7003246,7/21/2023,16447,3417,371,WHWA1,MD,Ground,DHL,Delivered,183,14.69,72.18,0.1,20.06,11908.11
7003247,5/18/2024,12655,1976,645,WHPA1,AR,Ground,FedEx,InTransit,25,2.24,145.39,0,24.64,3659.39
7003248,2/4/2024,10991,4492,398,WHTX1,DE,Ground,USPS,Delivered,29,7.69,19.35,0,24.07,585.22
7003249,5/3/2025,17821,4426,600,WHIL1,TN,Ground,DHL,Delivered,42,17.66,132.9,0,15.87,5597.67
7003250,10/7/2024,12161,1417,476,WHPA1,OH,Ground,UPS,InTransit,60,4.33,51.8,0,21.82,3129.82
7003251,6/25/2024,15741,1215,533,WHIL1,IL,Ground,UPS,InTransit,100,8.19,22.43,0.25,4.09,1686.34
7003252,5/16/2023,14458,4979,672,WHGA1,WI,2Day,UPS,Delivered,44,12.11,49.77,0,4.53,2194.41
7003253,9/6/2024,12064,2136,375,WHTX1,CA,2Day,FedEx,Delivered,12,6.25,148.03,0,61.56,1837.92
7003254,5/18/2023,11978,4776,443,WHFL1,SC,Ground,FedEx,Delivered,107,10.04,42.81,0,43.78,4624.45
7003255,12/7/2023,18568,2583,323,WHPA1,ME,Ground,FedEx,Pending,121,12.6,73.99,0,56.8,9009.59
7003256,6/18/2023,18934,5524,481,WHCA1,LA,Ground,UPS,Delivered,30,11.99,19.4,0.05,32.13,585.03
7003257,11/22/2024,12668,1733,345,WHPA1,NC,Overnight,UPS,Delivered,16,7.86,16.72,0,25.43,292.95
7003258,8/23/2023,19433,3747,392,WHFL1,AR,Ground,UPS,Delivered,70,6.08,28.24,0,32.45,2009.25
7003259,1/11/2024,14920,3264,569,WHGA1,LA,Ground,UPS,Delivered,25,12.68,121.91,0,18.92,3066.67
7003260,6/2/2025,18610,5509,334,WHIL1,VA,Ground,USPS,Delivered,47,12.26,57.9,0,3.46,2724.76
7003261,8/21/2023,17643,4805,466,WHGA1,MS,Ground,UPS,Delivered,117,11.9,129.56,0,13.97,15172.49
7003262,5/27/2024,18799,3428,370,WHNJ1,TX,Ground,UPS,Delivered,26,10.71,134.97,0.2,69.75,2877.13
7003263,2/13/2024,18760,1232,664,WHTX1,NH,Ground,UPS,Pending,124,12.26,35.29,0.05,15.05,4172.21
7003264,1/22/2023,10544,5931,496,WHCA1,NM,Ground,FedEx,InTransit,95,16.92,179.69,0.15,28.51,14538.48
7003265,2/1/2025,10884,5354,433,WHIL1,NV,Ground,UPS,Pending,26,12.04,40.99,0,10.12,1075.86
7003266,3/23/2023,14799,1403,547,WHGA1,FL,Ground,UPS,InTransit,69,10.6,120.86,0.1,13.99,7519.4
7003267,4/17/2024,18041,5866,682,WHCA1,VT,Ground,FedEx,Delivered,84,7.29,117.45,0,17.58,9883.38
7003268,7/28/2024,19416,1065,468,WHTX1,MT,Ground,USPS,Delivered,24,22.97,62.79,0,19.43,1526.39
7003269,10/3/2024,15719,3238,577,WHFL1,WI,Ground,USPS,Delivered,17,5.1,62.87,0,22.11,1090.9
7003270,11/20/2024,12069,1950,456,WHCA1,WA,Ground,UPS,Delivered,70,8.85,75.09,0.1,23.84,4754.51
7003271,10/13/2023,17479,1173,687,WHTX1,AK,Ground,FedEx,Delivered,99,7.37,65.05,0,16.32,6456.27
7003272,1/12/2023,18121,3676,323,WHTX1,CO,Ground,UPS,Delivered,60,3.34,45.66,0,14.08,2753.68
7003273,12/9/2024,17821,2251,500,WHTX1,NH,Ground,UPS,Pending,8,12.37,43,0.1,25.27,334.87
7003274,6/28/2024,11787,4049,575,WHGA1,MT,Ground,FedEx,Delivered,159,8.85,45.92,0.05,29.03,6965.25
7003275,3/24/2025,15716,5006,350,WHFL1,NV,Ground,UPS,Delivered,99,10.19,140.77,0.2,56.93,11205.91
7003276,3/6/2025,19650,1638,486,WHTX1,CT,Ground,FedEx,Delivered,85,8.98,19.74,0,1.71,1679.61
7003277,4/1/2025,18270,1949,320,WHCA1,ND,Overnight,USPS,Pending,90,15.71,42.37,0,7.98,3821.28
7003278,4/30/2024,11309,3261,416,WHFL1,VT,Ground,UPS,Pending,50,16.97,47.76,0.05,54.43,2323.03
7003279,12/5/2023,18840,2695,392,WHNJ1,GA,Overnight,UPS,Delivered,188,5.16,51.15,0,16.52,9632.72
7003280,1/30/2025,18745,5848,649,WHCA1,WV,2Day,UPS,Delivered,16,28.84,73.85,0,18.69,1200.29
7003281,3/21/2024,18474,5758,639,WHGA1,SD,Ground,FedEx,Delivered,108,8.66,23.35,0,11.03,2532.83
7003282,8/3/2023,19474,1143,353,WHTX1,SC,2Day,USPS,Pending,53,14.23,122.99,0.1,10.01,5876.63
7003283,4/15/2025,14862,5582,423,WHWA1,WA,Ground,USPS,Delivered,144,11.14,111.63,0,5.1,16079.82
7003284,5/18/2025,12777,2461,641,WHFL1,MI,Ground,FedEx,Delivered,104,10.65,96.2,0.05,24.88,9529.44
7003285,4/8/2024,11597,4888,638,WHNJ1,NE,Ground,UPS,Delivered,75,13.97,51.89,0,33.42,3925.17
7003286,3/31/2023,10480,1293,565,WHGA1,RI,Ground,FedEx,Delivered,164,22.06,35.78,0,34.16,5902.08
7003287,1/7/2024,13313,2644,304,WHIL1,MI,Ground,UPS,Delivered,155,15.94,47.78,0,16.59,7422.49
7003288,2/13/2025,16157,3719,469,WHIL1,ME,Ground,DHL,InTransit,6,8.64,62.61,0,20.8,396.46
7003289,6/9/2025,17920,1838,581,WHWA1,OK,Ground,UPS,Cancelled,23,9.51,95.65,0,33.74,2233.69
7003290,8/20/2023,16745,2038,590,WHWA1,FL,Ground,FedEx,InTransit,96,7.13,56.68,0.15,36.95,4662.04
7003291,3/20/2023,13899,1272,373,WHIL1,ME,Ground,UPS,Delivered,158,15.36,77.22,0.15,29.56,10400.21
7003292,5/12/2025,12073,2959,437,WHNJ1,AK,Ground,UPS,Delivered,55,14.25,44.28,0.05,30.61,2344.24
7003293,1/8/2024,19488,3370,638,WHFL1,NV,Overnight,FedEx,InTransit,5,8.14,73.32,0,63.94,430.54
7003294,7/6/2024,15625,1806,556,WHCA1,RI,Ground,FedEx,Delivered,89,22.16,50.4,0,13.45,4499.05
7003295,8/19/2025,10939,4175,441,WHNJ1,MI,Ground,FedEx,Cancelled,23,19.05,72.38,0.05,7.62,1589.12
7003296,3/20/2023,18177,1883,693,WHWA1,DC,Ground,FedEx,Delivered,74,29.87,17.42,0,33.89,1322.97
7003297,10/27/2024,10762,1832,508,WHFL1,CO,2Day,UPS,Cancelled,48,6.23,84.38,0.05,26.11,3873.84
7003298,3/29/2023,17255,4172,560,WHNJ1,WA,Ground,USPS,InTransit,75,9.42,87.56,0.15,22.29,5604.24
7003299,12/28/2023,11670,3192,563,WHFL1,CT,Overnight,USPS,Delivered,162,8.89,86.89,0,36.48,14112.66
7003300,2/14/2025,17129,3041,571,WHNJ1,CO,Ground,UPS,Delivered,63,47.69,30.06,0.05,40.22,1839.31
7003301,2/29/2024,13863,2595,338,WHIL1,NC,Ground,USPS,Delivered,4,10.06,36.5,0.15,37.91,162.01
7003302,9/17/2025,12686,2627,503,WHPA1,IN,Overnight,DHL,Delivered,78,21.36,32.67,0,9.33,2557.59
7003303,7/26/2024,16635,4585,524,WHFL1,AL,Overnight,FedEx,Delivered,40,18.61,75.59,0.05,24.65,2897.07
7003304,11/29/2023,11932,1274,647,WHFL1,MO,Ground,UPS,Delivered,117,9.51,95.12,0.05,30.36,10602.95
7003305,9/4/2023,17309,1590,352,WHFL1,CO,Ground,FedEx,Delivered,61,10.34,36.85,0.15,19.99,1930.66
7003306,12/14/2023,13940,3701,381,WHCA1,NV,2Day,UPS,Delivered,109,13.68,150.7,0.1,54.88,14838.55
7003307,12/26/2023,11127,1583,656,WHPA1,LA,Ground,FedEx,Cancelled,153,21.27,149.31,0.05,13.01,21715.22
7003308,3/22/2023,16022,4634,511,WHPA1,NE,Ground,FedEx,Delivered,45,9.02,66.08,0.05,44.4,2869.32
7003309,12/25/2023,16438,2991,307,WHNJ1,WI,Ground,USPS,InTransit,191,7.37,77.79,0,29.34,14887.23
7003310,4/5/2024,17040,2259,663,WHCA1,AK,Ground,FedEx,Delivered,18,17.5,18.52,0.05,17.77,334.46
7003311,12/8/2024,15374,3867,345,WHPA1,SC,2Day,UPS,InTransit,90,5.03,41.43,0,13.24,3741.94
7003312,11/3/2024,11204,4739,615,WHTX1,MA,Ground,FedEx,Delivered,4,11.64,24.97,0,53.76,153.64
7003313,12/1/2024,14136,1572,678,WHNJ1,MN,Overnight,UPS,Delivered,26,18.89,31.73,0.05,4.19,787.92
7003314,1/10/2023,18712,1545,577,WHNJ1,AK,Ground,UPS,Delivered,88,12.95,86.01,0.05,20.27,7210.71
7003315,9/1/2023,17905,5223,559,WHNJ1,KS,Ground,UPS,Pending,6,7.12,101.86,0,13.93,625.09
7003316,11/6/2024,12284,5829,442,WHTX1,AR,Ground,UPS,Delivered,12,5.48,104.88,0,17.33,1275.89
7003317,4/29/2024,14559,5513,558,WHWA1,ND,2Day,DHL,Delivered,35,20.39,71.06,0,19.46,2506.56
7003318,1/7/2023,15348,1638,585,WHTX1,CA,Overnight,FedEx,InTransit,78,9,86.55,0,6.69,6757.59
7003319,2/14/2025,17868,1041,337,WHIL1,WI,2Day,FedEx,Delivered,2,5.82,19.73,0,11.16,50.62
7003320,1/8/2025,15945,5883,345,WHWA1,ND,Ground,UPS,Delivered,63,19.8,24.33,0,26.06,1558.85
7003321,7/14/2024,18675,5393,420,WHGA1,MI,Overnight,FedEx,Delivered,86,16.17,51.83,0.05,19.85,4254.36
7003322,3/20/2023,12478,2621,346,WHCA1,VA,2Day,FedEx,Delivered,51,5.32,91.16,0,16.39,4665.55
7003323,1/1/2025,13094,4673,440,WHGA1,MD,Ground,UPS,Delivered,8,45.2,43.87,0,11.46,362.42
7003324,8/17/2024,18535,5138,353,WHNJ1,RI,Ground,DHL,Delivered,84,7.23,23.15,0.15,12.9,1665.81
7003325,1/19/2025,17208,5129,601,WHPA1,WA,Ground,FedEx,Delivered,83,16.01,36.97,0.05,9.77,2924.85
7003326,12/24/2024,19655,2300,588,WHNJ1,WY,Ground,FedEx,Delivered,66,32.93,31.22,0,35.55,2096.07
7003327,2/13/2025,19395,5712,574,WHPA1,IL,Overnight,UPS,Delivered,99,17.04,17.94,0,14.69,1790.75
7003328,6/8/2024,19814,1160,569,WHIL1,UT,Ground,UPS,InTransit,25,11.68,284.7,0.1,5.5,6411.25
7003329,6/15/2023,16228,2953,688,WHFL1,ND,Ground,USPS,Pending,96,4.23,142.22,0,36.58,13689.7
7003330,11/11/2024,13536,2732,579,WHGA1,UT,Ground,FedEx,Delivered,19,34.03,15.05,0.05,20.68,292.33
7003331,9/24/2024,17005,3447,362,WHFL1,CO,Ground,FedEx,InTransit,49,16.8,15.63,0,15.36,781.23
7003332,12/19/2024,12914,4163,354,WHFL1,NH,2Day,USPS,Pending,8,4.28,34.13,0,16.6,289.64
7003333,7/19/2023,19382,2733,369,WHNJ1,NC,Ground,FedEx,Delivered,127,25.26,21.15,0.15,67.93,2351.07
7003334,8/13/2023,12341,1581,542,WHGA1,AL,Ground,FedEx,Cancelled,71,10.37,318.04,0,31.08,22611.92
7003335,5/27/2025,19796,1220,570,WHWA1,WA,Overnight,UPS,Delivered,180,8.47,34.22,0,49.74,6209.34
7003336,12/23/2024,15290,5475,552,WHWA1,WV,2Day,FedEx,InTransit,166,7.09,77.28,0.1,9.01,11554.64
7003337,6/17/2025,10598,2750,654,WHIL1,CT,Ground,UPS,Delivered,199,11.08,42.11,0.25,21.54,6306.46
7003338,12/27/2024,18837,2471,584,WHGA1,MI,Ground,UPS,Delivered,12,16.24,26.5,0,20.79,338.79
7003339,8/29/2024,17146,5329,651,WHPA1,NY,Ground,DHL,Delivered,83,7.43,124.9,0,1.81,10368.51
7003340,11/1/2024,12903,2395,371,WHCA1,IN,2Day,UPS,Delivered,51,10.8,94.89,0.1,14.9,4370.35
7003341,5/25/2025,16646,1922,623,WHFL1,DC,2Day,UPS,Delivered,70,76.02,57.55,0,4.47,4032.97
7003342,8/13/2024,18956,3774,400,WHWA1,MS,Ground,UPS,Delivered,38,13.3,317.89,0.15,15.53,10283.38
7003343,10/8/2024,17695,5463,361,WHIL1,ME,Ground,UPS,Delivered,6,17.85,70.73,0.05,32.05,435.21
7003344,7/4/2023,14831,5577,403,WHGA1,NE,Ground,UPS,Delivered,102,5.63,43.59,0,54.59,4500.77
7003345,4/17/2024,17547,4435,693,WHNJ1,MN,Ground,UPS,Delivered,177,4.43,229.3,0,10.56,40596.66
7003346,12/5/2024,17369,4583,419,WHTX1,VT,Ground,FedEx,Delivered,70,24.08,79.6,0,55.93,5627.93
7003347,11/2/2023,19835,2119,317,WHTX1,MA,Ground,FedEx,Delivered,41,20.29,187.52,0.1,28.32,6947.81
7003348,8/19/2023,12161,2866,605,WHIL1,UT,Ground,FedEx,Delivered,164,27.96,58.38,0,39.27,9613.59
7003349,11/24/2023,15879,5312,491,WHWA1,NH,2Day,DHL,InTransit,45,9.53,7.27,0.05,16.85,327.64
7003350,9/29/2023,17664,1725,512,WHTX1,AL,Ground,FedEx,InTransit,155,21.22,20.15,0,5.6,3128.85
7003351,8/30/2023,13750,1712,378,WHWA1,NM,2Day,UPS,Delivered,137,2.16,128.03,0,14.07,17554.18
7003352,2/19/2024,12923,2826,346,WHCA1,NE,Ground,UPS,Cancelled,70,13.84,39.73,0,25.76,2806.86
7003353,6/16/2025,16487,4927,393,WHIL1,UT,2Day,FedEx,Pending,96,18.59,71.64,0,61.89,6939.33
7003354,5/26/2024,18113,1391,677,WHNJ1,OK,Ground,FedEx,Delivered,100,6.62,132.69,0.05,52.15,12657.7
7003355,8/7/2023,18772,2071,313,WHNJ1,NE,Ground,UPS,Delivered,89,18.84,68.03,0,70.23,6124.9
7003356,4/1/2023,13805,5488,528,WHIL1,IA,Ground,UPS,Delivered,19,8.98,32.88,0,56.75,681.47
7003357,11/24/2024,14879,3766,601,WHTX1,MO,Ground,FedEx,Delivered,99,9.53,59.54,0,25.38,5919.84
7003358,1/1/2024,12369,5481,317,WHTX1,WV,2Day,FedEx,InTransit,1,8.56,64.66,0,24.58,89.24
7003359,3/7/2025,18094,3429,603,WHNJ1,IA,Ground,FedEx,Delivered,102,25.83,45.09,0.1,12.64,4151.9
7003360,11/5/2024,13933,5495,362,WHCA1,SC,Ground,UPS,Pending,74,7.61,22.76,0.1,11.27,1527.09
7003361,2/5/2025,15609,3148,343,WHPA1,ME,Ground,FedEx,Delivered,31,7.08,46.78,0,46.07,1496.25
7003362,11/2/2023,16636,4573,368,WHTX1,WA,Overnight,FedEx,Delivered,123,5.98,56.23,0,62.24,6978.53
7003363,11/22/2024,16396,5479,680,WHCA1,WY,Ground,USPS,Delivered,51,8.02,21.85,0.05,9.78,1068.41
7003364,10/26/2023,16102,3755,512,WHFL1,HI,Ground,FedEx,Delivered,63,11.24,31.55,0,7.69,1995.34
7003365,7/23/2025,19293,4264,503,WHTX1,SD,2Day,FedEx,Delivered,4,14.67,36.33,0.05,21.77,159.82
7003366,10/13/2024,19863,4826,514,WHPA1,NC,Ground,FedEx,InTransit,51,6.36,16.32,0,6.88,839.2
7003367,11/30/2023,15532,4417,409,WHIL1,SD,Ground,FedEx,InTransit,20,12.51,65.64,0.1,25.71,1207.23
7003368,11/1/2023,14971,3058,584,WHGA1,MN,Ground,UPS,Delivered,34,14.44,70.83,0,16.85,2425.07
7003369,8/10/2023,16345,3312,394,WHNJ1,ID,Ground,USPS,Delivered,30,5.71,40.99,0,35.81,1265.51
7003370,11/23/2024,18409,3880,525,WHIL1,AK,Ground,FedEx,Delivered,6,10.39,23.02,0,35.91,174.03
7003371,9/3/2023,10376,4643,525,WHTX1,TX,Ground,FedEx,Pending,59,9.5,79.78,0.1,12.26,4248.58
7003372,8/27/2024,17888,3610,539,WHPA1,MA,2Day,DHL,Delivered,69,10.45,87.94,0.05,33.83,5798.3
7003373,10/26/2023,11610,2431,418,WHNJ1,IN,2Day,DHL,Delivered,77,7.28,64.29,0,29.29,4979.62
7003374,11/6/2024,12940,2914,391,WHGA1,ND,Overnight,FedEx,Delivered,60,9.22,61.77,0.1,17.53,3353.11
7003375,2/27/2025,14063,1758,640,WHGA1,IA,Ground,UPS,Delivered,141,10.19,90.93,0.05,14.03,12194.1
7003376,1/15/2025,11614,3135,589,WHPA1,MA,Ground,UPS,Delivered,5,30.6,56.12,0,44.04,324.64
7003377,12/29/2024,16579,2913,581,WHPA1,MN,Overnight,USPS,Pending,84,10.27,31.56,0.25,16.09,2004.37
7003378,8/7/2023,17852,2740,319,WHTX1,MA,Ground,UPS,InTransit,140,22.32,57.12,0,10.03,8006.83
7003379,4/14/2023,13680,4218,475,WHNJ1,WY,2Day,DHL,InTransit,5,23.36,45.6,0,20.54,248.54
7003380,11/26/2024,17541,5757,406,WHFL1,IN,Ground,UPS,Delivered,65,4.53,57.12,0.05,42.38,3569.54
7003381,12/24/2023,19489,2135,589,WHFL1,MA,2Day,FedEx,Delivered,80,8.4,111.42,0.05,87.84,8555.76
7003382,2/28/2024,17075,4713,548,WHWA1,ID,Overnight,FedEx,Cancelled,23,23.39,25.86,0,5.34,600.12
7003383,2/6/2023,13997,1765,623,WHTX1,TN,Ground,UPS,Delivered,30,11.15,67.94,0.1,58.23,1892.61
7003384,10/20/2023,14787,3726,442,WHGA1,VA,Ground,USPS,Delivered,119,9.33,24.97,0.1,28.52,2702.81
7003385,2/9/2023,15696,4369,598,WHIL1,WA,Ground,FedEx,Delivered,76,15.68,31.55,0.15,8.22,2046.35
7003386,5/14/2025,19348,4498,493,WHIL1,CA,Ground,UPS,Delivered,39,18.97,180.55,0,18.45,7059.9
7003387,10/2/2023,16999,2673,651,WHCA1,AK,Ground,UPS,Delivered,114,9.83,82.64,0.05,17.65,8967.56
7003388,7/24/2024,12367,4406,603,WHGA1,MI,Ground,FedEx,Pending,110,8.46,67.16,0,11.73,7399.33
7003389,2/15/2023,16765,1583,591,WHFL1,CO,Ground,UPS,Cancelled,43,2.42,18.79,0,75.15,883.12
7003390,11/8/2024,18977,5767,673,WHFL1,UT,Ground,USPS,Delivered,64,10.29,50.87,0,17.71,3273.39
7003391,11/29/2023,19274,5634,632,WHGA1,AK,Ground,UPS,Delivered,93,7.96,14.06,0,7.18,1314.76
7003392,6/5/2025,11615,2822,508,WHTX1,NH,Ground,UPS,Delivered,42,5.47,61.59,0,40.84,2627.62
7003393,5/24/2025,14556,2186,548,WHCA1,OK,Ground,UPS,Delivered,87,8.84,25.06,0,17.85,2198.07
7003394,12/1/2023,12417,5526,442,WHWA1,CT,Ground,UPS,Cancelled,30,7.78,88.66,0,14.43,2674.23
7003395,6/8/2025,17289,2638,684,WHPA1,KS,2Day,UPS,Delivered,36,11.07,67.17,0,20.09,2438.21
7003396,9/16/2025,16863,3181,611,WHCA1,NC,Ground,DHL,Delivered,38,8.46,25.61,0,30.78,1003.96
7003397,3/11/2025,13654,1189,522,WHNJ1,NC,Ground,UPS,Delivered,163,13.08,78.37,0.05,22.45,12158.04
7003398,4/3/2025,16640,2747,525,WHTX1,IN,2Day,UPS,InTransit,131,11.1,259.75,0,22.25,34049.5
7003399,10/8/2023,10497,4827,654,WHPA1,TX,Ground,UPS,Delivered,76,21.47,52.06,0,48.14,4004.7
7003400,8/12/2024,10505,3621,484,WHPA1,ID,Ground,FedEx,Delivered,76,7.26,111.11,0,42,8486.36
7003401,3/21/2023,17700,4946,664,WHFL1,TX,Ground,FedEx,Delivered,7,29.09,13.77,0.05,7.22,98.79
7003402,4/22/2023,15734,3327,605,WHIL1,CO,Ground,FedEx,Delivered,91,18.97,83.24,0.05,37.26,7233.36
7003403,9/19/2025,18056,2185,488,WHNJ1,ID,Ground,UPS,Delivered,40,24.4,40.28,0,26.41,1637.61
7003404,12/1/2023,13217,3794,413,WHCA1,NM,Overnight,FedEx,InTransit,84,11.64,49.7,0.25,4.58,3135.68
7003405,12/22/2024,15689,3947,481,WHIL1,ID,Ground,FedEx,Delivered,132,8.45,91.01,0.05,4.51,11417.16
7003406,2/17/2025,19601,3501,499,WHGA1,GA,2Day,FedEx,Delivered,6,7.24,50.6,0,5.57,309.17
7003407,4/19/2025,14365,5947,690,WHTX1,SC,Ground,UPS,Delivered,83,28.62,19.34,0.1,38.21,1482.91
7003408,9/18/2025,16043,1170,370,WHWA1,NE,2Day,FedEx,Delivered,76,19.31,174.76,0.15,12.13,11301.63
7003409,9/29/2023,11478,5926,386,WHCA1,DC,Ground,UPS,InTransit,25,5.46,21.74,0,3.42,546.92
7003410,2/17/2023,14961,3746,692,WHGA1,CT,Ground,UPS,Delivered,90,17.98,33.34,0.15,8.89,2559.4
7003411,2/3/2024,12398,2081,339,WHPA1,VA,2Day,UPS,Delivered,74,6.09,65.63,0,44.37,4900.99
7003412,6/2/2023,18302,2264,431,WHFL1,OK,2Day,UPS,Pending,115,12.15,66.06,0.15,29.98,6487.34
7003413,1/27/2023,18842,5865,310,WHCA1,NC,Ground,UPS,Delivered,13,16.41,80.96,0,1.08,1053.56
7003414,12/20/2023,16195,5454,303,WHIL1,NE,2Day,FedEx,Delivered,57,23.98,65.87,0.05,28.99,3595.85
7003415,1/21/2025,17571,3249,602,WHNJ1,DE,Ground,USPS,Pending,198,11.53,134.05,0,11.38,26553.28
7003416,8/3/2024,17731,4909,450,WHIL1,CA,2Day,FedEx,Pending,98,9.23,84.57,0,7.48,8295.34
7003417,11/24/2023,11500,2326,367,WHTX1,DE,Ground,UPS,Delivered,97,10.27,26.16,0.15,14.05,2170.94
7003418,11/1/2024,17236,4178,493,WHFL1,SC,Ground,FedEx,Delivered,39,18.97,9.73,0,4.12,383.59
7003419,9/18/2023,10596,4874,397,WHTX1,MA,Ground,FedEx,Delivered,11,16.05,66.69,0.1,7.85,668.08
7003420,1/17/2023,10979,3149,319,WHCA1,MS,Ground,UPS,InTransit,169,9.9,167.44,0,2.75,28300.11
7003421,12/31/2024,10731,2689,618,WHIL1,CT,Overnight,FedEx,Pending,13,3.27,24.97,0.05,83.14,391.52
7003422,9/28/2024,10057,3986,398,WHNJ1,ME,Ground,FedEx,Delivered,194,2.32,28.77,0,16.74,5598.12
7003423,12/30/2024,12244,3077,357,WHPA1,NM,Ground,UPS,Delivered,15,11.45,76.92,0.05,49.99,1146.1
7003424,2/15/2023,15880,2530,651,WHTX1,OK,Ground,UPS,InTransit,20,4.92,84.14,0.1,33.81,1548.33
7003425,3/25/2025,11702,2462,407,WHNJ1,NE,Ground,UPS,Delivered,38,7.28,131.62,0,36.08,5037.64
7003426,9/23/2024,17230,2403,388,WHGA1,NH,Ground,DHL,Delivered,67,8.73,189.26,0,11.19,12691.61
7003427,7/31/2024,11287,1073,441,WHCA1,MN,Ground,UPS,Delivered,120,34.76,70.78,0,8.54,8502.14
7003428,9/29/2024,18304,5350,444,WHNJ1,MD,2Day,UPS,Delivered,180,10.76,31.36,0,13.56,5658.36
7003429,4/26/2025,19394,5035,671,WHCA1,CO,Ground,FedEx,Cancelled,45,15.4,32.04,0.1,10.39,1308.01
7003430,8/20/2024,10948,5612,675,WHGA1,ID,Ground,USPS,Cancelled,3,13.54,41.01,0.05,47.74,164.62
7003431,8/15/2024,14122,3797,352,WHNJ1,WY,Overnight,UPS,Delivered,85,2.34,123.49,0,28.26,10524.91
7003432,9/10/2025,16554,5517,512,WHFL1,ID,Ground,FedEx,Cancelled,102,7.87,42.28,0,3.69,4316.25
7003433,12/26/2024,10758,3494,341,WHNJ1,WY,2Day,FedEx,Delivered,50,4.81,117.62,0,20.54,5901.54
7003434,3/11/2024,15652,5975,604,WHPA1,AZ,2Day,FedEx,InTransit,22,28.19,20.63,0.05,19.19,450.36
7003435,11/30/2024,17274,5232,391,WHGA1,TN,Ground,USPS,Delivered,37,3.36,73.36,0,19.98,2734.3
7003436,1/8/2024,13536,4577,339,WHWA1,RI,Ground,UPS,InTransit,92,7.77,35.47,0,65.79,3329.03
7003437,9/14/2023,12294,1033,313,WHFL1,OH,Ground,USPS,Delivered,64,8.55,86.47,0,25,5559.08
7003438,8/28/2024,11105,3695,688,WHFL1,ME,Ground,USPS,Delivered,109,5.53,50.15,0.05,12.19,5205.22
7003439,7/10/2025,18854,5374,396,WHIL1,VT,Ground,USPS,Pending,26,10.63,104.86,0.05,26.53,2616.57
7003440,7/11/2025,10909,5846,409,WHWA1,AR,Ground,FedEx,Delivered,133,9.75,44.25,0,10.94,5896.19
7003441,12/10/2023,16540,4599,404,WHNJ1,NM,Ground,USPS,Cancelled,19,11.03,58.92,0,56.5,1175.98
7003442,6/19/2024,14618,3393,654,WHPA1,TN,Ground,UPS,Delivered,41,13.52,105.64,0,4.72,4335.96
7003443,8/27/2023,17070,5113,531,WHNJ1,PA,Ground,UPS,Delivered,80,11.53,55.87,0,21.86,4491.46
7003444,9/15/2025,12312,3872,343,WHPA1,NC,Overnight,UPS,InTransit,108,12.56,62.5,0,16.64,6766.64
7003445,8/30/2025,10790,3678,509,WHFL1,CO,Ground,UPS,Delivered,32,19.49,102.17,0,20.65,3290.09
7003446,10/28/2024,10172,2402,388,WHTX1,DE,Ground,FedEx,Delivered,169,3.72,56.86,0,61.2,9670.54
7003447,2/14/2025,17990,1818,393,WHFL1,NV,Overnight,UPS,Delivered,102,15.22,19.79,0.05,13.53,1931.18
7003448,12/4/2024,11886,2661,474,WHIL1,IA,Ground,UPS,Delivered,26,5.34,40.23,0.1,15.42,956.8
7003449,8/26/2024,18668,5563,426,WHNJ1,NM,Overnight,FedEx,Delivered,106,6.8,15.61,0,7.45,1662.11
7003450,3/4/2023,11050,5724,409,WHWA1,DE,Ground,USPS,Delivered,100,10.75,50.37,0,40.09,5077.09
7003451,3/25/2024,14130,3439,347,WHGA1,CO,2Day,FedEx,Delivered,111,12.8,83.45,0,7.73,9270.68
7003452,11/13/2024,11162,3984,514,WHCA1,NH,Ground,USPS,Delivered,156,13.74,65.47,0,12.05,10225.37
7003453,11/14/2024,10816,2211,392,WHGA1,DC,2Day,FedEx,Cancelled,103,5.67,159.27,0.05,38.61,15623.18
7003454,12/26/2023,13767,1600,481,WHIL1,VA,2Day,USPS,Delivered,44,26.61,147.26,0.05,26.32,6181.79
7003455,7/26/2025,18946,2847,341,WHTX1,ND,Ground,FedEx,Delivered,120,7.78,71.81,0,34.77,8651.97
7003456,7/17/2023,14662,2856,559,WHTX1,CT,Ground,DHL,Delivered,99,6.49,11.24,0,11.89,1124.65
7003457,5/18/2024,18654,2888,421,WHTX1,SC,2Day,UPS,Delivered,77,4.66,95.99,0,25.18,7416.41
7003458,11/21/2024,13240,1680,377,WHPA1,GA,Ground,USPS,Delivered,44,4.39,34.96,0,7.65,1545.89
7003459,11/25/2024,18273,4253,395,WHGA1,IL,2Day,FedEx,Delivered,158,4.32,111.19,0.1,16.87,15828.09
7003460,10/27/2024,12805,2836,569,WHWA1,MI,Ground,FedEx,InTransit,67,12.08,74.68,0,3.33,5006.89
7003461,11/4/2023,18032,5031,661,WHCA1,MA,2Day,FedEx,InTransit,87,14.37,94.97,0.05,67.79,7917.06
7003462,7/3/2023,10870,3178,318,WHFL1,AL,Ground,USPS,Delivered,53,5.95,85.24,0,26.49,4544.21
7003463,10/12/2024,15527,1149,593,WHFL1,SD,Ground,USPS,Delivered,118,5.04,319.73,0.1,11.79,33967.12
7003464,8/30/2024,17742,2496,471,WHCA1,TN,Ground,UPS,Delivered,42,8.81,86.42,0.05,25.95,3474.11
7003465,7/31/2023,14695,5914,462,WHFL1,AK,Ground,UPS,Delivered,125,10.6,24.49,0,34.99,3096.24
7003466,11/29/2024,18999,2745,611,WHPA1,NH,Ground,UPS,InTransit,13,11.71,127.01,0,40.74,1691.87
7003467,3/26/2024,11935,2647,352,WHNJ1,HI,Ground,UPS,Delivered,102,5.61,44.39,0.05,9.87,4311.26
7003468,11/9/2024,15173,3996,336,WHPA1,OR,Ground,UPS,Delivered,62,9.05,153.85,0,26.93,9565.63
7003469,3/25/2025,10704,2673,487,WHCA1,WY,2Day,FedEx,Delivered,100,25.61,176.68,0.15,25.23,15043.03
7003470,7/19/2023,12524,2940,670,WHCA1,CT,Ground,FedEx,Delivered,70,4.88,92.72,0,58.62,6549.02
7003471,1/23/2023,12640,1658,548,WHWA1,OH,2Day,FedEx,Delivered,16,9.83,24.53,0.1,12.58,365.81
7003472,1/16/2025,16160,4668,352,WHWA1,NJ,Ground,FedEx,Delivered,62,13.5,43.47,0,7.99,2703.13
7003473,9/11/2024,13910,2054,319,WHNJ1,KS,Ground,FedEx,InTransit,176,5.59,153.37,0,9.15,27002.27
7003474,11/26/2024,11165,5072,696,WHGA1,IA,Ground,UPS,Delivered,112,14.43,243.14,0,28.83,27260.51
7003475,3/26/2025,10620,1577,392,WHGA1,SC,Ground,FedEx,InTransit,37,4.48,62.66,0,16.9,2335.32
7003476,2/13/2025,17983,4096,439,WHIL1,MD,Ground,FedEx,Delivered,167,14.63,49.5,0.05,50.32,7903.49
7003477,8/13/2025,13067,4032,604,WHWA1,NV,Ground,UPS,Delivered,117,10.26,26.27,0.1,16.78,2783.01
7003478,6/29/2024,14873,5819,657,WHGA1,OR,Ground,UPS,Delivered,45,4.27,26.51,0.1,36.81,1110.46
7003479,5/4/2024,18639,5780,520,WHTX1,AZ,Ground,UPS,Delivered,82,15.11,70.62,0,8.7,5799.54
7003480,1/23/2024,12338,5838,399,WHWA1,NH,Ground,USPS,Delivered,54,5.84,97.99,0.1,26.47,4788.78
7003481,6/30/2023,18401,3973,536,WHWA1,OR,Ground,FedEx,InTransit,11,9.12,21.18,0,56.53,289.51
7003482,8/8/2024,15595,4949,507,WHTX1,FL,Ground,FedEx,Delivered,124,14.6,107.22,0,36.4,13331.68
7003483,11/5/2023,12461,3046,444,WHWA1,NE,Ground,UPS,Cancelled,23,5.61,156.79,0,10.04,3616.21
7003484,7/2/2025,16821,4937,499,WHWA1,NY,Ground,UPS,Delivered,59,7.28,93.29,0,7.6,5511.71
7003485,8/17/2024,15547,3949,603,WHIL1,WV,Ground,UPS,Delivered,101,19.65,190.82,0.1,25.11,17370.65
7003486,8/25/2024,13443,2628,623,WHCA1,VA,Ground,UPS,Delivered,162,2.89,76.95,0.05,25.49,11868.1
7003487,12/17/2023,12712,2489,587,WHWA1,WY,Ground,UPS,Delivered,8,23.42,77.49,0,32.41,652.33
7003488,3/3/2023,11292,5146,632,WHIL1,RI,Ground,UPS,Delivered,49,4.15,76.46,0,35.14,3781.68
7003489,2/7/2023,15375,5199,564,WHNJ1,NM,Ground,FedEx,Delivered,84,6.57,155.39,0,6.39,13059.15
7003490,2/17/2024,19593,5464,517,WHIL1,WA,2Day,UPS,Delivered,117,11.85,87.42,0.05,4.49,9721.22
7003491,4/10/2023,12656,1936,489,WHIL1,MT,Ground,UPS,Delivered,158,14.36,41.41,0,25.92,6568.7
7003492,9/8/2024,16514,4564,344,WHPA1,SC,Ground,FedEx,Delivered,1,11.96,80.7,0.05,20.48,97.14
7003493,5/16/2025,17395,4630,591,WHTX1,AZ,Ground,FedEx,Delivered,87,10.29,81.27,0.15,4.18,6014.1
7003494,5/18/2025,10705,2715,489,WHNJ1,HI,Ground,FedEx,InTransit,1,7.7,51.71,0,12.45,64.16
7003495,11/4/2024,10826,2803,494,WHPA1,NH,2Day,UPS,InTransit,119,25.52,122.75,0.05,2.4,13879.29
7003496,8/27/2023,19197,2421,570,WHNJ1,NE,2Day,USPS,Delivered,18,15.9,63.97,0.15,56.83,1035.57
7003497,4/24/2025,10377,4592,666,WHIL1,WY,Ground,USPS,InTransit,148,20.25,98.3,0,21.54,14569.94
7003498,5/22/2025,10973,4521,560,WHWA1,WA,Overnight,UPS,Delivered,18,7.77,85.73,0,51.65,1594.79
7003499,8/15/2023,14214,4312,539,WHPA1,GA,Ground,UPS,Delivered,114,2.47,36.1,0,5.57,4120.97
7003500,12/16/2024,10444,3306,412,WHPA1,OH,Ground,USPS,Delivered,35,18.44,30.22,0.05,12.85,1017.66
7003501,11/10/2023,17520,2996,369,WHNJ1,WA,Ground,USPS,Delivered,74,12.38,36.37,0.05,33.7,2590.51
7003502,2/12/2025,10755,2968,349,WHNJ1,MN,Ground,UPS,Delivered,83,11.16,56.69,0.05,34.54,4504.55
7003503,9/17/2025,14736,4715,611,WHGA1,CO,2Day,UPS,Delivered,25,7.11,182.8,0.05,6.73,4348.23
7003504,2/5/2023,15397,5036,451,WHFL1,HI,2Day,USPS,Delivered,37,8.11,58.04,0.15,35.86,1861.22
7003505,6/4/2025,13466,5486,539,WHNJ1,TX,Ground,UPS,Delivered,13,6.98,77.94,0.1,33.17,945.07
7003506,9/26/2024,12712,5869,637,WHPA1,DC,Ground,USPS,Delivered,1,10.27,110.55,0.1,3.84,103.34
7003507,8/23/2025,12408,4459,696,WHCA1,NE,Ground,UPS,Pending,29,5.06,46.67,0,12.27,1365.7
7003508,4/6/2024,18815,1394,695,WHNJ1,NM,2Day,USPS,Delivered,68,15.8,44.88,0.05,21.71,2920.96
7003509,4/6/2025,15589,5779,415,WHTX1,NJ,Ground,UPS,Cancelled,103,33.94,125.27,0.2,23.32,10345.57
7003510,3/15/2023,16105,4731,375,WHGA1,AZ,Ground,UPS,InTransit,121,6.99,89.31,0.1,24.2,9750.06
7003511,12/6/2023,15748,5366,398,WHTX1,IL,Ground,DHL,Delivered,8,3.85,40.43,0.1,36.9,328
7003512,3/20/2023,11724,5245,683,WHFL1,SC,2Day,UPS,Delivered,33,9.41,44.96,0.05,12.44,1421.94
7003513,8/25/2025,17225,5907,411,WHTX1,MA,2Day,UPS,Delivered,115,12.08,63.69,0,25.93,7350.28
7003514,3/1/2025,11920,1028,657,WHCA1,TX,Ground,USPS,Delivered,62,13.13,75.57,0,22.6,4707.94
7003515,4/12/2025,10919,4492,670,WHWA1,HI,Ground,UPS,Delivered,22,26.16,143.33,0,2.15,3155.41
7003516,7/22/2025,14216,5262,585,WHGA1,VT,2Day,UPS,Delivered,49,16.31,87.07,0,11.41,4277.84
7003517,4/11/2023,10582,2174,556,WHFL1,AZ,2Day,UPS,Delivered,33,3.37,30.14,0,38.01,1032.63
7003518,1/4/2024,13882,1339,618,WHIL1,PA,Ground,FedEx,Delivered,6,4.76,34.6,0.05,6.16,203.38
7003519,3/25/2023,19879,2069,609,WHPA1,NM,Ground,FedEx,Delivered,114,12.76,74.53,0.15,22.85,7244.81
7003520,8/26/2023,13910,1842,417,WHPA1,MS,2Day,USPS,Delivered,36,7.61,66.31,0,2.17,2389.33
7003521,9/15/2023,12000,5285,476,WHNJ1,TN,2Day,FedEx,Delivered,167,24.82,33.23,0,3.09,5552.5
7003522,4/11/2024,10401,5747,528,WHPA1,DC,2Day,UPS,Delivered,146,5.7,125.38,0.1,47.29,16522.22
7003523,10/31/2023,13649,1294,647,WHCA1,ID,Ground,UPS,Delivered,104,17.8,12.44,0.05,14.5,1243.57
7003524,4/29/2023,15446,2858,406,WHPA1,VA,2Day,USPS,Delivered,40,6.77,75.89,0.05,15.79,2899.61
7003525,7/17/2023,12629,2323,642,WHCA1,TX,Ground,FedEx,Delivered,34,11.7,20.32,0,12.61,703.49
7003526,6/23/2023,11657,2648,684,WHIL1,NE,2Day,USPS,Delivered,61,6.09,111.14,0,3.33,6782.87
7003527,8/23/2025,10621,5899,539,WHWA1,MA,Ground,DHL,Delivered,44,13.98,49.84,0,17.93,2210.89
7003528,12/28/2024,10247,4621,400,WHCA1,MO,Ground,UPS,Delivered,151,19.03,101.27,0.15,47.12,13045.12
7003529,8/19/2025,15213,5527,476,WHIL1,NJ,Ground,FedEx,InTransit,15,11.64,45.63,0.05,11.47,661.7
7003530,3/8/2024,13340,4095,650,WHIL1,NJ,2Day,FedEx,Delivered,105,31.44,151.77,0,7.84,15943.69
7003531,11/6/2023,16759,4492,549,WHIL1,GA,Ground,UPS,Delivered,84,6.49,16.25,0,66.04,1431.04
7003532,2/7/2025,17087,4496,376,WHCA1,AZ,Ground,UPS,Pending,124,10.61,111.05,0.05,4.85,13086.54
7003533,12/1/2023,13011,5583,303,WHFL1,IL,Ground,USPS,InTransit,72,16.61,39.21,0,19,2842.12
7003534,11/17/2023,14720,4802,381,WHIL1,NE,Ground,FedEx,InTransit,87,5.66,78.02,0,27.62,6815.36
7003535,9/19/2023,12369,1089,661,WHWA1,LA,Ground,FedEx,Delivered,175,10.38,80.34,0,9.29,14068.79
7003536,6/2/2023,11840,5367,588,WHFL1,VT,Overnight,FedEx,Delivered,11,14.89,22.64,0,14.9,263.94
7003537,10/17/2023,12904,2957,308,WHCA1,MS,Ground,FedEx,Delivered,12,17.46,120.61,0.05,36.81,1411.76
7003538,12/17/2023,16206,1900,387,WHWA1,VA,Ground,UPS,Delivered,49,19.84,79.04,0.15,17.29,3309.31
7003539,11/12/2024,14396,4478,586,WHGA1,IN,Ground,FedEx,Pending,61,5.94,65.12,0,27.25,3999.57
7003540,3/15/2023,15768,2745,374,WHWA1,RI,2Day,FedEx,Delivered,24,11.89,78.57,0,10.12,1895.8
7003541,8/26/2023,13692,5374,423,WHIL1,UT,2Day,USPS,Delivered,10,4.54,65.5,0,31.54,686.54
7003542,2/20/2025,17471,3254,677,WHCA1,AR,Ground,FedEx,Delivered,3,6.48,107.62,0.15,16.42,290.85
7003543,6/22/2023,13842,4662,594,WHCA1,KS,Overnight,USPS,InTransit,114,9.01,43.14,0,36.13,4954.09
7003544,12/10/2023,14349,3961,443,WHFL1,DC,Ground,UPS,Delivered,63,19.87,107.73,0,43.73,6830.72
7003545,4/26/2025,16622,2634,458,WHCA1,GA,Ground,DHL,Pending,133,13.73,89.56,0.15,17.6,10142.36
7003546,7/2/2023,11393,1862,671,WHNJ1,WV,2Day,USPS,Delivered,45,10.24,53.19,0,17,2410.55
7003547,4/8/2023,16061,5702,409,WHFL1,OR,Ground,FedEx,InTransit,101,13.09,218.48,0,40.52,22107
7003548,4/29/2024,14256,2014,634,WHFL1,NE,Ground,UPS,Delivered,64,13.67,82.31,0.15,30.81,4508.47
7003549,11/18/2023,14301,4300,495,WHNJ1,WV,Overnight,UPS,InTransit,84,12.48,68.78,0,27.75,5805.27
7003550,7/31/2024,13339,2507,336,WHIL1,AL,Ground,FedEx,Delivered,46,7.08,89.67,0,4.25,4129.07
7003551,2/14/2025,15488,4206,390,WHPA1,CA,Ground,FedEx,InTransit,10,5.63,55.76,0.05,8.86,538.58
7003552,6/11/2023,13515,5804,596,WHGA1,IL,Ground,UPS,Delivered,168,8.75,139.09,0.2,5.54,18699.24
7003553,8/15/2024,10760,1978,630,WHPA1,VT,Ground,FedEx,Delivered,131,6.21,59.11,0.2,29.76,6224.49
7003554,5/24/2024,19916,4462,501,WHIL1,AZ,2Day,FedEx,Delivered,38,14.52,106.48,0.1,4.42,3646.04
7003555,6/19/2023,18622,2818,346,WHTX1,KY,Ground,UPS,Delivered,173,25.03,28.4,0,5.11,4918.31
7003556,9/28/2024,16794,4685,407,WHTX1,ME,Ground,UPS,Delivered,37,14.02,17.07,0.15,33.52,570.37
7003557,11/3/2023,12460,5059,470,WHWA1,OR,2Day,UPS,Delivered,57,3.38,79.53,0,35.95,4569.16
7003558,5/3/2024,15274,3635,446,WHGA1,CA,Ground,UPS,Delivered,112,6.84,45.86,0.05,10.37,4889.87
7003559,4/7/2023,11719,5902,656,WHFL1,WA,Ground,UPS,Delivered,38,10.11,52.43,0,51.42,2043.76
7003560,3/31/2024,19458,5816,478,WHGA1,TN,2Day,USPS,Delivered,40,4.23,11.65,0.05,1.48,444.18
7003561,11/21/2023,15424,4667,361,WHGA1,UT,2Day,UPS,Delivered,52,10.19,197.31,0,4.21,10264.33
7003562,3/8/2025,11309,1949,303,WHNJ1,MS,2Day,UPS,Delivered,60,13.25,64.56,0.1,33.17,3519.41
7003563,3/9/2023,11051,1474,382,WHNJ1,TX,Ground,FedEx,Delivered,15,23.29,152.71,0,10.6,2301.25
7003564,2/12/2024,15480,1568,563,WHTX1,NC,Ground,DHL,Delivered,2,29.78,22.64,0,7.35,52.63
7003565,3/30/2024,12250,4433,587,WHGA1,MA,Ground,UPS,Delivered,157,4.89,64.29,0.05,15.3,9604.15
7003566,12/10/2024,12810,5024,621,WHWA1,AZ,Ground,DHL,Delivered,44,9.32,79.81,0,48.81,3560.45
7003567,8/9/2024,12922,3259,395,WHCA1,AR,Ground,UPS,Delivered,12,9.4,65.9,0.05,13.88,765.14
7003568,11/8/2024,14677,4145,364,WHPA1,DC,Ground,UPS,Delivered,113,6.52,70.65,0.1,8.71,7193.82
7003569,1/13/2025,14042,5311,546,WHTX1,NY,Ground,FedEx,InTransit,36,10.61,22.68,0,23.08,839.56
7003570,4/24/2025,12418,5996,377,WHGA1,MS,Ground,FedEx,Delivered,22,9.53,74.91,0,20.82,1668.84
7003571,11/24/2023,10533,2983,559,WHCA1,OH,Ground,FedEx,InTransit,175,14.45,33.26,0.15,38.71,4986.14
7003572,7/1/2024,19091,2097,393,WHGA1,LA,Ground,USPS,Delivered,157,22.57,38.94,0.1,73.01,5575.23
7003573,3/28/2025,18168,4571,591,WHFL1,AZ,Ground,UPS,Delivered,13,10.83,60.7,0.2,45.51,676.79
7003574,9/8/2025,11470,4391,571,WHIL1,RI,Ground,FedEx,Delivered,150,7.45,46.9,0.1,35.92,6367.42
7003575,5/26/2025,19445,3673,321,WHCA1,MT,Ground,FedEx,Delivered,147,5.4,48.83,0,19.01,7197.02
7003576,12/26/2023,17293,4647,362,WHFL1,MS,2Day,USPS,Delivered,88,34.06,131.78,0,15.74,11612.38
7003577,8/13/2023,18962,3420,639,WHPA1,AL,2Day,UPS,InTransit,70,17.23,53.79,0,11.33,3776.63
7003578,5/5/2024,19026,5280,560,WHIL1,DC,Ground,UPS,Delivered,26,12.71,45.45,0,7.21,1188.91
7003579,12/18/2024,17143,4349,537,WHFL1,WY,Ground,FedEx,Delivered,14,9.05,55.05,0,14.12,784.82
7003580,5/9/2024,16001,1674,441,WHNJ1,ND,Ground,DHL,Delivered,83,26.3,27.56,0.15,30.86,1975.22
7003581,4/28/2024,17082,3803,467,WHTX1,ID,Ground,UPS,Pending,128,9.09,67.23,0,17.39,8622.83
7003582,3/26/2025,14650,3370,367,WHGA1,KY,2Day,UPS,InTransit,98,3.58,99.45,0,13.02,9759.12
7003583,12/20/2023,16932,5531,650,WHTX1,MA,Ground,UPS,Delivered,22,11.72,74.75,0.1,19.89,1499.94
7003584,4/21/2025,13425,2067,358,WHPA1,MA,Ground,FedEx,InTransit,35,4.79,61.56,0,12.05,2166.65
7003585,1/29/2024,11092,1688,512,WHGA1,AZ,Ground,UPS,Delivered,73,11.75,91.41,0,19.96,6692.89
7003586,12/2/2023,19389,5984,430,WHIL1,UT,Ground,UPS,Delivered,86,22.4,40.71,0,15.49,3516.55
7003587,3/25/2024,19853,1069,325,WHCA1,NV,2Day,FedEx,Delivered,9,3.67,61.67,0.05,28.09,555.37
7003588,12/30/2024,17850,3104,311,WHCA1,MO,Ground,UPS,Delivered,84,5.83,159.68,0.1,15.08,12086.89
7003589,5/29/2023,14655,1420,557,WHGA1,UT,Ground,UPS,Delivered,108,16.8,48.84,0,37.42,5312.14
7003590,8/14/2023,10261,4999,604,WHIL1,CO,Ground,UPS,Cancelled,22,7.41,91.82,0,11.28,2031.32
7003591,8/5/2025,15937,3598,669,WHGA1,TN,Ground,UPS,InTransit,30,12.83,93.45,0,21.8,2825.3
7003592,7/26/2023,19378,5339,694,WHGA1,NJ,2Day,UPS,InTransit,31,12.85,35.3,0,88.62,1182.92
7003593,8/4/2024,14371,3125,381,WHWA1,NY,Ground,UPS,Delivered,165,17.05,97.12,0,22.77,16047.57
7003594,8/14/2024,14302,4893,586,WHFL1,MI,2Day,UPS,Delivered,51,6.78,39.23,0,2.09,2002.82
7003595,5/6/2024,17208,1440,670,WHGA1,PA,Ground,FedEx,Delivered,70,2.16,81.02,0,16.89,5688.29
7003596,10/23/2024,15820,2287,319,WHCA1,IN,Ground,UPS,InTransit,105,12.69,38.79,0.05,9.69,3878.99
7003597,9/15/2023,19059,2209,410,WHWA1,ND,2Day,FedEx,Pending,46,3.9,73.05,0,29.02,3389.32
7003598,7/19/2024,10093,2079,334,WHPA1,TX,Overnight,UPS,Delivered,13,17.53,65.68,0,24.42,878.26
7003599,12/26/2023,15162,3564,588,WHGA1,WA,Ground,UPS,Delivered,91,9.75,64.89,0.15,11.52,5030.76
7003600,11/6/2024,17633,4624,632,WHCA1,MT,Ground,USPS,Delivered,94,8.37,72.58,0,31.06,6853.58
7003601,6/16/2023,19544,2254,555,WHNJ1,SC,Ground,UPS,Delivered,32,15.13,41.38,0.05,20.22,1278.17
7003602,8/7/2024,16209,4358,426,WHIL1,IL,Ground,UPS,Delivered,4,3.52,26.52,0.05,4.24,105.02
7003603,8/5/2023,18557,4210,509,WHNJ1,NJ,Ground,USPS,Delivered,94,8.87,63.53,0,14.31,5986.13
7003604,11/6/2023,14917,4550,434,WHGA1,ME,Ground,FedEx,Delivered,101,13.08,129.84,0,63.45,13177.29
7003605,9/3/2023,13719,1615,697,WHCA1,TN,Ground,FedEx,InTransit,3,11.64,90.25,0,12.18,282.93
7003606,8/3/2023,16126,4079,386,WHIL1,SD,2Day,FedEx,InTransit,99,7.46,82.06,0,12.2,8136.14
7003607,3/12/2025,11925,3724,375,WHTX1,WY,Ground,UPS,Delivered,165,7.5,41.96,0,38.5,6961.9
7003608,11/9/2023,13096,4491,435,WHIL1,RI,Overnight,DHL,Delivered,21,25.24,68.37,0,0.82,1436.59
7003609,7/9/2025,16684,4544,601,WHIL1,AZ,2Day,USPS,Delivered,69,17.29,33.55,0.1,17.7,2101.15
7003610,8/20/2025,15182,5516,473,WHWA1,NM,2Day,UPS,InTransit,100,6.71,44.6,0,17.67,4477.67
7003611,8/7/2024,12539,2901,513,WHGA1,ID,Overnight,USPS,Delivered,28,22.46,77.04,0.3,30.02,1540
7003612,6/18/2023,19489,5372,621,WHFL1,IA,2Day,UPS,Delivered,111,15.73,16.82,0.05,10.35,1784.02
7003613,12/27/2023,12277,2713,650,WHNJ1,VT,2Day,FedEx,Pending,140,13.4,201.35,0,16.32,28205.32
7003614,2/7/2025,18195,3330,319,WHNJ1,PA,Ground,UPS,InTransit,126,13.72,23.58,0,22.07,2993.15
7003615,12/23/2023,19946,4620,419,WHWA1,SC,Ground,FedEx,Pending,31,5.03,225.08,0.1,27.34,6307.07
7003616,4/13/2023,10911,2195,603,WHTX1,IN,Overnight,UPS,Pending,123,24.67,33.35,0,13.07,4115.12
7003617,7/23/2024,10307,5907,602,WHGA1,OH,Ground,FedEx,Delivered,52,17.7,33.12,0.05,60.54,1696.67
7003618,4/3/2025,16576,2379,585,WHIL1,KS,Ground,UPS,InTransit,32,11.58,45.42,0,1.22,1454.66
7003619,2/5/2025,14232,2313,527,WHFL1,WY,2Day,FedEx,Delivered,20,11.57,44.11,0.15,11.15,761.02
7003620,7/26/2023,16029,3916,512,WHPA1,MS,Ground,FedEx,Delivered,153,9.47,39.28,0.05,17.61,5726.96
7003621,11/12/2024,16659,1750,656,WHNJ1,KY,2Day,USPS,Delivered,54,7.11,46.29,0,21.93,2521.59
7003622,9/5/2023,16337,1301,489,WHNJ1,LA,Ground,UPS,Delivered,140,13.78,63.98,0.1,44.16,8105.64
7003623,9/2/2023,19631,5696,621,WHCA1,TN,Ground,USPS,Delivered,19,6.2,32.01,0,29.06,637.25
7003624,5/8/2025,10873,4983,451,WHIL1,KY,Ground,UPS,Cancelled,114,10.95,108.08,0,6.84,12327.96
7003625,10/9/2023,11142,5625,523,WHGA1,KS,2Day,USPS,Delivered,13,10.6,161.24,0.05,24.5,2015.81
7003626,10/25/2023,10666,4838,428,WHNJ1,MA,Ground,FedEx,Pending,2,12.6,15.38,0.15,46.08,72.23
7003627,1/1/2023,18401,1278,548,WHWA1,MS,2Day,USPS,Delivered,196,17.59,219.89,0,19.24,43117.68
7003628,5/4/2025,10952,5759,351,WHFL1,ND,Ground,FedEx,Delivered,9,12.74,103.04,0.1,44.93,879.55
7003629,1/31/2025,19250,3559,491,WHWA1,OK,Ground,FedEx,Delivered,59,15.16,71.85,0,1.57,4240.72
7003630,10/2/2024,14723,4918,537,WHWA1,TX,Ground,UPS,Delivered,143,3.12,40.14,0,30.21,5770.23
7003631,12/23/2024,14009,3162,322,WHWA1,NE,Ground,DHL,Delivered,127,13.18,67.42,0,39.7,8602.04
7003632,6/28/2023,16656,5676,410,WHGA1,RI,Ground,USPS,Cancelled,61,10.46,112.46,0.05,13.6,6530.66
7003633,3/29/2024,16191,2390,627,WHIL1,KY,Ground,UPS,Delivered,84,12.5,372.89,0,3.82,31326.58
7003634,12/14/2023,10772,1691,333,WHWA1,MO,Ground,UPS,InTransit,87,7.28,278.3,0,34.97,24247.07
7003635,4/21/2023,14031,5733,427,WHIL1,DC,Ground,FedEx,Delivered,13,19.95,20.58,0.2,6.78,220.81
7003636,5/1/2024,17860,4469,665,WHNJ1,PA,2Day,DHL,Delivered,35,11.62,51.88,0,12.78,1828.58
7003637,7/2/2025,10522,2849,656,WHTX1,TN,Ground,UPS,Pending,37,6.4,63.35,0,36.27,2380.22
7003638,2/17/2023,13356,5919,344,WHGA1,MA,Ground,USPS,Delivered,47,7.11,153.67,0.05,25.27,6886.64
7003639,11/13/2023,11401,5971,307,WHWA1,AR,Ground,UPS,Delivered,33,17.19,56.58,0,107.85,1974.99
7003640,8/24/2023,13724,4817,428,WHWA1,MO,2Day,DHL,Delivered,30,9.5,35.36,0,18.19,1078.99
7003641,9/25/2023,16580,1940,391,WHGA1,NJ,2Day,FedEx,Pending,44,9.97,62.3,0.05,23.01,2627.15
7003642,6/17/2025,13248,4183,430,WHCA1,NC,2Day,UPS,Delivered,47,8.88,45.81,0.05,34.77,2080.19
7003643,4/10/2024,11859,4310,317,WHFL1,RI,Ground,UPS,Delivered,63,18.34,119.69,0.1,6.77,6793.19
7003644,4/8/2024,14782,3051,621,WHIL1,MT,2Day,FedEx,Delivered,21,13.36,319.15,0,16.58,6718.73
7003645,12/28/2024,14065,2747,486,WHIL1,MO,2Day,FedEx,Pending,119,4.91,113.49,0.15,5.72,11485.23
7003646,7/1/2023,12399,3452,410,WHNJ1,KS,2Day,USPS,Delivered,138,5.57,116.74,0.05,4.33,15308.94
7003647,5/3/2024,10143,1025,586,WHNJ1,WI,Ground,FedEx,Delivered,30,10.03,142.49,0,40.7,4315.4
7003648,2/25/2024,15063,3557,648,WHNJ1,MS,2Day,FedEx,Delivered,15,6.8,82.48,0,19.68,1256.88
7003649,8/28/2024,13470,1061,463,WHCA1,CA,Ground,USPS,Delivered,105,2.74,45.39,0,20.58,4786.53
7003650,9/20/2025,13696,1123,375,WHFL1,TN,Ground,FedEx,Delivered,159,6.4,48.63,0.05,26.62,7372.18
7003651,1/4/2025,10718,3103,499,WHWA1,RI,Ground,USPS,Delivered,4,8.46,129.22,0.05,8.28,499.32
7003652,1/18/2024,10643,2187,661,WHTX1,IL,Ground,USPS,Delivered,2,7.87,73.45,0.05,34.61,174.17
7003653,3/14/2025,12549,2731,587,WHNJ1,NJ,Ground,USPS,Delivered,22,15.41,30.17,0,25.34,689.08
7003654,7/20/2023,18562,5642,482,WHNJ1,CT,Ground,UPS,Delivered,97,2.62,150.01,0.05,27.45,13850.87
7003655,2/6/2023,13651,5090,397,WHPA1,WA,2Day,FedEx,Pending,176,6.29,34.9,0.1,8.67,5536.83
7003656,8/21/2023,17550,3473,351,WHFL1,KY,Ground,FedEx,Delivered,111,16.12,27.25,0,22.71,3047.46
7003657,12/9/2023,18979,3966,614,WHNJ1,NE,Ground,FedEx,Delivered,77,6.7,32.48,0,31.47,2532.43
7003658,5/30/2024,10950,3278,334,WHCA1,OH,Ground,FedEx,Delivered,100,4.83,74.35,0.1,14.43,6705.93
7003659,9/18/2024,15445,5088,321,WHGA1,CA,Overnight,USPS,Delivered,28,6.65,118.54,0.2,17.61,2672.91
7003660,6/19/2025,10522,3965,484,WHTX1,TN,Ground,UPS,Delivered,98,13.07,71.71,0,17.23,7044.81
7003661,5/29/2024,16633,2311,593,WHGA1,CA,Ground,FedEx,InTransit,40,8.59,40.63,0.25,13.29,1232.19
7003662,5/19/2024,16049,1155,364,WHWA1,MS,2Day,UPS,Delivered,27,6.47,34.08,0,24.06,944.22
7003663,3/1/2023,10355,3213,424,WHPA1,CT,Ground,UPS,InTransit,28,13.35,102.94,0,17.39,2899.71
7003664,2/10/2023,11483,4254,401,WHIL1,CT,Ground,FedEx,InTransit,94,12.52,56.23,0,13.54,5299.16
7003665,7/17/2024,19840,2263,419,WHIL1,IN,Ground,UPS,Delivered,115,4.69,76.18,0.1,60.58,7945.21
7003666,3/6/2024,16995,2363,641,WHNJ1,IA,Ground,UPS,Delivered,79,10.59,54.39,0.05,18.03,4100
7003667,3/27/2025,12216,1938,378,WHPA1,CA,Ground,FedEx,Delivered,8,4.59,73.99,0,6.74,598.66
7003668,7/9/2023,14717,1512,481,WHGA1,OR,Ground,UPS,Cancelled,5,20.18,78.85,0,22.74,416.99
7003669,1/30/2023,18620,1187,499,WHCA1,AR,Overnight,UPS,Delivered,26,20.93,327.7,0.05,21.95,8116.14
7003670,3/19/2024,15822,2846,660,WHTX1,NJ,Ground,USPS,Delivered,35,8.41,79.53,0.1,23.78,2528.98
7003671,9/25/2023,12538,2703,490,WHFL1,MD,Ground,USPS,InTransit,51,18.95,45.75,0,61.23,2394.48
7003672,2/28/2023,16340,1391,628,WHGA1,MT,Overnight,UPS,Delivered,9,6.35,67.85,0,1.81,612.46
7003673,12/9/2024,18737,1655,403,WHPA1,FL,Ground,UPS,Delivered,105,9.19,30.86,0.2,32.78,2625.02
7003674,5/12/2023,14920,5272,633,WHWA1,NJ,Ground,USPS,Delivered,103,7.04,30.67,0,10.68,3169.69
7003675,9/10/2024,17076,3822,666,WHPA1,UT,Ground,UPS,Delivered,43,9.85,143.9,0,16.78,6204.48
7003676,11/7/2023,13766,1764,575,WHFL1,WV,Ground,FedEx,Delivered,75,10.41,74.24,0.15,5.91,4738.71
7003677,7/24/2023,18851,4401,430,WHGA1,MI,Ground,FedEx,Delivered,12,9.98,131.32,0,35.25,1611.09
7003678,12/30/2023,17083,5807,541,WHWA1,SC,Overnight,FedEx,Delivered,53,9.47,19.24,0,18.14,1037.86
7003679,2/11/2025,12828,4268,434,WHTX1,SD,Ground,DHL,InTransit,137,10.79,30.31,0,25.47,4177.94
7003680,1/11/2024,12059,2086,457,WHGA1,UT,Ground,UPS,Delivered,93,21.24,73.93,0,46.35,6921.84
7003681,12/23/2024,17750,2930,689,WHGA1,NJ,Overnight,UPS,Delivered,12,2.99,33.69,0.1,7.64,371.49
7003682,5/28/2023,10731,5377,618,WHTX1,MD,Overnight,FedEx,Delivered,134,31.66,22.14,0.05,25.16,2843.58
7003683,1/8/2025,11833,2964,458,WHCA1,NV,Ground,DHL,InTransit,97,8.1,28.19,0,78.51,2812.94
7003684,9/24/2023,18601,2786,659,WHFL1,CT,2Day,USPS,InTransit,58,9.54,47.92,0.05,42.33,2682.72
7003685,11/14/2024,16506,3275,490,WHPA1,AR,Ground,FedEx,Delivered,99,22.2,80.12,0,8.15,7940.03
7003686,8/2/2024,17171,3687,400,WHTX1,NV,Ground,USPS,Delivered,21,14.39,199.33,0.05,50.68,4027.31
7003687,7/11/2025,14180,3969,352,WHNJ1,OH,Ground,UPS,Pending,73,13.79,28.72,0,20.06,2116.62
7003688,1/6/2024,16300,5573,349,WHNJ1,NC,Ground,UPS,Delivered,85,21.11,29.78,0,58.5,2589.8
7003689,3/20/2023,17831,1716,400,WHNJ1,CT,Ground,UPS,Delivered,160,9.06,21.73,0.1,38.21,3167.33
7003690,1/23/2023,14803,1243,682,WHNJ1,FL,Ground,UPS,Delivered,8,17.36,89.62,0,16.34,733.3
7003691,3/13/2025,16058,4916,551,WHWA1,ND,Ground,FedEx,Cancelled,47,4.69,65.48,0,38.1,3115.66
7003692,6/16/2024,16616,2524,674,WHFL1,RI,Ground,USPS,Pending,164,12.85,30.54,0,4.73,5013.29
7003693,1/11/2025,16763,1838,354,WHIL1,TN,Ground,FedEx,Delivered,26,14.01,33.54,0,8.85,880.89
7003694,9/21/2023,15544,4324,675,WHCA1,ND,Overnight,FedEx,Delivered,125,19.89,55.01,0,35.37,6911.62
7003695,12/11/2023,18326,3954,689,WHIL1,IL,Ground,UPS,InTransit,1,15.29,57.24,0,6.03,63.27
7003696,2/5/2023,14884,2346,437,WHGA1,NH,Ground,FedEx,Delivered,3,11.31,28.98,0.15,16.66,90.56
7003697,8/13/2025,17051,3424,462,WHGA1,OH,2Day,FedEx,Delivered,40,8.26,67.92,0.1,25.71,2470.83
7003698,11/9/2024,14960,3029,654,WHTX1,VT,Ground,FedEx,Delivered,115,8.21,22.9,0,27.19,2660.69
7003699,7/16/2025,10667,2433,592,WHNJ1,GA,Ground,UPS,Delivered,12,8.25,62.09,0,43.15,788.23
7003700,10/27/2023,10277,1240,381,WHWA1,NJ,Ground,FedEx,InTransit,48,4.59,52.99,0,12.43,2555.95
7003701,9/13/2024,10882,1139,520,WHWA1,UT,Ground,UPS,Delivered,16,28.46,79.45,0,39.21,1310.41
7003702,11/14/2024,12061,4194,385,WHTX1,MT,2Day,FedEx,Delivered,27,18.21,140.08,0,36.07,3818.23
7003703,11/27/2023,12083,1420,383,WHGA1,OH,Overnight,UPS,Delivered,66,11.65,46.29,0.15,11.88,2608.75
7003704,4/7/2025,16703,1304,619,WHNJ1,NV,Ground,UPS,InTransit,39,16.31,60.02,0,3.18,2343.96
7003705,8/1/2025,19430,3163,367,WHFL1,NH,Ground,UPS,InTransit,25,15.71,15,0,14.31,389.31
7003706,5/20/2025,10159,3027,534,WHPA1,CO,Ground,FedEx,Delivered,49,5.51,238.54,0,11.94,11700.4
7003707,12/17/2024,15230,5103,498,WHCA1,AZ,Ground,FedEx,Pending,101,14.65,16.31,0.05,6.98,1571.92
7003708,11/5/2023,17957,3227,559,WHGA1,NH,2Day,USPS,Delivered,14,21.42,56.62,0.1,21.46,734.87
7003709,11/7/2023,17515,2169,477,WHPA1,AK,Ground,FedEx,InTransit,62,6.66,10.08,0.2,78.17,578.14
7003710,8/15/2025,17804,1416,598,WHTX1,MI,Ground,UPS,Delivered,33,3.98,33.66,0,22,1132.78
7003711,1/13/2023,12527,3714,580,WHPA1,VA,2Day,FedEx,Delivered,47,4.98,202.18,0,68.34,9570.8
7003712,12/5/2024,18303,1150,600,WHTX1,WA,Ground,FedEx,Delivered,128,9.44,133.71,0,88.91,17203.79
7003713,11/29/2024,17804,3445,429,WHGA1,WY,Overnight,UPS,Delivered,161,4.81,119.56,0,11.12,19260.28
7003714,9/27/2024,16575,1839,671,WHIL1,NE,Ground,FedEx,InTransit,29,9.02,52.43,0.1,13.05,1381.47
7003715,9/9/2025,18734,2697,480,WHWA1,DC,Ground,UPS,InTransit,87,6.75,190.57,0,38.13,16617.72
7003716,11/23/2023,11139,5340,592,WHFL1,MI,Ground,UPS,Delivered,96,10,71.84,0.1,17.79,6224.77
7003717,12/8/2023,17258,2911,507,WHFL1,GA,Ground,FedEx,Delivered,133,7.37,97.25,0,8.66,12942.91
7003718,4/4/2023,13284,2422,594,WHWA1,WI,2Day,FedEx,Cancelled,150,9.79,382.67,0.05,21.22,54551.7
7003719,3/11/2024,17763,5975,638,WHCA1,WI,Ground,FedEx,Delivered,60,14.35,128.71,0.1,32.2,6982.54
7003720,10/23/2023,17897,4002,475,WHFL1,ME,2Day,UPS,Delivered,187,5.63,57.31,0.1,38.53,9683.8
7003721,12/11/2023,12420,2321,329,WHPA1,MS,Ground,USPS,InTransit,180,11.84,85.77,0,29.46,15468.06
7003722,3/22/2025,11757,5036,479,WHFL1,NE,Overnight,FedEx,Delivered,66,6,160.33,0,25.39,10607.17
7003723,7/19/2025,12307,2524,341,WHPA1,OK,Overnight,USPS,Delivered,72,9.97,92.77,0.1,18.27,6029.77
7003724,8/5/2023,17631,4879,492,WHGA1,TX,Ground,FedEx,Delivered,94,9.52,103.8,0,10.24,9767.44
7003725,12/26/2023,16264,1553,644,WHFL1,KY,Ground,FedEx,Delivered,47,12.38,147.81,0,51.5,6998.57
7003726,7/11/2025,19168,4757,537,WHGA1,GA,2Day,UPS,Delivered,93,11.17,352.64,0.1,14.38,29530.35
7003727,3/14/2023,15009,4672,604,WHFL1,KY,Ground,FedEx,Delivered,68,21.03,31.19,0,18.18,2139.1
7003728,4/19/2023,15248,1482,525,WHWA1,UT,2Day,FedEx,Delivered,4,9.84,98.08,0,35.89,428.21
7003729,7/11/2023,18915,1600,414,WHTX1,GA,Ground,UPS,Delivered,136,6.86,82.77,0.15,10.64,9578.85
7003730,8/27/2024,12571,2165,578,WHNJ1,GA,2Day,FedEx,Delivered,165,17.47,45.8,0,66.05,7623.05
7003731,6/27/2023,15808,5679,655,WHNJ1,PA,Ground,FedEx,Delivered,3,12.2,38.14,0,20.79,135.21
7003732,8/19/2025,17813,5233,317,WHNJ1,KY,2Day,FedEx,InTransit,120,17,190.72,0,11.23,22897.63
7003733,3/16/2024,10325,2004,386,WHTX1,MT,Ground,UPS,Delivered,48,9.31,29.33,0.1,26.9,1293.96
7003734,5/20/2024,17488,2983,689,WHNJ1,MT,2Day,UPS,InTransit,79,4.56,22.38,0,32.26,1800.28
7003735,10/5/2023,19722,2635,617,WHWA1,DC,Ground,UPS,Delivered,65,38.43,40.46,0,16.12,2646.02
7003736,4/13/2024,15646,3998,645,WHGA1,ND,Ground,FedEx,Delivered,73,6.97,17.24,0,19.55,1278.07
7003737,11/6/2024,11946,1687,690,WHIL1,AR,Overnight,UPS,InTransit,65,4.98,33.19,0,23.99,2181.34
7003738,12/24/2024,14487,4415,481,WHIL1,WY,2Day,UPS,Delivered,136,15.38,28.72,0,20.02,3925.94
7003739,12/25/2024,12431,2760,637,WHFL1,NE,Overnight,DHL,Delivered,97,5.67,63.72,0,4.95,6185.79
7003740,8/13/2024,13511,5938,651,WHIL1,MA,Ground,UPS,Delivered,52,7.9,165.04,0,7.7,8589.78
7003741,6/12/2025,10846,3481,445,WHNJ1,OK,Ground,FedEx,Delivered,98,10.78,39.72,0.1,20.83,3524.13
7003742,3/2/2025,10568,2338,615,WHIL1,PA,Ground,USPS,Cancelled,177,9.18,109.94,0,9.3,19468.68
7003743,12/27/2024,12180,1115,525,WHPA1,VA,Ground,FedEx,Delivered,10,8.04,101.52,0,44.76,1059.96
7003744,3/7/2023,12020,4958,354,WHNJ1,NM,Ground,FedEx,InTransit,49,25.96,12.68,0,72.46,693.78
7003745,1/9/2023,13320,1569,682,WHPA1,CT,Ground,DHL,Delivered,141,9.35,40.77,0,31.06,5779.63
7003746,8/28/2023,12321,2554,604,WHGA1,UT,2Day,USPS,Delivered,108,5.83,46.11,0.2,4.35,3988.25
7003747,11/7/2024,11647,3690,368,WHPA1,ND,Ground,FedEx,Pending,163,17.97,78.36,0.3,1.23,8942.11
7003748,2/3/2024,13910,5591,407,WHGA1,LA,Overnight,UPS,Cancelled,5,6.48,89.42,0.15,12.61,392.65
7003749,1/24/2024,18016,4341,634,WHTX1,MS,Ground,FedEx,Pending,139,9.37,75.64,0,26.96,10540.92
7003750,5/20/2025,13421,3989,377,WHTX1,IL,Overnight,USPS,Delivered,120,5.81,32.07,0.1,35.45,3499.01
7003751,6/2/2025,10357,4152,327,WHFL1,IL,Ground,USPS,Delivered,126,11.35,38.51,0.1,4.18,4371.21
7003752,6/18/2025,17486,4528,644,WHPA1,MO,2Day,USPS,Delivered,81,10.24,20.95,0,19.85,1716.8
7003753,11/24/2023,13082,4016,455,WHCA1,CA,Ground,FedEx,Delivered,6,9.83,62.85,0.05,6.12,364.36
7003754,11/21/2024,12281,1822,372,WHGA1,RI,2Day,FedEx,Delivered,72,10.94,46.4,0.2,1.85,2674.49
7003755,11/2/2023,14132,4575,480,WHWA1,NH,Ground,UPS,Delivered,52,16.33,87.11,0,23.58,4553.3
7003756,8/9/2023,15124,4788,347,WHNJ1,UT,Ground,UPS,InTransit,70,15.25,97.73,0.05,21.61,6520.66
7003757,8/4/2023,17423,2609,542,WHCA1,VA,Ground,FedEx,Delivered,109,5.36,47.5,0.05,27.89,4946.52
7003758,12/10/2023,12788,1560,659,WHGA1,NC,Ground,UPS,Delivered,81,6.67,73.1,0,20.53,5941.63
7003759,2/25/2024,14210,5064,577,WHNJ1,MS,2Day,UPS,Cancelled,36,17.41,51.59,0,2.81,1860.05
7003760,3/18/2025,16541,5436,671,WHGA1,GA,Ground,USPS,Delivered,82,6.25,27.52,0,26.71,2283.35
7003761,5/22/2023,19390,1612,613,WHGA1,MO,2Day,UPS,Delivered,10,13.43,34.27,0,14.46,357.16
7003762,12/15/2024,19471,3164,405,WHWA1,SD,Ground,USPS,Delivered,1,16.55,12.26,0,12.77,25.03
7003763,6/24/2024,10466,2882,395,WHNJ1,GA,Overnight,UPS,Delivered,51,3.73,45.48,0.1,16.19,2103.72
7003764,11/11/2023,11488,5170,519,WHGA1,RI,Overnight,USPS,Delivered,112,7.84,39.6,0.05,1.62,4215.06
7003765,5/9/2024,14943,4864,470,WHWA1,KS,Ground,FedEx,Delivered,128,16.31,27.88,0.2,33.66,2888.57
7003766,11/17/2023,14598,4709,666,WHGA1,NV,Ground,UPS,Delivered,73,9.16,106.46,0,18.38,7789.96
7003767,8/28/2024,14537,2710,583,WHGA1,ID,Ground,FedEx,Delivered,140,7.85,86.72,0,43.41,12184.21
7003768,3/1/2024,10326,2762,428,WHFL1,UT,Ground,USPS,Delivered,15,16.47,88.41,0,33.23,1359.38
7003769,7/13/2023,19958,2693,500,WHTX1,NY,Ground,UPS,Delivered,176,19.39,97.37,0,12.58,17149.7
7003770,5/18/2023,14163,2246,632,WHIL1,DC,Ground,FedEx,InTransit,158,6.66,59.92,0,57.85,9525.21
7003771,7/11/2024,10304,1126,335,WHGA1,NH,Ground,DHL,Delivered,82,28.87,59.49,0,44.33,4922.51
7003772,6/10/2025,15068,5753,654,WHFL1,VT,Ground,UPS,Delivered,7,3.43,107.29,0.05,11.03,724.51
7003773,12/11/2023,15025,2200,444,WHWA1,WY,Ground,USPS,InTransit,58,4.05,95.72,0,17.22,5568.98
7003774,12/14/2024,17716,3712,592,WHNJ1,NE,Ground,UPS,Delivered,21,7.61,123.17,0.05,33.08,2490.32
7003775,11/4/2024,19633,4447,366,WHPA1,MT,Ground,UPS,Delivered,87,8.18,58.2,0.15,9.66,4313.55
7003776,7/14/2025,18341,1991,519,WHGA1,AZ,Ground,UPS,Pending,23,8.41,30.08,0,12.28,704.12
7003777,3/6/2025,12632,4066,356,WHFL1,MT,Ground,UPS,Delivered,62,7.26,70.83,0.1,3.12,3955.43
7003778,8/3/2024,16392,5955,445,WHTX1,RI,Ground,UPS,InTransit,25,6.47,40.03,0,4.72,1005.47
7003779,11/3/2024,18288,2522,513,WHFL1,AL,2Day,UPS,InTransit,22,8.76,94.8,0.05,6.68,1988
7003780,6/5/2025,12370,5729,394,WHTX1,OH,Ground,UPS,Delivered,30,7.02,73.39,0.05,18.99,2110.6
7003781,1/20/2024,10529,3499,406,WHPA1,NE,2Day,FedEx,Delivered,4,15.06,62.2,0,36.46,285.26
7003782,12/1/2023,14676,3566,384,WHGA1,VA,Ground,FedEx,Delivered,104,10.19,45.6,0.1,10.33,4278.49
7003783,1/13/2023,11664,5791,436,WHCA1,AR,Ground,FedEx,Delivered,38,8.76,120.88,0,31.88,4625.32
7003784,3/13/2025,13365,3598,446,WHPA1,ME,Ground,UPS,Pending,100,9.58,114.56,0.25,10,8602
7003785,2/11/2025,12342,1116,549,WHIL1,MI,Ground,USPS,Delivered,91,19.51,40.53,0,26.15,3714.38
7003786,5/3/2023,16657,2032,318,WHNJ1,CO,2Day,UPS,Delivered,8,7.48,25.39,0,15.12,218.24
7003787,8/12/2024,14906,2242,425,WHFL1,FL,Ground,UPS,Delivered,38,4.66,68.03,0,5.28,2590.42
7003788,4/5/2024,18885,2743,302,WHNJ1,HI,Overnight,FedEx,Delivered,76,5.56,137.62,0.1,33.57,9446.78
7003789,5/20/2023,19144,4639,632,WHNJ1,MI,Ground,FedEx,Delivered,157,8.7,24.81,0.05,33.69,3734.1
7003790,8/29/2025,15951,5400,500,WHWA1,WA,Ground,UPS,Delivered,51,13.35,83.4,0.2,1.31,3404.03
7003791,8/30/2023,11361,5091,438,WHWA1,FL,Ground,UPS,InTransit,66,16.95,33.77,0.05,22.54,2139.92
7003792,3/21/2023,15128,2976,503,WHNJ1,NH,Ground,USPS,Delivered,111,26.89,29.44,0,24.5,3292.34
7003793,8/27/2024,15563,5184,698,WHTX1,TX,Ground,FedEx,Delivered,123,15.58,115.14,0.1,20.62,12766.62
7003794,12/17/2024,18731,5404,582,WHFL1,GA,Ground,UPS,Delivered,158,5.89,94.59,0,12.84,14958.06
7003795,2/8/2023,19012,5898,603,WHWA1,ND,2Day,USPS,Delivered,65,8.85,53.93,0,6.71,3512.16
7003796,11/4/2024,15778,1164,330,WHIL1,NM,2Day,UPS,Delivered,23,2.73,104.27,0,19.11,2417.32
7003797,6/25/2024,13926,4311,356,WHGA1,MI,Ground,FedEx,Delivered,114,8.3,96.82,0,1.18,11038.66
7003798,5/2/2023,18464,4389,419,WHGA1,VA,Ground,UPS,Delivered,15,6.96,21.2,0,7.69,325.69
7003799,7/23/2023,18002,1996,432,WHCA1,AR,Ground,UPS,Delivered,53,2.5,63.65,0,23.88,3397.33
7003800,8/4/2024,11029,2878,531,WHGA1,AK,Ground,UPS,Delivered,87,35.41,161.31,0,37.24,14071.21
7003801,11/15/2023,16019,2824,695,WHWA1,CA,2Day,FedEx,InTransit,99,7.97,83.6,0,48.71,8325.11
7003802,7/22/2025,11243,5907,452,WHIL1,VA,Ground,UPS,Delivered,107,2.82,9.61,0,5.84,1034.11
7003803,3/4/2025,19334,3296,686,WHGA1,IA,2Day,FedEx,Delivered,23,8.48,28.36,0.05,9.35,629.02
7003804,9/1/2025,18785,4265,696,WHTX1,ME,Overnight,DHL,Delivered,186,26.92,120.47,0,28.61,22436.03
7003805,10/21/2023,17120,2349,321,WHPA1,PA,Ground,FedEx,InTransit,21,31.4,40.62,0.15,34.09,759.16
7003806,8/20/2025,19798,2804,368,WHGA1,IA,Ground,UPS,Delivered,11,10.36,131.54,0,57.69,1504.63
7003807,2/27/2024,14211,3252,426,WHNJ1,VA,Ground,UPS,Delivered,93,10.6,251.29,0.15,28.02,19892.49
7003808,12/13/2023,16407,3901,343,WHNJ1,DE,Ground,FedEx,InTransit,154,20.86,50.79,0,22.37,7844.03
7003809,3/1/2023,13378,2594,482,WHPA1,MD,Ground,UPS,InTransit,75,9.14,38.93,0.05,21.03,2794.79
7003810,3/3/2023,14072,1433,400,WHNJ1,ID,2Day,DHL,Cancelled,81,13.18,29.67,0,7.16,2410.43
7003811,11/22/2024,11441,4818,679,WHNJ1,AR,Ground,DHL,Delivered,71,16.55,102.01,0,3.06,7245.77
7003812,3/29/2024,13627,5918,649,WHTX1,PA,2Day,UPS,Delivered,5,5.24,39.35,0.15,27.75,194.99
7003813,9/12/2023,10185,2071,696,WHTX1,TX,2Day,UPS,Delivered,97,25.14,45.28,0,26.07,4418.23
7003814,9/16/2024,14997,5601,540,WHTX1,RI,2Day,USPS,Delivered,45,5.9,27.61,0,2.95,1245.4
7003815,10/13/2023,18413,1115,685,WHWA1,OK,Ground,FedEx,Cancelled,163,6.84,44.33,0.25,7.61,5426.95
7003816,8/12/2024,18032,2440,500,WHGA1,IA,2Day,FedEx,Delivered,22,10.62,36.59,0,60.89,865.87
7003817,12/19/2023,15564,2791,416,WHPA1,AL,Ground,UPS,Delivered,37,17.57,14.98,0,4.39,558.65
7003818,3/9/2025,13189,1995,415,WHNJ1,NM,Ground,UPS,Delivered,66,15.01,33.36,0.05,3.62,2095.29
7003819,3/6/2025,19286,5319,442,WHCA1,FL,Overnight,USPS,Delivered,62,9.71,101.16,0,4.9,6276.82
7003820,4/21/2024,12946,5732,419,WHPA1,MN,Overnight,UPS,Delivered,50,11.86,154.26,0.1,24.02,6965.72
7003821,12/14/2023,16766,5768,393,WHCA1,MT,Ground,USPS,Delivered,39,19.04,55.68,0.2,24.96,1762.18
7003822,12/21/2023,12475,1958,698,WHNJ1,SC,2Day,UPS,Delivered,17,10.05,61.43,0,45.97,1090.28
7003823,2/16/2025,16788,1096,309,WHIL1,UT,Ground,USPS,Delivered,127,6.14,73.3,0.05,28.14,8871.78
7003824,12/2/2023,18793,3155,373,WHPA1,RI,Ground,FedEx,Delivered,57,6.96,237.03,0,10.79,13521.5
7003825,8/25/2023,19353,1632,326,WHWA1,LA,Ground,UPS,Delivered,77,17.26,29.59,0.1,2.04,2052.63
7003826,4/10/2023,14600,4685,539,WHGA1,NC,Ground,UPS,InTransit,73,6.15,24.8,0,17.57,1827.97
7003827,4/8/2024,16275,2702,662,WHCA1,SD,Ground,FedEx,Delivered,78,3.9,57.87,0,59.36,4573.22
7003828,4/26/2024,14314,1698,445,WHPA1,RI,Ground,UPS,Delivered,101,8.33,79.07,0,10.56,7996.63
7003829,3/30/2025,12219,1032,368,WHPA1,IN,Ground,FedEx,Delivered,87,9.56,58.61,0,28.41,5127.48
7003830,9/6/2023,11153,5875,488,WHTX1,AL,Ground,UPS,InTransit,33,16.76,23.08,0,11.95,773.59
7003831,12/31/2023,10057,1549,666,WHIL1,IL,Ground,UPS,Delivered,74,4.17,111.46,0.2,26.35,6624.78
7003832,2/19/2025,19397,3249,431,WHTX1,IA,Ground,FedEx,Cancelled,29,12.31,54.47,0,21.21,1600.84
7003833,3/9/2025,10144,2894,521,WHIL1,OR,Ground,FedEx,Delivered,80,19.95,88.45,0,25.96,7101.96
7003834,1/3/2024,17219,3835,581,WHIL1,CA,Ground,FedEx,Delivered,55,6.12,177.91,0.2,10.5,7838.54
7003835,3/30/2024,18560,2704,577,WHGA1,IN,Ground,FedEx,Delivered,5,10.5,21.54,0,9.98,117.68
7003836,11/19/2023,19675,2157,440,WHPA1,IN,Ground,FedEx,Delivered,107,2.75,18.02,0.05,6.51,1838.24
7003837,7/15/2025,16362,1344,354,WHTX1,VA,Ground,FedEx,Delivered,33,16.89,89.14,0,15.41,2957.03
7003838,5/20/2023,10616,5073,301,WHWA1,CA,Ground,UPS,Delivered,157,16.12,14.44,0.05,25.72,2179.45
7003839,7/17/2025,18063,4463,428,WHTX1,HI,2Day,UPS,Delivered,34,9.88,45.35,0,21.48,1563.38
7003840,11/18/2024,15978,3249,301,WHCA1,NY,Ground,UPS,Delivered,197,4.51,40.22,0.1,14.02,7145.03
7003841,6/24/2024,19781,1945,473,WHPA1,DC,Ground,FedEx,Delivered,60,14.92,77.19,0.1,26.8,4195.06
7003842,2/8/2023,16985,4881,691,WHNJ1,CA,Ground,FedEx,InTransit,3,8.63,37.64,0,28.81,141.73
7003843,4/19/2024,18891,3051,566,WHNJ1,OK,Ground,UPS,Delivered,9,1.89,84.67,0.1,33.68,719.51
7003844,1/30/2024,14972,4286,596,WHCA1,IA,Ground,FedEx,Delivered,10,15.95,28.43,0,12.45,296.75
7003845,7/9/2023,15782,3856,556,WHIL1,CT,Overnight,UPS,Delivered,7,20.1,25.15,0,13.4,189.45
7003846,11/3/2024,10945,2331,695,WHWA1,CA,Ground,FedEx,Delivered,32,22.34,60.82,0,44.69,1990.93
7003847,8/21/2025,19115,3004,474,WHCA1,NJ,Ground,UPS,Delivered,40,4.65,64.59,0,39.93,2623.53
7003848,7/30/2024,17079,4616,345,WHCA1,IA,Ground,FedEx,Delivered,13,3.17,73.77,0.15,32.37,847.53
7003849,12/4/2024,11747,2788,643,WHTX1,NJ,Ground,FedEx,Delivered,56,7.82,169.03,0.15,4.61,8050.44
7003850,3/22/2023,15784,3247,441,WHCA1,IN,Overnight,USPS,Delivered,46,13.64,147.05,0,16.4,6780.7
7003851,2/11/2024,19752,4673,327,WHFL1,MS,Ground,USPS,Delivered,88,5.68,82.31,0,37.5,7280.78
7003852,5/17/2023,16908,3156,533,WHWA1,MS,Ground,FedEx,InTransit,23,3.85,105.73,0,33.67,2465.46
7003853,9/15/2024,19276,4480,509,WHIL1,OH,Ground,USPS,Delivered,155,15.45,72.08,0,20.77,11193.17
7003854,7/22/2025,18626,4021,350,WHNJ1,CA,Ground,UPS,Cancelled,68,8.13,137,0,19.84,9335.84
7003855,11/6/2024,12927,1052,361,WHGA1,ID,Ground,UPS,Cancelled,86,14.53,77.41,0,8.37,6665.63
7003856,4/1/2023,11090,3160,543,WHWA1,MD,Ground,USPS,InTransit,5,10.1,40.76,0,6.93,210.73
7003857,12/16/2023,12958,5391,569,WHWA1,VA,Ground,USPS,Delivered,75,9.05,35.43,0.05,9.13,2533.52
7003858,7/16/2024,12613,4652,440,WHPA1,CA,Ground,FedEx,Delivered,46,9.62,134.29,0.05,8.72,5877.19
7003859,1/25/2024,16048,4916,457,WHCA1,OK,Ground,UPS,Delivered,159,8.06,52.78,0,14.45,8406.47
7003860,3/21/2025,16250,3113,385,WHPA1,MA,Overnight,USPS,Cancelled,146,7.59,229.55,0.1,35.06,30197.93
7003861,2/27/2025,13760,3622,384,WHCA1,WV,Ground,UPS,Delivered,88,5.16,27.69,0,5.41,2442.13
7003862,9/14/2024,17719,5561,576,WHFL1,RI,Ground,UPS,Delivered,115,13.36,144.08,0,5.69,16574.89
7003863,12/27/2023,14264,5730,331,WHPA1,AZ,Ground,FedEx,Cancelled,90,21.14,44.51,0,17.15,4023.05
7003864,10/16/2023,11903,2355,308,WHTX1,NH,Ground,UPS,InTransit,2,7.41,79.79,0.05,45.6,197.2
7003865,5/5/2023,12568,4755,580,WHTX1,MO,Ground,UPS,Delivered,101,30.64,24.12,0,9.23,2445.35
7003866,12/17/2023,18076,1210,503,WHPA1,NE,Ground,USPS,Delivered,21,12.54,16.57,0,16.02,363.99
7003867,2/5/2024,12995,1238,333,WHCA1,OK,Ground,UPS,Delivered,97,11.68,169.07,0,25.93,16425.72
7003868,11/13/2024,15230,1336,598,WHFL1,MI,Ground,USPS,Delivered,2,14.81,44.14,0,14.68,102.96
7003869,11/4/2024,12011,4839,443,WHFL1,PA,Ground,DHL,Cancelled,38,17.95,119.59,0.15,22.82,3885.58
7003870,3/24/2023,17378,2577,695,WHCA1,OH,Ground,USPS,Pending,68,7.61,37.9,0,30.63,2607.83
7003871,1/15/2024,10831,1500,650,WHIL1,AL,Ground,DHL,Delivered,41,13.95,119.71,0.05,30.88,4693.58
7003872,8/2/2023,10049,2565,337,WHNJ1,AZ,Ground,FedEx,Delivered,99,18.74,44.45,0.15,7.35,3747.82
7003873,7/4/2023,14211,1791,447,WHWA1,MS,2Day,FedEx,Delivered,69,7.96,25.71,0,17.49,1791.48
7003874,3/13/2025,11179,4541,528,WHWA1,DE,Ground,USPS,Delivered,174,10.03,94.34,0.15,6.95,13959.84
7003875,2/19/2023,15769,4123,334,WHNJ1,WV,Ground,FedEx,Delivered,44,6.31,116.23,0,26.71,5140.83
7003876,2/13/2024,17879,2136,537,WHFL1,RI,Ground,UPS,Delivered,105,7.44,93.94,0.1,46.7,8924.03
7003877,7/18/2023,10071,4945,512,WHGA1,LA,Ground,FedEx,Cancelled,131,8.11,54.22,0,16.98,7119.8
7003878,5/14/2025,17687,3349,609,WHNJ1,SD,Ground,FedEx,Cancelled,31,5.81,17.64,0,29.54,576.38
7003879,7/24/2024,17880,5325,440,WHGA1,AZ,Ground,FedEx,Delivered,112,9.63,28.39,0,19.36,3199.04
7003880,9/18/2023,15456,1150,490,WHTX1,LA,Ground,FedEx,Delivered,49,12.2,36.71,0.05,18.41,1727.26
7003881,5/21/2024,18259,4207,396,WHWA1,KS,Ground,FedEx,Delivered,15,12.93,50.08,0,3.92,755.12
7003882,12/13/2024,15613,4529,494,WHGA1,NY,Overnight,FedEx,Delivered,1,6.16,132.41,0.1,42.61,161.78
7003883,8/11/2025,15770,2625,661,WHGA1,AL,Ground,FedEx,Delivered,109,6.95,55.27,0,26.38,6050.81
7003884,9/5/2023,11778,3575,604,WHNJ1,MT,Ground,UPS,Delivered,22,16.66,13.73,0,17.96,320.02
7003885,5/22/2025,17381,5429,596,WHFL1,WV,Ground,FedEx,Delivered,6,6.94,9.78,0,22.89,81.57
7003886,7/17/2025,12229,5270,452,WHCA1,ID,Ground,UPS,Delivered,65,16.4,36.89,0.05,15.78,2293.74
7003887,6/26/2025,19982,4285,523,WHFL1,PA,Ground,DHL,InTransit,43,6.44,41.89,0.15,11.86,1542.94
7003888,10/11/2024,18805,3109,496,WHTX1,MA,Ground,USPS,Cancelled,99,12.54,76.96,0.15,38.39,6514.57
7003889,10/5/2024,19815,4948,388,WHIL1,SD,Ground,FedEx,Delivered,13,15.71,21.71,0,12.21,294.44
7003890,1/25/2024,18889,5915,599,WHGA1,IL,Ground,DHL,Delivered,16,2.04,22.79,0,24.44,389.08
7003891,12/24/2024,16747,3264,317,WHGA1,ID,2Day,FedEx,Delivered,51,16.84,82.42,0.05,5.99,3999.24
7003892,6/24/2024,16392,2613,511,WHPA1,IL,Overnight,UPS,Delivered,68,21.87,152.67,0.05,20.47,9882.95
7003893,11/14/2024,19430,4816,532,WHGA1,LA,Ground,FedEx,Delivered,128,8.31,15.18,0,59.96,2003
7003894,2/23/2024,12407,5720,658,WHFL1,ME,2Day,UPS,Delivered,79,12.31,35.03,0.1,7.31,2497.94
7003895,12/13/2024,18441,1578,483,WHCA1,ME,2Day,UPS,Delivered,151,6.04,130.61,0,13.35,19735.46
7003896,3/10/2025,10638,1423,462,WHIL1,DC,Overnight,FedEx,Delivered,26,12.44,115.3,0.05,22.7,2870.61
7003897,6/22/2023,18091,3764,667,WHFL1,CO,Ground,FedEx,Delivered,81,43.78,31.39,0,16.46,2559.05
7003898,3/20/2025,10950,2230,370,WHPA1,WV,2Day,FedEx,Delivered,92,2.68,135.13,0,6.4,12438.36
7003899,7/4/2024,13588,4177,360,WHFL1,CT,Ground,FedEx,Delivered,106,7.41,61.92,0,27.84,6591.36
7003900,4/3/2025,11112,1754,479,WHNJ1,CT,Ground,UPS,Delivered,191,16.13,95.24,0.2,85.91,14638.58
7003901,2/27/2024,18368,5843,377,WHTX1,NV,Ground,FedEx,Delivered,60,21.32,36.65,0,7.36,2206.36
7003902,12/29/2023,10723,1688,335,WHCA1,NV,2Day,UPS,Delivered,46,4.36,73.63,0.2,37.9,2747.48
7003903,6/25/2025,13843,1723,316,WHIL1,ME,Ground,UPS,Delivered,136,6.82,26.53,0,31.78,3639.86
7003904,10/11/2023,13675,1747,594,WHTX1,KS,2Day,FedEx,Cancelled,21,7.06,40.9,0.1,3.25,776.26
7003905,4/2/2025,14867,5338,471,WHNJ1,KY,Ground,UPS,InTransit,5,6.76,48.74,0.05,23.66,255.18
7003906,4/29/2024,10703,3713,332,WHTX1,MI,Ground,UPS,Delivered,57,9.33,66.18,0.1,40.56,3435.59
7003907,6/3/2024,12129,1708,563,WHPA1,ME,Ground,UPS,Delivered,30,4.24,323.41,0.05,5.27,9222.46
7003908,11/22/2023,19119,1435,515,WHGA1,WV,2Day,FedEx,Delivered,50,8.58,360.05,0.05,10.13,17112.5
7003909,8/8/2024,14234,5877,346,WHGA1,NH,Overnight,USPS,InTransit,189,5.7,45.73,0.05,24.4,8235.22
7003910,12/1/2023,12518,1484,489,WHCA1,WV,2Day,DHL,InTransit,43,9.6,169.03,0.25,18.15,5469.37
7003911,2/16/2023,11150,4519,574,WHTX1,ME,Ground,FedEx,Delivered,102,6.55,27.6,0,36.16,2851.36
7003912,11/2/2023,11879,2534,371,WHFL1,WA,Ground,UPS,Delivered,30,9.04,79.35,0,7.72,2388.22
7003913,1/8/2023,19446,1170,596,WHGA1,OH,Ground,UPS,InTransit,37,5.37,37.13,0.05,16.14,1321.26
7003914,8/28/2025,19676,2021,388,WHCA1,WA,Ground,UPS,Delivered,29,17.71,43.76,0,34.39,1303.43
7003915,8/17/2025,10310,5965,634,WHCA1,MO,Ground,FedEx,Delivered,77,8.23,386.4,0.05,15.62,28280.78
7003916,1/15/2024,13953,1848,561,WHPA1,WV,Ground,FedEx,Delivered,27,10.08,45.76,0,19.9,1255.42
7003917,12/11/2024,17729,1696,482,WHCA1,MD,Ground,FedEx,Delivered,104,9.16,38.07,0,3.58,3962.86
7003918,12/12/2023,13050,4347,642,WHNJ1,OR,2Day,UPS,Delivered,96,10.04,29.79,0.1,5.17,2579.03
7003919,11/11/2024,15767,5014,322,WHFL1,ME,Ground,UPS,Delivered,53,10.01,35.02,0,26.82,1882.88
7003920,2/16/2025,19757,1032,374,WHGA1,TN,2Day,UPS,Delivered,3,16.21,22.18,0,32.28,98.82
7003921,8/1/2025,19693,1177,390,WHGA1,IL,Ground,FedEx,Delivered,3,8.42,70.13,0,27.61,238
7003922,1/21/2024,16413,3965,635,WHIL1,WA,Ground,UPS,Delivered,70,6.49,69.25,0,33.51,4881.01
7003923,1/21/2025,14866,3113,466,WHNJ1,ID,Ground,FedEx,Cancelled,132,10.25,76,0.15,19.2,8546.4
7003924,10/28/2023,10016,4887,534,WHGA1,WI,Ground,UPS,Pending,82,6.92,59.52,0.05,44.62,4681.23
7003925,9/9/2025,10606,2503,675,WHPA1,IA,Ground,FedEx,Delivered,56,9.56,40.33,0.1,10.11,2042.74
7003926,1/31/2023,19574,3316,429,WHGA1,AR,Ground,UPS,InTransit,145,5.32,37.88,0.05,1.98,5219.95
7003927,9/4/2024,14909,3645,634,WHIL1,IA,2Day,UPS,Pending,24,18.77,67.06,0.25,13.35,1220.43
7003928,11/5/2024,18007,1066,592,WHWA1,KY,2Day,UPS,Pending,45,6.26,57.87,0,44.49,2648.64
7003929,11/20/2024,19087,5229,395,WHTX1,NE,Ground,UPS,Pending,76,20.54,38.45,0,22.19,2944.39
7003930,5/22/2023,19760,2929,328,WHTX1,HI,Ground,UPS,InTransit,36,9.64,49.09,0,12.44,1779.68
7003931,7/22/2025,16413,1585,654,WHNJ1,MN,Overnight,USPS,Delivered,198,16.71,176.26,0.05,20.48,33174.99
7003932,8/1/2023,18606,2749,335,WHCA1,IA,2Day,UPS,Delivered,58,6.31,238.28,0,25.03,13845.27
7003933,9/27/2024,14121,3205,531,WHIL1,NM,Ground,UPS,Delivered,6,3.07,51.43,0,14.08,322.66
7003934,9/7/2023,18508,4631,618,WHWA1,MT,2Day,FedEx,Delivered,21,3.72,35.9,0,26.89,780.79
7003935,11/21/2023,14667,2893,643,WHIL1,CT,Ground,FedEx,Cancelled,70,44.9,58.22,0,47.99,4123.39
7003936,7/11/2024,14821,3430,664,WHWA1,IL,Ground,UPS,Delivered,73,6.99,132.88,0,45.48,9745.72
7003937,2/10/2024,17836,4094,425,WHWA1,IL,Ground,FedEx,Cancelled,188,19.3,58.19,0.15,34.97,9333.73
7003938,7/8/2023,11850,1974,379,WHGA1,MD,Ground,FedEx,InTransit,82,4.59,76.93,0,54.04,6362.3
7003939,7/21/2023,11954,5025,681,WHPA1,ND,Ground,UPS,Delivered,94,11.13,37.87,0,6.36,3566.14
7003940,2/11/2024,18581,3643,361,WHGA1,GA,Ground,FedEx,Delivered,26,12.32,26.51,0,24.24,713.5
7003941,12/27/2024,12770,2443,517,WHPA1,WY,2Day,UPS,Delivered,13,54.84,102.25,0,10.57,1339.82
7003942,6/5/2025,13047,5330,582,WHIL1,OR,Ground,UPS,Delivered,82,8.26,68.77,0.05,15.58,5372.76
7003943,4/10/2023,17595,2478,463,WHCA1,DC,Ground,DHL,InTransit,139,6.53,94.96,0,54.45,13253.89
7003944,1/13/2024,16841,1771,357,WHTX1,NE,Ground,UPS,Cancelled,80,12.34,18.12,0,35.79,1485.39
7003945,4/28/2023,15067,1306,491,WHNJ1,ND,Ground,UPS,Delivered,57,5.74,216.41,0.05,6.94,11725.54
7003946,1/20/2023,12416,1002,432,WHFL1,OK,Ground,DHL,Delivered,78,12.79,71.59,0,52.66,5636.68
7003947,11/6/2024,12390,1271,342,WHPA1,KS,2Day,FedEx,Delivered,60,9.68,16.93,0,31.83,1047.63
7003948,9/3/2024,15925,5517,473,WHTX1,MA,2Day,FedEx,Delivered,17,6.36,119.72,0,38.97,2074.21
7003949,7/11/2023,18496,4215,467,WHNJ1,KS,Ground,FedEx,InTransit,109,13.45,46.2,0,17.15,5052.95
7003950,9/20/2023,10764,1864,550,WHCA1,KY,Ground,FedEx,Delivered,71,10.67,61.3,0,25.33,4377.63
7003951,1/28/2023,17542,3740,493,WHIL1,IA,2Day,FedEx,Delivered,50,15.78,42.95,0,6.32,2153.82
7003952,3/22/2025,10816,3915,578,WHCA1,IL,Ground,UPS,Delivered,75,26.95,56.03,0,14.85,4217.1
7003953,8/25/2025,16256,1107,695,WHPA1,NC,Ground,UPS,Delivered,29,7.4,58.04,0,43.67,1726.83
7003954,6/9/2023,10878,4169,538,WHIL1,CA,Ground,UPS,Delivered,54,7.81,18.64,0,12.29,1018.85
7003955,9/18/2023,17174,5645,530,WHWA1,NE,Overnight,UPS,Delivered,86,4.46,109.99,0,10.92,9470.06
7003956,5/1/2025,17074,3600,465,WHGA1,AL,Ground,UPS,Delivered,27,13.67,64.93,0,25.98,1779.09
7003957,7/8/2025,14799,3236,543,WHWA1,UT,2Day,FedEx,Delivered,111,6.79,82,0,20.01,9122.01
7003958,2/13/2024,16990,3800,390,WHNJ1,NJ,Ground,UPS,Delivered,69,12.3,106.22,0.1,13.87,6610.13
7003959,3/1/2023,15040,2512,479,WHGA1,MN,Ground,UPS,Delivered,138,20.12,65.3,0,12.68,9024.08
7003960,2/16/2023,19772,1019,358,WHIL1,IA,Ground,FedEx,Cancelled,134,6.63,75.65,0.05,16.42,9646.67
7003961,8/9/2024,16325,1859,563,WHFL1,OK,Ground,FedEx,Delivered,64,7.52,21.44,0,2,1374.16
7003962,1/12/2024,19396,2417,436,WHNJ1,ME,Ground,USPS,Delivered,23,18.38,33.55,0,8.81,780.46
7003963,2/3/2023,12824,4033,538,WHNJ1,NJ,Ground,FedEx,Delivered,108,15.29,63.68,0.05,32.6,6566.17
7003964,8/17/2024,15288,5506,607,WHGA1,KS,Ground,DHL,InTransit,53,14.35,68.33,0,24.68,3646.17
7003965,1/14/2023,13286,2427,543,WHNJ1,LA,Ground,FedEx,Delivered,81,7.91,79.43,0,19.19,6453.02
7003966,1/25/2025,17434,3532,451,WHIL1,MT,2Day,FedEx,Delivered,13,4.22,160.55,0.1,7.82,1886.26
7003967,11/21/2023,16175,5720,646,WHWA1,KY,Ground,USPS,Delivered,87,6.52,56.17,0.1,21.56,4419.67
7003968,2/17/2023,14827,5752,664,WHFL1,HI,Overnight,USPS,InTransit,47,5.46,77.35,0,23.79,3659.24
7003969,8/21/2024,13665,5864,547,WHPA1,VT,2Day,FedEx,Delivered,41,14.18,62.53,0.15,12.69,2191.86
7003970,1/18/2024,10498,5039,519,WHPA1,NH,Ground,FedEx,Pending,185,11.86,50.38,0.05,3.76,8858.04
7003971,8/24/2025,17642,5114,309,WHIL1,FL,Ground,UPS,Delivered,55,6.98,51.77,0,22.96,2870.31
7003972,7/9/2024,14644,3232,594,WHGA1,WI,2Day,USPS,Delivered,96,7.74,34.65,0,10.99,3337.39
7003973,11/4/2023,15057,3453,667,WHCA1,KY,Ground,FedEx,Delivered,87,13.3,55.28,0.05,18.34,4587.23
7003974,12/1/2024,10132,3847,313,WHIL1,NE,Ground,USPS,Delivered,12,8.26,51.48,0,13.66,631.42
7003975,11/2/2023,15444,4203,563,WHPA1,OR,2Day,UPS,Delivered,110,7.06,53.96,0.1,5,5347.04
7003976,6/12/2025,10858,2817,695,WHIL1,MI,Ground,UPS,Delivered,40,32.78,17.73,0,3.98,713.18
7003977,12/27/2023,18713,2781,525,WHNJ1,DE,2Day,UPS,Delivered,122,7.19,55.99,0,28.85,6859.63
7003978,7/15/2024,18222,5104,531,WHNJ1,AZ,Ground,USPS,Delivered,83,14.94,32.47,0.05,19.52,2579.78
7003979,3/1/2023,16148,1705,478,WHIL1,PA,Ground,USPS,Delivered,39,12.66,57.46,0.05,39.62,2168.51
7003980,2/21/2024,14605,2342,547,WHGA1,OH,2Day,UPS,Delivered,44,4.01,27.88,0.1,37.54,1141.59
7003981,3/19/2025,19453,4463,367,WHCA1,NY,Ground,FedEx,Delivered,107,6.65,62.13,0,7.19,6655.1
7003982,2/16/2025,11559,4591,597,WHNJ1,DE,Overnight,UPS,Delivered,73,16.35,48.74,0.05,10.06,3390.18
7003983,9/9/2023,10016,2160,457,WHPA1,UT,Overnight,UPS,Delivered,94,9.24,38.7,0,16.57,3654.37
7003984,9/11/2023,13606,5627,465,WHFL1,NE,Ground,FedEx,Delivered,19,4.15,73.47,0.1,3.08,1259.42
7003985,3/2/2025,11608,4723,484,WHNJ1,NY,Ground,FedEx,Delivered,119,12.67,78.04,0.05,10.99,8833.41
7003986,7/13/2025,15936,4439,508,WHPA1,OK,Ground,USPS,Delivered,39,7.05,57.96,0,50.12,2310.56
7003987,4/23/2023,12017,4561,316,WHWA1,ND,Ground,UPS,Delivered,85,12.99,89.34,0,35.66,7629.56
7003988,3/20/2024,13575,4083,600,WHWA1,MO,2Day,FedEx,Delivered,14,50.16,44.93,0.05,31.12,628.69
7003989,12/7/2023,17275,2716,606,WHFL1,NM,Ground,FedEx,Delivered,40,12.58,79.39,0,52.82,3228.42
7003990,5/4/2025,19936,3244,541,WHCA1,TN,Ground,UPS,Delivered,90,14.44,58.25,0.1,1.08,4719.33
7003991,4/9/2023,13792,2761,530,WHFL1,WA,Ground,DHL,Delivered,33,8.59,29.81,0,31.6,1015.33
7003992,8/27/2023,16407,5008,690,WHNJ1,IL,Ground,USPS,InTransit,144,5.11,34.24,0,31.66,4962.22
7003993,12/24/2024,11089,2797,318,WHFL1,IA,2Day,UPS,InTransit,93,18.48,135.66,0,21.13,12637.51
7003994,3/2/2023,11362,3676,447,WHGA1,DC,Ground,FedEx,Cancelled,141,6.95,180.87,0.1,5.22,22957.62
7003995,5/9/2024,14474,4237,544,WHPA1,WY,Ground,UPS,Delivered,50,8.72,98.85,0,68.7,5011.2
7003996,3/11/2024,15295,1044,351,WHNJ1,IL,Ground,FedEx,Delivered,4,29.33,39.89,0,37,196.56
7003997,12/6/2023,17107,1489,559,WHNJ1,NC,2Day,FedEx,Pending,78,8.17,163,0.05,50.2,12128.5
7003998,1/15/2024,17320,5277,538,WHIL1,NM,2Day,UPS,Delivered,42,20.73,92.12,0,29.06,3898.1
7003999,6/22/2024,18668,4149,546,WHWA1,MO,2Day,USPS,Delivered,57,12.62,75.89,0,8.79,4334.52
7004000,7/10/2023,19482,5724,645,WHGA1,WV,Ground,FedEx,Delivered,97,7.18,217.88,0.05,7.01,20084.65
7004001,8/8/2024,18521,1957,610,WHGA1,SC,Ground,DHL,Delivered,100,12.27,32.86,0,39.96,3325.96
7004002,2/16/2025,11187,3115,349,WHIL1,MN,Overnight,UPS,Delivered,4,6.51,103.07,0.1,9.74,380.79
7004003,12/28/2024,13415,2116,584,WHFL1,PA,Overnight,USPS,InTransit,115,17.21,33.92,0,20.37,3921.17
7004004,7/1/2023,15487,2782,338,WHPA1,AZ,Ground,FedEx,Cancelled,64,21.13,39.24,0,12.75,2524.11
7004005,6/25/2023,13537,3827,584,WHTX1,KS,Ground,UPS,Delivered,74,10.3,370.85,0,28.9,27471.8
7004006,10/31/2023,11774,1651,332,WHCA1,AK,Overnight,UPS,InTransit,36,22.38,85.29,0,17.72,3088.16
7004007,12/20/2023,15416,2877,543,WHWA1,MN,Ground,USPS,Delivered,53,11.01,218.94,0.05,68.16,11091.79
7004008,1/31/2024,12559,1341,341,WHGA1,ND,Ground,FedEx,Delivered,102,17.31,87.78,0.05,72.83,8578.71
7004009,11/15/2024,15908,3951,592,WHWA1,NJ,Ground,UPS,Delivered,117,58.75,79.52,0,25.44,9329.28
7004010,3/8/2023,15080,4376,403,WHTX1,WA,Overnight,USPS,Delivered,49,44.15,38.71,0,7.76,1904.55
7004011,2/10/2023,19455,3446,592,WHPA1,GA,Ground,UPS,Delivered,99,8.96,118.96,0.1,9.07,10608.41
7004012,1/11/2024,16725,3751,407,WHCA1,AL,2Day,FedEx,Delivered,31,11.93,61.07,0,10.23,1903.4
7004013,11/25/2024,15421,3145,546,WHGA1,MI,Ground,FedEx,Delivered,130,5.31,63.48,0.05,7.29,7847.07
7004014,8/12/2023,13292,2355,682,WHNJ1,WA,Ground,FedEx,Delivered,83,16.15,49.98,0,21.62,4169.96
7004015,10/19/2024,19211,4277,387,WHGA1,NC,Ground,UPS,Pending,116,12.63,55.91,0.05,6.28,6167.56
7004016,10/21/2023,19982,1449,366,WHCA1,MO,Overnight,FedEx,Delivered,62,6.29,61.06,0,16.73,3802.45
7004017,5/22/2025,13525,5173,438,WHFL1,MI,Ground,FedEx,Delivered,28,20.38,65.39,0,20.03,1850.95
7004018,6/2/2025,13505,5992,626,WHTX1,KS,Ground,FedEx,Delivered,55,8.53,57.91,0.15,16.25,2723.54
7004019,11/16/2023,18999,5645,500,WHWA1,NJ,Overnight,FedEx,Pending,48,7.32,20.18,0,77.79,1046.43
7004020,9/16/2023,15990,1798,635,WHFL1,LA,Ground,UPS,Delivered,41,12.71,87.68,0,20.3,3615.18
7004021,2/3/2024,12667,4497,393,WHNJ1,MS,2Day,USPS,Delivered,25,7.57,55.05,0,17.3,1393.55
7004022,9/28/2023,18597,5911,648,WHCA1,CA,Ground,UPS,Delivered,113,9.81,5.88,0,38.97,703.41
7004023,11/11/2024,17141,3183,578,WHPA1,OR,Ground,DHL,Delivered,10,28.51,19.74,0,22.79,220.19
7004024,3/12/2025,18786,4327,320,WHFL1,MN,Ground,UPS,Delivered,146,6.92,43.07,0,41.86,6330.08
7004025,11/12/2024,16896,1646,589,WHCA1,TN,Overnight,UPS,InTransit,21,15,146.84,0.1,13.78,2789.06
7004026,3/10/2025,14108,1720,691,WHGA1,NE,Ground,UPS,Delivered,185,7.05,91.81,0.1,28.96,15315.32
7004027,1/17/2024,13281,2523,390,WHWA1,ID,2Day,FedEx,Cancelled,191,5.58,37.09,0.1,23.46,6399.23
7004028,7/4/2023,12213,2070,350,WHPA1,GA,Ground,UPS,Delivered,50,9.52,52.5,0,13.99,2638.99
7004029,12/16/2024,18079,5744,310,WHIL1,ND,Ground,FedEx,Delivered,190,50.06,130,0,10.12,24710.12
7004030,12/20/2023,19735,5888,379,WHIL1,NC,Ground,USPS,Delivered,141,15.98,38.97,0.05,26.14,5246.17
7004031,11/11/2024,17602,5675,337,WHFL1,KS,2Day,UPS,Delivered,10,13.19,28.06,0,62.7,343.3
7004032,11/1/2023,10614,4076,359,WHNJ1,NH,Ground,UPS,Delivered,168,7.3,111.13,0.1,57.12,16859.98
7004033,4/6/2023,10869,4808,388,WHCA1,LA,Ground,USPS,Delivered,5,7.94,131.05,0,39.4,694.65
7004034,9/12/2025,10812,4362,404,WHTX1,NE,2Day,UPS,Cancelled,22,4.11,39.29,0.1,35.4,813.34
7004035,7/3/2023,14863,3157,619,WHNJ1,CT,Ground,UPS,Delivered,79,29.36,84.41,0.1,20.01,6021.56
7004036,9/7/2025,14178,5556,577,WHPA1,OK,Ground,UPS,Delivered,10,11.75,58.32,0,8.51,591.71
7004037,8/27/2025,11745,3314,404,WHFL1,NE,Ground,UPS,Delivered,19,11.15,39.68,0,4.09,758.01
7004038,2/2/2025,12257,4506,554,WHNJ1,GA,Ground,UPS,Delivered,171,11.3,135.97,0.15,26.48,19789.72
7004039,11/4/2024,17613,5140,530,WHFL1,GA,Ground,FedEx,Delivered,196,35.05,37.7,0,60.14,7449.34
7004040,8/13/2024,18714,1633,635,WHGA1,HI,2Day,FedEx,Delivered,122,11.97,101.85,0,22.16,12447.86
7004041,4/28/2025,17197,3200,337,WHPA1,NJ,Ground,FedEx,Delivered,68,8.91,62.93,0.15,40.79,3678.14
7004042,11/12/2023,15424,4064,601,WHWA1,AZ,Ground,UPS,InTransit,150,29.43,53.18,0.15,24.27,6804.72
7004043,4/10/2024,15090,3911,442,WHTX1,NH,2Day,FedEx,Delivered,13,9.25,40.68,0,20.44,549.28
7004044,9/23/2024,16609,1623,343,WHCA1,IN,Ground,UPS,Delivered,166,3.62,30.08,0,11.44,5004.72
7004045,2/3/2024,19718,1361,416,WHPA1,IL,Overnight,USPS,Delivered,44,4,50.37,0,11.8,2228.08
7004046,2/22/2024,11470,3368,641,WHCA1,ME,Ground,FedEx,Delivered,138,8.91,41.92,0,19.28,5804.24
7004047,12/4/2023,12676,1210,384,WHCA1,MO,Ground,UPS,Delivered,94,11.91,64.01,0,14.87,6031.81
7004048,8/1/2024,11514,4468,559,WHNJ1,GA,Ground,UPS,Delivered,174,16.37,25.95,0,36.51,4551.81
7004049,4/10/2025,14877,1931,660,WHGA1,IA,Ground,UPS,Delivered,139,5.76,53.96,0,39.48,7539.92
7004050,8/18/2023,11452,5585,387,WHNJ1,NV,Ground,UPS,Delivered,146,8.74,79.72,0,28.45,11667.57
7004051,7/18/2025,14655,4944,667,WHIL1,SC,Ground,FedEx,Cancelled,87,6.15,37.45,0,63.64,3321.79
7004052,11/20/2024,13008,5697,643,WHIL1,WI,Ground,UPS,Delivered,131,19.51,100.79,0.1,43.25,11926.39
7004053,3/9/2025,13125,5870,647,WHCA1,PA,Ground,DHL,Delivered,112,21.59,108.75,0.05,21.45,11592.45
7004054,7/23/2024,11754,1878,591,WHGA1,CT,Ground,UPS,Delivered,19,32.38,25.77,0.1,14.61,455.28
7004055,1/16/2025,11613,5796,396,WHPA1,IN,Ground,FedEx,Delivered,90,12.35,35.29,0.1,27.23,2885.72
7004056,1/19/2023,13276,3500,555,WHCA1,NJ,Ground,UPS,Delivered,18,30.62,23.48,0,51.62,474.26
7004057,3/3/2025,18748,3524,642,WHPA1,SC,Ground,UPS,Delivered,141,6.6,80.68,0,7.84,11383.72
7004058,2/17/2023,12050,5352,436,WHCA1,ID,Ground,DHL,InTransit,8,11.38,65.62,0.2,46.71,466.68
7004059,5/26/2025,10825,1392,548,WHWA1,NV,Ground,USPS,Delivered,190,5.29,19.56,0.1,10.07,3354.83
7004060,9/11/2025,13031,4903,672,WHNJ1,WY,Ground,FedEx,Delivered,50,14.11,38.01,0.1,14.71,1725.16
7004061,11/14/2023,11082,3322,392,WHWA1,IN,Ground,FedEx,Delivered,20,11.86,74.45,0.05,38.29,1452.84
7004062,8/26/2023,15300,5941,696,WHCA1,AL,Ground,DHL,Delivered,163,2.29,64.94,0,39.43,10624.65
7004063,12/31/2024,10493,4982,547,WHCA1,AR,Ground,FedEx,Delivered,6,19.46,139.97,0.15,18.32,732.17
7004064,10/13/2023,14765,1139,558,WHGA1,WI,2Day,UPS,Cancelled,61,16.71,26.79,0.1,23.95,1494.72
7004065,4/28/2025,17203,1103,487,WHGA1,LA,Ground,UPS,Delivered,115,7.16,59.63,0,60.18,6917.63
7004066,5/2/2023,18267,1484,424,WHFL1,DC,Ground,FedEx,Cancelled,39,11.84,29.76,0,58.64,1219.28
7004067,5/29/2023,13361,5320,560,WHPA1,OK,Ground,FedEx,Delivered,70,4.08,64.81,0,20.67,4557.37
7004068,8/28/2025,18563,5074,469,WHGA1,NY,Overnight,FedEx,Delivered,100,6.3,52.86,0,18.22,5304.22
7004069,11/12/2024,14683,2849,665,WHCA1,NV,2Day,UPS,Delivered,170,27.22,72.57,0,13.46,12350.36
7004070,4/6/2025,10329,2885,411,WHGA1,NV,Ground,USPS,Delivered,12,5,45.06,0,5.97,546.69
7004071,11/30/2023,19983,4206,590,WHGA1,PA,Ground,FedEx,Delivered,19,10.06,102.31,0,20.1,1963.99
7004072,11/13/2024,18969,3162,387,WHTX1,NY,2Day,FedEx,Cancelled,67,4.33,36.38,0,20.5,2457.96
7004073,8/26/2024,14675,2465,313,WHTX1,DE,Ground,UPS,Pending,53,12.25,29.48,0.1,15.07,1421.27
7004074,9/4/2024,14317,1644,563,WHIL1,MO,Ground,DHL,Delivered,52,14.02,70.25,0,17.34,3670.34
7004075,11/17/2024,19380,4437,588,WHNJ1,WA,Ground,FedEx,Delivered,36,15.44,219.65,0.15,6.06,6727.35
7004076,8/10/2024,19696,5554,323,WHFL1,MD,Ground,FedEx,Delivered,75,13.24,20.69,0,21.37,1573.12
7004077,2/24/2024,15804,1611,500,WHFL1,NC,Ground,USPS,InTransit,145,23.54,26.93,0.05,10.27,3719.88
7004078,11/4/2023,13326,5303,542,WHNJ1,NJ,Ground,USPS,Delivered,19,7.17,70.56,0.1,30.43,1237.01
7004079,1/3/2025,18380,2544,539,WHGA1,OR,2Day,UPS,Delivered,26,5.3,132.08,0.1,17.58,3108.25
7004080,9/12/2023,11215,4540,603,WHIL1,KS,Ground,USPS,Delivered,95,7.03,74.35,0.1,32.76,6389.68
7004081,11/22/2024,17557,2467,465,WHIL1,MO,2Day,FedEx,Delivered,7,4.46,39.2,0,89.74,364.14
7004082,9/20/2023,19302,1917,526,WHPA1,PA,Ground,UPS,Delivered,95,10.48,80.52,0.25,6.47,5743.52
7004083,9/30/2024,18723,2182,476,WHFL1,TN,Overnight,UPS,Delivered,39,9.2,86.12,0,7.43,3366.11
7004084,12/21/2024,19263,3147,329,WHTX1,GA,2Day,UPS,Delivered,44,13.32,37.27,0.15,40.81,1434.71
7004085,9/3/2023,13137,3273,465,WHIL1,CA,Ground,FedEx,Delivered,51,3.79,106.88,0,25.14,5476.02
7004086,3/12/2023,19155,1852,323,WHCA1,DE,Ground,FedEx,Delivered,43,9.92,58.57,0,30.8,2549.31
7004087,6/4/2023,16619,5537,594,WHPA1,NC,Ground,UPS,Delivered,133,20.72,17.63,0.1,2.87,2113.18
7004088,9/7/2024,15266,1720,683,WHFL1,OR,Ground,USPS,Delivered,168,14.1,54.6,0.1,10.14,8265.66
7004089,4/9/2025,17090,5681,344,WHGA1,AL,Ground,USPS,Delivered,73,3.21,40.29,0,34.16,2975.33
7004090,2/22/2023,17966,3015,561,WHCA1,NM,2Day,FedEx,Delivered,79,9.93,149.57,0.1,32.04,10666.47
7004091,12/14/2024,19598,4473,480,WHNJ1,CT,Ground,USPS,Delivered,8,6.44,23.67,0,3.72,193.08
7004092,12/9/2023,18709,4643,596,WHFL1,WA,Ground,USPS,Delivered,103,10.08,42.78,0,25.83,4432.17
7004093,4/22/2024,16570,4871,439,WHTX1,MN,Ground,UPS,Delivered,79,7.96,71.84,0.1,11.12,5118.94
7004094,7/11/2025,11492,1064,634,WHCA1,MS,Ground,FedEx,Delivered,6,28.39,326.25,0,13.01,1970.51
7004095,12/4/2023,15214,5864,548,WHGA1,IN,Ground,DHL,InTransit,24,10.53,235.75,0,15.73,5673.73
7004096,4/7/2024,14229,1560,541,WHWA1,MN,Overnight,UPS,Delivered,24,12.09,58.13,0.2,6.17,1122.27
7004097,1/17/2023,17509,2734,406,WHCA1,FL,Ground,DHL,Delivered,20,9.74,76.62,0,16.07,1548.47
7004098,4/6/2023,14410,1670,686,WHCA1,DE,Overnight,UPS,InTransit,92,13.29,91.44,0,40.07,8452.55
7004099,10/19/2023,10591,4895,473,WHIL1,DE,2Day,FedEx,Delivered,160,8.78,29.54,0,12.98,4739.38
7004100,2/2/2023,17380,2543,349,WHTX1,AZ,2Day,FedEx,Delivered,114,15.91,60.43,0.05,19.13,6563.7
7004101,10/7/2024,19736,2272,423,WHNJ1,NY,Ground,FedEx,Delivered,62,7.9,155.04,0.1,27.82,8679.05
7004102,2/21/2024,13057,3416,335,WHWA1,AR,Ground,FedEx,Pending,51,22.84,66.25,0.05,26.03,3235.84
7004103,7/13/2024,12207,3792,406,WHGA1,WI,Ground,FedEx,Delivered,48,13.47,234.91,0.05,12.97,10724.87
7004104,7/25/2023,12709,5714,628,WHPA1,PA,Ground,FedEx,Delivered,82,9.13,43.92,0,17.7,3619.14
7004105,11/15/2023,15982,4055,496,WHPA1,AK,Overnight,FedEx,Delivered,45,16.57,56.39,0,22.86,2560.41
7004106,11/7/2024,15723,3459,409,WHGA1,FL,Ground,FedEx,Delivered,27,13.44,56.7,0.05,15.67,1470.02
7004107,8/17/2025,10748,4066,425,WHNJ1,VA,Ground,FedEx,Delivered,82,16.43,24.13,0.05,19.5,1899.23
7004108,3/1/2023,18993,2164,627,WHGA1,AL,Ground,USPS,Delivered,49,10.53,130.13,0,79.74,6456.11
7004109,5/27/2025,16554,5560,595,WHIL1,WI,Ground,UPS,Delivered,2,8.65,47.5,0.2,38.79,114.79
7004110,8/12/2024,11498,3750,647,WHWA1,HI,Ground,FedEx,Delivered,3,10.85,71.88,0,56.05,271.69
7004111,8/1/2024,11380,2949,337,WHPA1,NH,Ground,UPS,Delivered,33,7.41,39.47,0,23.98,1326.49
7004112,5/18/2024,18872,1060,488,WHFL1,MT,2Day,FedEx,Delivered,67,18,200.73,0,26.81,13475.72
7004113,3/23/2023,17361,4103,637,WHPA1,NE,Ground,UPS,Delivered,44,24.15,142.2,0.05,11.93,5955.89
7004114,4/16/2023,13771,1333,688,WHFL1,PA,Ground,FedEx,Delivered,3,14.15,62.5,0,45.24,232.74
7004115,9/1/2024,13343,5172,323,WHCA1,NH,Ground,UPS,Delivered,27,23.42,25.47,0.25,3.25,519.02
7004116,12/9/2023,19089,1190,698,WHIL1,NC,Ground,UPS,Delivered,11,19.66,101,0.25,72.48,905.73
7004117,6/27/2025,11547,4561,561,WHPA1,NV,Ground,FedEx,Delivered,169,8.51,128.05,0,27.85,21668.3
7004118,1/29/2024,13127,1296,494,WHIL1,NM,Overnight,UPS,Delivered,38,16.51,31.35,0,12.65,1203.95
7004119,6/18/2023,15890,3549,666,WHWA1,ME,Ground,UPS,Delivered,2,4.63,54.27,0,33.99,142.53
7004120,12/4/2024,16209,1177,452,WHIL1,WV,Ground,UPS,Delivered,93,11.18,63.32,0,8.97,5897.73
7004121,11/14/2023,18876,1800,318,WHNJ1,MT,Overnight,USPS,Delivered,28,4.92,128.41,0,20.4,3615.88
7004122,6/17/2024,11296,1806,327,WHPA1,WY,2Day,UPS,InTransit,76,9.36,53.97,0.1,12.54,3704.09
7004123,11/25/2024,11386,2743,324,WHFL1,NH,Ground,USPS,Delivered,18,4.22,117.66,0,15.04,2132.92
7004124,6/7/2025,10943,1215,329,WHTX1,HI,Ground,FedEx,InTransit,188,19.28,34.93,0.25,20.76,4945.89
7004125,1/31/2025,13281,2880,439,WHWA1,SD,2Day,UPS,Delivered,179,7.89,28.66,0.15,45.9,4406.52
7004126,11/13/2024,11034,3701,446,WHFL1,NY,Ground,FedEx,Delivered,92,17.23,216.24,0,19.96,19914.04
7004127,11/15/2024,12787,1597,423,WHWA1,MA,Ground,DHL,Pending,102,9.56,23.94,0,6.81,2448.69
7004128,7/31/2025,12234,2718,428,WHWA1,PA,Ground,FedEx,Delivered,54,3.31,35.46,0,11.77,1926.61
7004129,11/15/2023,11621,2356,668,WHNJ1,ND,Ground,UPS,Pending,175,7.48,103.94,0,11.01,18200.51
7004130,1/2/2023,13536,5224,417,WHNJ1,SC,Ground,FedEx,Delivered,54,7.27,41.38,0.05,74.21,2197
7004131,11/2/2023,13206,2293,432,WHWA1,MI,Ground,FedEx,Delivered,29,9.91,40.62,0,10.96,1188.94
7004132,9/1/2023,12883,3599,589,WHIL1,WV,Ground,USPS,Delivered,14,24.71,52.25,0,24.54,756.04
7004133,11/6/2024,10171,4438,506,WHTX1,NE,2Day,USPS,Delivered,25,27.3,13.27,0,19.65,351.4
7004134,10/10/2024,18141,5715,536,WHNJ1,DE,Ground,UPS,Pending,77,8.7,131.47,0,14.93,10138.12
7004135,8/26/2024,19746,1142,342,WHTX1,SC,Ground,UPS,Delivered,30,4.69,67.86,0.05,9.59,1943.6
7004136,1/20/2023,13898,4217,460,WHPA1,VA,Ground,UPS,Delivered,91,6.4,34,0.05,7.61,2946.91
7004137,12/11/2024,19788,3840,552,WHIL1,NM,Ground,DHL,Pending,48,13.33,18.05,0,31.07,897.47
7004138,11/30/2023,19816,5341,479,WHNJ1,AL,Ground,FedEx,Cancelled,146,9.37,23.07,0,42.63,3410.85
7004139,11/7/2024,14123,4514,425,WHTX1,RI,2Day,USPS,Delivered,75,3.89,19.66,0.1,7.08,1334.13
7004140,7/23/2024,15110,3751,560,WHGA1,ND,Ground,UPS,Delivered,86,7.39,70.35,0.05,21.36,5768.95
7004141,12/10/2023,19284,2715,576,WHFL1,WA,Ground,FedEx,Delivered,74,21.97,70.84,0.05,18.34,4998.39
7004142,6/8/2023,12838,2136,513,WHNJ1,MS,2Day,UPS,Delivered,146,11.92,92.1,0.05,6.16,12780.43
7004143,4/22/2023,18600,4722,624,WHNJ1,NV,2Day,USPS,Cancelled,8,10.29,100.2,0,11.95,813.55
7004144,3/18/2025,15229,2910,490,WHNJ1,WY,Ground,FedEx,InTransit,8,7.92,93.14,0,36.15,781.27
7004145,6/29/2025,14170,3248,358,WHTX1,AR,Ground,USPS,Delivered,101,7.59,176.06,0,61.83,17843.89
7004146,10/29/2024,16722,5517,503,WHCA1,LA,Ground,UPS,Delivered,115,13.86,138.52,0.15,65.88,13606.21
7004147,5/2/2023,10680,5103,380,WHWA1,NH,Ground,FedEx,Delivered,55,10.89,117.36,0,17.31,6472.11
7004148,1/23/2024,17430,2549,528,WHPA1,MN,Ground,UPS,Delivered,44,15.88,70.82,0.1,25.52,2829.99
7004149,12/12/2024,15488,3640,690,WHFL1,OR,Ground,UPS,Delivered,34,13.88,99.37,0,18.27,3396.85
7004150,1/17/2025,10237,5767,395,WHNJ1,NE,Overnight,UPS,Delivered,28,10.12,45.01,0.05,40.36,1237.63
7004151,5/20/2023,16805,5512,304,WHGA1,KS,2Day,FedEx,Delivered,154,12.59,51.4,0,33.29,7948.89
7004152,1/1/2023,12424,3832,465,WHGA1,VT,Ground,UPS,Delivered,36,7.01,200.2,0,34.67,7241.87
7004153,12/3/2024,11033,2007,600,WHWA1,NE,Ground,UPS,Delivered,90,9.72,40.62,0,10.34,3666.14
7004154,12/18/2023,16340,4222,681,WHIL1,FL,2Day,FedEx,Delivered,119,22.36,38.58,0.05,16.73,4378.2
7004155,10/15/2023,12941,4063,342,WHCA1,CA,Ground,UPS,InTransit,3,10.06,46.57,0,36.81,176.52
7004156,1/16/2023,15410,5524,585,WHCA1,DE,Ground,UPS,Delivered,4,8.78,40.85,0,62.77,226.17
7004157,7/4/2024,13133,4053,529,WHTX1,LA,Ground,FedEx,Delivered,41,11.35,43.34,0,47.83,1824.77
7004158,4/10/2025,17081,5430,543,WHIL1,OH,Ground,UPS,Delivered,100,4.97,71.09,0,8.3,7117.3
7004159,8/10/2025,14943,3320,512,WHFL1,CO,Ground,UPS,InTransit,32,11.42,72.74,0,4.79,2332.47
7004160,8/2/2024,16962,4540,600,WHTX1,TX,Overnight,USPS,InTransit,1,27.67,113.53,0,39.21,152.74
7004161,6/4/2024,17731,3367,355,WHIL1,MN,Ground,UPS,Delivered,35,6.16,277.55,0,10.55,9724.8
7004162,4/11/2023,10634,1527,636,WHPA1,VA,Ground,FedEx,Delivered,11,11.74,46.36,0,77.02,586.98
7004163,7/14/2024,16823,3808,689,WHCA1,MT,Ground,UPS,Delivered,26,9.86,57.31,0,38.27,1528.33
7004164,12/30/2023,14104,2196,669,WHFL1,DC,2Day,DHL,Delivered,41,9.71,16.57,0,30.56,709.93
7004165,9/9/2024,19585,2754,473,WHPA1,RI,2Day,UPS,Delivered,15,9.61,24.28,0.05,16.22,362.21
7004166,1/8/2024,16488,2673,577,WHFL1,MS,Ground,USPS,Delivered,102,15.35,54.16,0,28.18,5552.5
7004167,9/28/2023,13447,3029,634,WHTX1,GA,2Day,FedEx,Delivered,31,5.17,83,0.2,10.69,2069.09
7004168,4/22/2023,15739,2655,529,WHIL1,IA,Ground,UPS,Delivered,93,15.12,84.63,0.05,23.45,7500.51
7004169,11/25/2023,13099,5550,330,WHCA1,PA,Ground,UPS,Delivered,82,10.42,92.42,0,42.76,7621.2
7004170,4/24/2023,18098,5842,323,WHCA1,MD,Ground,UPS,Delivered,150,3.47,144.69,0.15,15.94,18463.91
7004171,7/28/2023,15477,5042,305,WHWA1,NH,Ground,UPS,Delivered,10,12.56,198.01,0.1,19.61,1801.7
7004172,9/5/2025,18254,1848,363,WHFL1,CO,Ground,UPS,Delivered,26,10.71,50.6,0,3.4,1319
7004173,3/13/2024,15182,1868,521,WHFL1,WV,Ground,USPS,Pending,139,5.93,34.22,0,21.17,4777.75
7004174,6/24/2024,11818,1774,615,WHFL1,FL,Ground,UPS,Delivered,128,11.01,94.89,0,25.74,12171.66
7004175,5/7/2025,18825,1543,382,WHNJ1,DC,Ground,UPS,Delivered,23,4.54,115.36,0,35.87,2689.15
7004176,9/15/2025,14888,5418,542,WHWA1,WY,Ground,FedEx,Delivered,13,6.63,65.98,0.05,56.12,870.97
7004177,8/16/2024,12599,1786,553,WHTX1,CA,Ground,FedEx,Delivered,137,10.22,52.93,0,16.68,7268.09
7004178,2/24/2025,19493,4306,352,WHNJ1,WV,Ground,UPS,Delivered,21,3.64,42.16,0.1,6.38,803.2
7004179,12/1/2023,12654,5636,621,WHWA1,RI,Ground,FedEx,Delivered,141,5.01,58.25,0,18.17,8231.42
7004180,11/20/2023,11455,3884,339,WHFL1,ME,2Day,FedEx,Pending,175,5.48,97.26,0.1,37.01,15355.46
7004181,1/24/2024,11139,1449,559,WHFL1,CA,2Day,UPS,InTransit,26,10.49,37.58,0,0.6,977.68
7004182,11/11/2024,15808,4311,627,WHCA1,MD,Ground,UPS,InTransit,132,13.03,34.25,0.05,8.46,4303.41
7004183,11/17/2024,13193,5586,571,WHTX1,HI,Ground,UPS,Delivered,54,5.85,91.29,0.05,10.05,4693.23
7004184,11/25/2023,16117,2906,372,WHTX1,WY,Ground,UPS,Delivered,120,5.66,33.14,0.05,11.01,3788.97
7004185,6/6/2023,13760,5560,370,WHPA1,NE,Overnight,UPS,Delivered,51,10.86,66.7,0.1,12.68,3074.21
7004186,10/8/2024,13030,5410,520,WHGA1,NH,Ground,UPS,Delivered,8,10.69,64.27,0,13.07,527.23
7004187,6/1/2023,19553,4252,304,WHWA1,CT,2Day,FedEx,Delivered,103,6.57,60.02,0,28.65,6210.71
7004188,8/13/2024,15096,1385,650,WHIL1,WY,Ground,FedEx,InTransit,18,29.96,38.26,0,35.48,724.16
7004189,11/22/2024,10064,1295,590,WHGA1,AZ,Overnight,FedEx,Delivered,160,11.17,201.96,0.05,60,30757.92
7004190,11/26/2024,11346,2239,680,WHGA1,CA,Ground,FedEx,Delivered,53,9.03,79.3,0,30.14,4233.04
7004191,12/25/2024,10975,5858,690,WHFL1,IL,Overnight,USPS,Delivered,10,7.93,41.86,0,5.18,423.78
7004192,5/6/2025,14162,3817,592,WHCA1,KS,Ground,USPS,Delivered,27,18.32,75.64,0.1,17.66,1855.71
7004193,5/17/2024,15963,2099,655,WHPA1,ID,Overnight,USPS,Delivered,139,13.87,216.35,0,33.76,30106.41
7004194,12/12/2024,19815,2738,531,WHIL1,RI,Ground,UPS,Delivered,39,3.53,63.88,0,17.14,2508.46
7004195,9/23/2024,18650,3190,380,WHFL1,NE,Ground,UPS,Delivered,137,6.59,175.51,0.05,7.14,22849.77
7004196,8/6/2023,16597,3766,366,WHFL1,VT,2Day,FedEx,Delivered,20,7.65,26.87,0.2,43.9,473.82
7004197,1/31/2023,13331,2223,436,WHGA1,NC,2Day,UPS,Delivered,60,9.93,33.07,0,25.19,2009.39
7004198,11/9/2023,11741,4243,491,WHGA1,IA,Ground,UPS,Delivered,143,14.57,13.41,0.1,42.44,1768.31
7004199,3/12/2024,16056,4900,647,WHTX1,MA,Ground,UPS,Delivered,6,5.26,239.22,0,29.76,1465.08
7004200,9/20/2024,16322,5324,636,WHCA1,UT,2Day,DHL,Pending,37,9.53,18.23,0,30.73,705.24
7004201,4/9/2025,11955,1411,359,WHGA1,KY,Overnight,UPS,Delivered,154,27.72,67.78,0,19.49,10457.61
7004202,8/14/2023,10280,4000,566,WHIL1,OR,Ground,UPS,Cancelled,81,10.18,202.49,0.05,15.36,15596.97
7004203,5/28/2023,12392,3946,307,WHNJ1,WI,Ground,UPS,Delivered,104,6.59,118.41,0.15,9.85,10477.29
7004204,8/15/2025,19233,5787,668,WHFL1,IA,2Day,FedEx,Cancelled,133,4.49,78.08,0,28.47,10413.11
7004205,5/8/2023,16440,1878,502,WHNJ1,MD,Ground,UPS,Delivered,69,7.47,147.31,0.05,11.55,9667.72
7004206,4/22/2024,10962,1787,632,WHCA1,ME,2Day,UPS,Delivered,134,5.23,37.58,0,7.5,5043.22
7004207,8/19/2024,16828,3110,537,WHNJ1,AL,2Day,DHL,Delivered,89,7.89,86.2,0.15,5.77,6526.8
7004208,7/5/2024,11218,2987,568,WHTX1,AR,2Day,FedEx,Cancelled,97,13.84,55.45,0,31.41,5410.06
7004209,4/12/2023,18567,1879,379,WHTX1,AZ,Ground,FedEx,InTransit,18,10.22,54.66,0.05,6.11,940.8
7004210,3/9/2023,16008,2608,346,WHIL1,DE,Overnight,DHL,Delivered,165,7.5,68.56,0,33.1,11345.5
7004211,5/5/2023,14131,3404,543,WHPA1,SD,2Day,UPS,Delivered,121,3.41,136.6,0.2,36.99,13259.87
7004212,8/19/2024,11393,1071,588,WHCA1,UT,2Day,FedEx,Delivered,31,16.47,179.63,0,28.96,5597.49
7004213,7/9/2024,12077,3311,460,WHCA1,CA,Ground,UPS,Delivered,78,8.09,49.77,0,5.27,3887.33
7004214,9/20/2023,18967,5402,415,WHFL1,FL,Ground,FedEx,Delivered,47,10.67,28,0.05,34.5,1284.7
7004215,10/15/2024,14317,4296,414,WHNJ1,AL,Ground,UPS,Delivered,93,5.79,33.81,0.1,21.85,2851.75
7004216,3/5/2025,16197,1762,426,WHGA1,TX,Ground,UPS,Delivered,195,7.82,234.58,0.25,12.65,34319.98
7004217,2/18/2023,14590,5684,390,WHGA1,NJ,Ground,UPS,InTransit,6,7.06,169.17,0,10.32,1025.34
7004218,5/15/2024,18143,3122,361,WHPA1,CT,Ground,UPS,Delivered,171,4.49,27.95,0,17.98,4797.43
7004219,11/20/2024,16261,4583,617,WHFL1,MI,Ground,FedEx,Delivered,9,5.8,191.91,0.15,34.29,1502.4
7004220,10/12/2023,18472,5198,402,WHGA1,MD,2Day,FedEx,Delivered,59,9.91,36.46,0,22.9,2174.04
7004221,11/21/2023,17898,2630,414,WHPA1,NH,2Day,FedEx,Delivered,63,11.96,95.54,0.05,32.31,5750.38
7004222,9/16/2024,14842,5289,474,WHWA1,NE,2Day,UPS,Delivered,33,6.63,36.44,0,14.5,1217.02
7004223,6/5/2025,17162,2086,392,WHFL1,MO,Ground,UPS,Delivered,76,4.86,272.69,0.05,16.91,19705.13
7004224,2/21/2025,19667,3458,483,WHWA1,VA,Ground,FedEx,Pending,131,8.07,40.26,0,10.36,5284.42
7004225,8/17/2024,11060,5396,685,WHIL1,OH,Ground,FedEx,Delivered,36,15.96,28.77,0.05,13.75,997.68
7004226,12/12/2024,11923,4267,505,WHCA1,NE,Ground,UPS,Delivered,8,5.69,43.59,0.05,37.44,368.72
7004227,12/22/2023,16102,1454,663,WHNJ1,HI,Ground,FedEx,Delivered,87,10.08,377.34,0.05,14.55,31201.7
7004228,10/18/2024,14593,3622,495,WHIL1,KY,Ground,FedEx,Delivered,111,6.73,72,0.05,17.73,7610.13
7004229,4/8/2024,16350,1619,605,WHTX1,NM,Ground,UPS,Delivered,171,19.68,29.21,0,24.19,5019.1
7004230,8/9/2023,12474,1637,325,WHTX1,LA,Ground,UPS,Delivered,19,7.38,34.55,0.05,17.56,641.19
7004231,11/27/2024,18109,3349,534,WHTX1,ME,Ground,UPS,Delivered,151,14.88,17.65,0.1,58.54,2457.17
7004232,7/23/2024,18097,5875,316,WHPA1,WY,Ground,USPS,Delivered,63,18.39,87.57,0.1,14.18,4979.4
7004233,12/19/2023,16749,4037,441,WHPA1,PA,Ground,UPS,InTransit,28,25.22,25,0.1,11.11,641.11
7004234,6/20/2025,14550,3250,408,WHFL1,NH,Ground,UPS,Delivered,175,4.44,130.1,0,23.07,22790.57
7004235,1/25/2023,10595,3722,600,WHCA1,IA,Ground,USPS,Delivered,29,4.32,104.31,0.05,36.82,2910.56
7004236,11/26/2023,15453,3350,639,WHTX1,CT,Ground,UPS,Delivered,107,20.12,55.94,0.15,16.66,5104.4
7004237,3/8/2023,10507,5433,603,WHPA1,OR,Ground,FedEx,Delivered,119,18.24,142.54,0,19.35,16981.61
7004238,1/1/2025,14890,2995,680,WHFL1,OR,Overnight,UPS,Delivered,55,6.91,114.69,0.1,3.19,5680.34
7004239,11/27/2024,17638,3821,380,WHPA1,CT,Ground,DHL,Delivered,98,1.43,66.97,0,9.11,6572.17
7004240,12/4/2023,18213,2072,376,WHGA1,MI,Ground,USPS,Delivered,77,10.5,35.05,0,34.95,2733.8
7004241,11/13/2024,11400,3032,576,WHPA1,ID,2Day,FedEx,Delivered,23,4.02,80.14,0,5.76,1848.98
7004242,1/16/2024,13202,2250,568,WHTX1,DE,Ground,UPS,Delivered,113,6.09,79.82,0.1,2.58,8120.27
7004243,12/26/2024,17855,2296,412,WHIL1,LA,Ground,UPS,InTransit,160,11.15,84.64,0,25.69,13568.09
7004244,3/25/2024,16764,4557,616,WHTX1,NV,Ground,FedEx,Delivered,64,12.09,63.41,0,5.72,4063.96
7004245,2/4/2024,17963,1328,375,WHFL1,LA,Ground,UPS,Delivered,195,25.83,75.44,0,40.05,14750.85
7004246,7/18/2025,15191,1797,514,WHFL1,NM,Ground,FedEx,Delivered,54,8,74.13,0,37.95,4040.97
7004247,10/10/2023,15682,3862,666,WHFL1,KY,Ground,FedEx,Pending,62,5.57,155.68,0.05,18.31,9187.86
7004248,5/22/2023,13679,5761,334,WHGA1,MN,2Day,USPS,InTransit,95,17.34,24.59,0,11.89,2347.94
7004249,8/18/2024,10337,3794,441,WHTX1,HI,Ground,UPS,InTransit,22,12.54,29.76,0.15,38.65,595.16
7004250,8/20/2025,11668,4095,466,WHNJ1,IA,2Day,FedEx,Delivered,151,8.04,63.24,0,17.08,9566.32
7004251,12/29/2023,10910,3978,696,WHGA1,NJ,Overnight,FedEx,Delivered,122,10.19,35.25,0,52.12,4352.62
7004252,3/15/2023,18468,1963,531,WHCA1,NM,Overnight,FedEx,Delivered,142,7.97,69.54,0,4.4,9879.08
7004253,12/8/2023,19084,2269,592,WHTX1,CO,2Day,USPS,InTransit,83,15.15,27.53,0.2,9.89,1837.88
7004254,5/24/2024,18205,1373,328,WHPA1,ID,Ground,UPS,InTransit,145,27.53,30.74,0,6.89,4464.19
7004255,7/10/2023,15123,5381,595,WHIL1,MN,Ground,FedEx,Delivered,96,6.47,253.84,0,3.4,24372.04
7004256,11/4/2024,18154,3569,633,WHTX1,RI,Ground,USPS,Delivered,67,12.87,51.1,0.1,25.16,3106.49
7004257,9/18/2025,10974,5903,660,WHIL1,SC,2Day,UPS,Delivered,162,3.99,26.43,0,30.59,4312.25
7004258,3/22/2024,14271,5743,391,WHFL1,OK,Ground,UPS,Delivered,56,5.25,55.37,0,67.07,3167.79
7004259,12/16/2023,11409,4694,415,WHFL1,OH,Ground,UPS,InTransit,65,14.01,123.95,0,13.93,8070.68
7004260,1/22/2024,12289,2605,459,WHNJ1,AZ,2Day,FedEx,Delivered,20,9.59,139.52,0,14.5,2804.9
7004261,5/16/2023,18739,1096,558,WHCA1,TN,Ground,FedEx,Delivered,168,5.14,21.58,0,26.09,3651.53
7004262,5/19/2025,11219,5370,673,WHPA1,NV,Ground,UPS,Delivered,27,10.05,35.07,0,19.6,966.49
7004263,2/7/2024,11421,4942,638,WHGA1,IA,Ground,FedEx,Delivered,24,16.94,70.12,0.05,12.19,1610.93
7004264,1/6/2024,19647,2201,390,WHWA1,IL,Ground,USPS,Delivered,12,4.2,58.59,0.2,42.39,604.85
7004265,11/5/2024,13378,4945,545,WHWA1,ME,Ground,USPS,Pending,58,28.52,19.58,0.05,16.48,1095.34
7004266,3/11/2024,17502,5880,598,WHGA1,SC,Ground,FedEx,Cancelled,33,14.1,21.93,0,2.96,726.65
7004267,10/27/2024,14099,1132,331,WHCA1,LA,2Day,FedEx,Delivered,109,14.27,28.42,0,15.29,3113.07
7004268,3/14/2023,12739,4116,617,WHNJ1,NM,Ground,USPS,Delivered,38,9.99,17.37,0,33.65,693.71
7004269,2/26/2025,17620,2391,658,WHNJ1,OR,Ground,UPS,Delivered,105,28.53,43.53,0,35.39,4606.04
7004270,7/25/2025,11843,2150,612,WHFL1,MA,2Day,FedEx,Delivered,23,17.81,138.45,0,41.16,3225.51
7004271,10/28/2024,18939,4511,528,WHTX1,RI,Ground,FedEx,Pending,28,8.02,37.65,0.1,23.41,972.19
7004272,8/7/2025,12817,4648,639,WHNJ1,CA,Ground,UPS,Delivered,124,15.75,127.99,0.1,19.36,14303.04
7004273,6/28/2023,19064,1808,428,WHTX1,DC,Ground,UPS,Delivered,46,6.44,61.26,0.1,60.88,2597.04
7004274,4/21/2024,10495,5840,570,WHIL1,KY,Ground,UPS,Pending,13,8.45,52.77,0,23.48,709.49
7004275,9/2/2024,16561,1051,570,WHCA1,ME,Ground,UPS,Delivered,175,24.11,18.7,0,29.21,3301.71
7004276,8/16/2024,15511,4209,509,WHIL1,AR,Ground,FedEx,Delivered,21,12.62,136.08,0,43.52,2901.2
7004277,1/23/2024,13445,1056,478,WHWA1,MT,Ground,USPS,Delivered,18,14.87,65.09,0.1,6.97,1061.43
7004278,12/7/2023,19268,4665,606,WHIL1,MS,Ground,UPS,Cancelled,45,20.17,19.58,0.05,24.15,861.19
7004279,5/30/2023,17544,1744,491,WHIL1,RI,Ground,UPS,InTransit,11,13.89,78.39,0,13.19,875.48
7004280,1/11/2024,17563,5539,657,WHIL1,PA,2Day,FedEx,Pending,18,6.15,39.76,0,13.75,729.43
7004281,7/11/2023,13995,3877,368,WHGA1,VA,2Day,UPS,Cancelled,134,27.1,62.63,0,20.76,8413.18
7004282,12/14/2024,17254,1080,627,WHNJ1,ME,Ground,UPS,Delivered,20,13.63,70.98,0.2,10.56,1146.24
7004283,8/25/2023,10046,5473,567,WHCA1,NJ,Ground,UPS,Delivered,13,14.22,140.52,0,8.8,1835.56
7004284,3/10/2023,12058,4941,570,WHWA1,MT,Overnight,UPS,Delivered,144,10.34,27.26,0,11.42,3936.86
7004285,7/18/2024,10664,3967,662,WHWA1,HI,Ground,UPS,InTransit,57,19.47,89.54,0,13.4,5117.18
7004286,8/27/2024,14669,4729,660,WHCA1,RI,Overnight,UPS,Delivered,19,31.55,152.04,0,36.19,2924.95
7004287,5/5/2025,12030,5537,687,WHWA1,AZ,Ground,FedEx,Pending,79,7.98,350.26,0.3,29.66,19399.04
7004288,8/12/2024,15718,1126,428,WHWA1,MI,2Day,UPS,Delivered,5,18.95,125.09,0,43.9,669.35
7004289,12/12/2023,12697,1219,564,WHPA1,KY,Ground,UPS,InTransit,54,10.21,77.27,0,10.59,4183.17
7004290,2/13/2025,18832,1948,521,WHIL1,HI,Ground,USPS,Delivered,80,3.02,72.74,0,39.34,5858.54
7004291,7/4/2024,12664,5374,542,WHWA1,WA,Overnight,FedEx,Delivered,173,4.31,177.83,0,29.37,30793.96
7004292,4/4/2023,12746,1595,544,WHCA1,RI,Overnight,UPS,Delivered,40,12.9,49.1,0.05,21.2,1887
7004293,8/2/2024,15005,1141,693,WHFL1,WA,Ground,UPS,Delivered,114,18.33,104.74,0,9.04,11949.4
7004294,6/17/2025,16322,3894,319,WHTX1,NE,Overnight,FedEx,Delivered,16,14.41,278.72,0.05,34.58,4271.12
7004295,1/17/2024,15126,4056,696,WHCA1,WI,Ground,FedEx,Delivered,55,15.86,55.58,0.05,19.29,2923.34
7004296,11/15/2023,14949,2631,455,WHFL1,TX,Ground,UPS,Delivered,27,47.29,14.65,0,40.33,435.88
7004297,6/19/2023,14403,1877,529,WHIL1,NH,Ground,UPS,Delivered,64,13.73,32.84,0.05,7.8,2004.47
7004298,6/28/2023,13428,5206,668,WHCA1,ID,Ground,USPS,Delivered,53,8.53,73.68,0,44.73,3949.77
7004299,2/28/2024,15913,3661,358,WHNJ1,IL,2Day,FedEx,Delivered,185,9.27,33.4,0,38.68,6217.68
7004300,8/28/2024,10395,4391,581,WHIL1,HI,Ground,UPS,Pending,156,26.67,47.05,0,31.16,7370.96
7004301,4/5/2023,13598,5892,345,WHGA1,NM,Ground,UPS,InTransit,79,4.67,48.8,0,46.05,3901.25
7004302,7/24/2025,10330,3030,402,WHWA1,HI,Ground,UPS,Delivered,21,21.02,88.86,0,41.15,1907.21
7004303,12/26/2024,10773,5825,348,WHFL1,SD,Ground,UPS,InTransit,74,10.1,30.94,0,39.33,2328.89
7004304,8/20/2024,18136,3553,350,WHNJ1,TX,Ground,USPS,Cancelled,120,6.07,39.87,0.05,11.11,4556.29
7004305,3/15/2025,11646,4612,381,WHCA1,OK,Ground,UPS,Pending,5,4.19,160.66,0,17.58,820.88
7004306,4/5/2023,19925,2041,600,WHGA1,AK,2Day,DHL,InTransit,55,24.31,42.82,0.05,23.88,2261.22
7004307,4/20/2024,11788,1315,359,WHPA1,MN,Ground,UPS,Delivered,5,5.98,99.72,0.1,21.18,469.92
7004308,10/5/2024,19816,4460,461,WHWA1,OK,Ground,UPS,Delivered,29,10.38,60.59,0,24.24,1781.35
7004309,3/15/2025,11000,5173,403,WHNJ1,IN,Ground,UPS,Delivered,11,5.57,59.04,0,22.6,672.04
7004310,1/21/2025,11849,4026,634,WHPA1,OR,Ground,FedEx,Delivered,174,32.53,100.59,0,39.8,17542.46
7004311,11/5/2023,11562,3947,574,WHTX1,WI,Ground,FedEx,Delivered,20,10.61,16.29,0,13.96,339.76
7004312,7/25/2025,10774,4237,483,WHNJ1,NE,Ground,FedEx,Delivered,18,4.46,81.83,0.05,15.42,1414.71
7004313,5/27/2023,17312,4681,416,WHGA1,ID,Ground,FedEx,Delivered,180,7.73,88.35,0,8.16,15911.16
7004314,5/9/2025,15180,5808,662,WHPA1,NH,2Day,UPS,Delivered,68,23.07,108.66,0,44.43,7433.31
7004315,8/21/2025,11804,4107,567,WHTX1,CO,Ground,FedEx,Delivered,112,5.56,46.13,0.05,25.1,4933.33
7004316,7/28/2023,19291,2538,464,WHWA1,UT,2Day,UPS,Delivered,40,8.05,60.02,0.05,27.8,2308.56
7004317,12/8/2024,12051,4873,443,WHPA1,WA,Ground,FedEx,Pending,70,20.39,10.78,0,30.64,785.24
7004318,2/17/2023,19791,2868,618,WHCA1,MN,Ground,UPS,Delivered,1,12.28,37.54,0,41.35,78.89
7004319,1/27/2024,10748,5950,604,WHIL1,DC,Ground,UPS,Cancelled,52,4.81,67.85,0,3.55,3531.75
7004320,6/6/2024,18126,2162,394,WHWA1,GA,Ground,FedEx,Delivered,74,11.43,167.97,0,84.67,12514.45
7004321,8/15/2024,15861,4921,550,WHPA1,ND,Ground,UPS,Delivered,68,9.12,218.41,0,14.42,14866.3
7004322,7/19/2025,13974,4883,643,WHCA1,UT,Overnight,USPS,Delivered,51,10.32,47.21,0.05,22.68,2310
7004323,11/11/2024,19746,3757,606,WHIL1,ID,Ground,USPS,Delivered,119,17.65,110.63,0,77.71,13242.68
7004324,4/25/2024,11616,2913,616,WHIL1,NY,Ground,UPS,Delivered,66,11.55,54.13,0.05,7.69,3401.64
7004325,2/21/2025,13755,1265,540,WHGA1,MT,Ground,UPS,InTransit,88,9.46,19.36,0.05,27.57,1646.07
7004326,8/4/2025,15507,5429,359,WHFL1,CT,Ground,FedEx,Delivered,22,9.18,91.64,0,31.73,2047.81
7004327,1/26/2023,14222,5916,315,WHTX1,NY,Ground,USPS,Pending,138,19.08,216.21,0,29.81,29866.79
7004328,8/31/2025,15292,2303,585,WHFL1,NC,2Day,UPS,Delivered,45,6.49,45.94,0,22.99,2090.29
7004329,4/12/2023,15855,2195,503,WHWA1,LA,Ground,USPS,Delivered,63,2.72,31.79,0.15,13.78,1716.13
7004330,2/26/2025,10217,2527,537,WHTX1,OH,2Day,USPS,Delivered,44,8.74,62.9,0,52.88,2820.48
7004331,11/7/2023,11360,4605,596,WHNJ1,MD,Ground,FedEx,Delivered,148,12.55,55.06,0,20.51,8169.39
7004332,6/5/2023,13775,5395,587,WHCA1,NM,Ground,FedEx,Delivered,150,7.79,372.92,0,8.09,55946.09
7004333,3/8/2024,15418,3249,373,WHGA1,CA,Ground,UPS,Delivered,27,7.3,121.32,0.05,3.83,3115.69
7004334,10/22/2024,14928,2159,514,WHPA1,NY,Ground,FedEx,Pending,111,8.04,65.69,0.05,28.02,6955.03
7004335,12/30/2023,14430,5368,311,WHCA1,WA,Ground,UPS,Delivered,12,9.85,7.91,0.05,19.93,110.1
7004336,3/6/2023,14607,5631,637,WHPA1,TN,Ground,UPS,InTransit,4,4.59,54.27,0,31.6,248.68
7004337,8/31/2024,14479,4514,525,WHFL1,ME,Ground,FedEx,Delivered,131,14.87,219.4,0,9.03,28750.43
7004338,6/10/2025,11897,3079,618,WHWA1,AL,2Day,UPS,Delivered,16,2.02,63.46,0,21.26,1036.62
7004339,1/1/2024,17367,2145,503,WHPA1,CT,Ground,FedEx,Delivered,18,13.83,106.66,0.1,18.32,1746.21
7004340,8/31/2023,14428,1069,531,WHFL1,MI,2Day,USPS,Delivered,83,12.07,78.94,0.25,44.69,4958.7
7004341,3/11/2024,15362,4718,692,WHFL1,WY,Ground,UPS,Delivered,126,13.47,42.68,0,12.6,5390.28
7004342,2/27/2023,19092,4009,351,WHPA1,ND,2Day,UPS,Delivered,23,3.14,196.03,0,3.91,4512.6
7004343,3/5/2025,10642,1827,357,WHNJ1,DC,Ground,FedEx,Delivered,14,11.92,68.48,0,62.21,1020.93
7004344,3/12/2025,15347,2170,432,WHFL1,GA,Ground,UPS,Delivered,9,7.22,36.58,0,0.7,329.92
7004345,8/21/2024,14730,1984,580,WHNJ1,WA,Overnight,USPS,Delivered,3,26.15,60.91,0,24.53,207.26
7004346,12/15/2023,13628,5577,597,WHGA1,TN,Ground,UPS,Delivered,14,12.42,162.98,0.05,32.85,2200.48
7004347,2/9/2025,16595,4978,605,WHNJ1,MT,Ground,FedEx,InTransit,166,4.94,21.3,0,25.39,3561.19
7004348,7/21/2024,18388,4335,525,WHGA1,NY,Ground,UPS,Delivered,11,3.63,72.5,0.05,8.91,766.54
7004349,3/12/2025,13276,3341,474,WHNJ1,TN,Ground,UPS,Delivered,81,6.92,63.17,0,15.1,5131.87
7004350,10/7/2024,14051,3016,592,WHTX1,NE,Overnight,UPS,Delivered,158,16.27,20.41,0.1,18.46,2920.76
7004351,1/22/2025,14554,2453,566,WHGA1,ID,2Day,UPS,InTransit,87,19.97,102.63,0.1,20.22,8056.15
7004352,8/30/2024,14926,3134,547,WHTX1,SC,2Day,FedEx,Delivered,4,11.15,71.8,0.1,8.43,266.91
7004353,2/7/2024,12305,2040,378,WHFL1,MN,Overnight,FedEx,Delivered,81,10.49,110.98,0,32.97,9022.35
7004354,8/11/2025,13344,5724,435,WHTX1,IN,Ground,UPS,Delivered,151,8.19,133.09,0.1,20.48,18107.41
7004355,7/5/2024,12057,5214,440,WHWA1,ND,Ground,UPS,Pending,40,9.87,57.71,0.05,63.72,2256.7
7004356,9/6/2024,12809,4467,642,WHGA1,KY,2Day,FedEx,Delivered,38,20.74,40.67,0,14.88,1560.34
7004357,9/5/2023,17093,4027,553,WHCA1,CO,Ground,FedEx,Delivered,30,8.12,22.14,0,2.08,666.28
7004358,9/30/2024,19417,5258,476,WHFL1,NE,Ground,FedEx,Delivered,66,14.85,38.22,0.2,11.71,2029.73
7004359,8/7/2024,17227,3748,360,WHFL1,DE,Ground,UPS,Delivered,29,7.28,60.46,0.1,1.96,1579.97
7004360,8/4/2023,10887,5263,652,WHIL1,NC,Overnight,USPS,Delivered,105,18.37,30.56,0,46.31,3255.11
7004361,3/12/2023,18585,5396,554,WHWA1,OH,Ground,USPS,Pending,90,14.15,90.27,0,20.54,8144.84
7004362,9/5/2024,19868,4496,308,WHNJ1,WA,2Day,UPS,Delivered,51,17.92,31.88,0,17.94,1643.82
7004363,12/30/2024,17721,4856,691,WHPA1,KY,Ground,FedEx,Delivered,105,30.93,17.47,0,45.82,1880.17
7004364,6/14/2024,12447,1562,407,WHNJ1,MT,Ground,FedEx,Delivered,12,2.12,40.04,0.15,21.2,429.61
7004365,9/12/2023,13906,3204,471,WHPA1,CT,2Day,USPS,Delivered,111,15.72,68.26,0,31.91,7608.77
7004366,11/8/2024,16475,4420,358,WHCA1,VA,Overnight,FedEx,Delivered,82,13.25,24.85,0,30.14,2067.84
7004367,4/5/2023,13592,2145,637,WHIL1,MS,Ground,DHL,Delivered,87,13.08,32.22,0,33.18,2836.32
7004368,3/10/2024,12182,3700,642,WHCA1,MO,Ground,UPS,InTransit,8,11.55,38.6,0.15,63.02,325.5
7004369,7/12/2023,15012,2552,590,WHIL1,OH,Ground,UPS,Delivered,85,11.55,42.31,0.2,18.74,2895.82
7004370,8/4/2023,15031,5022,384,WHGA1,MT,2Day,FedEx,Delivered,64,12.24,73.91,0,62.65,4792.89
7004371,8/19/2023,10355,1561,417,WHGA1,WY,Ground,FedEx,Delivered,63,17.22,93.77,0.05,3.67,5615.8
7004372,1/5/2024,12632,2188,500,WHPA1,CA,Ground,FedEx,Pending,40,16.42,43.04,0.2,26.04,1403.32
7004373,3/2/2023,11522,4134,322,WHTX1,WA,Ground,USPS,InTransit,1,9.85,28.99,0,24.14,53.13
7004374,1/18/2024,12673,4412,519,WHTX1,PA,Ground,FedEx,Delivered,54,8.94,66.03,0,23.88,3589.5
7004375,5/31/2024,12338,2690,526,WHPA1,OH,Ground,FedEx,Delivered,51,10.12,86.21,0,23.16,4419.87
7004376,4/28/2024,16969,5408,571,WHWA1,NJ,2Day,FedEx,Delivered,54,7.81,185.67,0,33.73,10059.91
7004377,1/1/2024,10629,3424,689,WHGA1,WY,2Day,FedEx,Delivered,84,29.1,133.84,0,14.05,11256.61
7004378,3/27/2025,17163,2370,402,WHWA1,MO,Overnight,UPS,Delivered,37,4.67,24.86,0.05,11.09,884.92
7004379,6/21/2023,12680,1581,445,WHPA1,MS,Ground,FedEx,Delivered,33,15.68,54.36,0.2,14.75,1449.85
7004380,5/24/2024,15267,1977,447,WHTX1,NJ,2Day,UPS,InTransit,65,15.63,82.57,0,37.18,5404.23
7004381,3/15/2023,14423,5273,561,WHPA1,MD,2Day,UPS,Delivered,80,7.27,33.09,0,10.49,2657.69
7004382,3/25/2023,19631,5610,579,WHGA1,AZ,Ground,UPS,Delivered,76,11.94,46.94,0,38.7,3606.14
7004383,8/9/2024,17464,3357,639,WHCA1,NY,Ground,USPS,Delivered,144,21.34,96.17,0,34.53,13883.01
7004384,8/2/2024,19614,1119,314,WHNJ1,DE,Ground,UPS,Delivered,115,8.2,71.47,0,7.73,8226.78
7004385,5/12/2025,11127,2543,566,WHGA1,DC,Ground,UPS,Delivered,6,21.97,60.07,0,43.83,404.25
7004386,7/25/2024,11781,5863,587,WHPA1,WY,2Day,UPS,Delivered,76,19.56,37.97,0,25.18,2910.9
7004387,8/12/2025,19724,4044,441,WHGA1,WA,2Day,UPS,Delivered,53,6.53,21.81,0,63.51,1219.44
7004388,2/27/2023,19425,1973,683,WHGA1,MN,Ground,UPS,Cancelled,45,5.14,48.21,0,5.1,2174.55
7004389,4/26/2023,16572,1916,593,WHTX1,VA,Ground,UPS,Cancelled,173,11.04,56.29,0,33.15,9771.32
7004390,2/21/2023,18585,2438,694,WHPA1,KS,Ground,UPS,Delivered,59,4.75,21.47,0.05,32.57,1235.96
7004391,8/5/2023,10826,1587,331,WHTX1,OH,Overnight,USPS,Delivered,104,1.75,62.05,0,52.98,6506.18
7004392,7/5/2024,17277,1351,471,WHPA1,MO,Ground,FedEx,Delivered,178,7.46,78.95,0,19.58,14072.68
7004393,10/24/2024,12396,5592,655,WHTX1,IA,Ground,UPS,Delivered,18,36.86,36.96,0,43.54,708.82
7004394,2/23/2023,14146,3563,505,WHTX1,DC,Ground,FedEx,InTransit,7,7.65,79.58,0,80.16,637.22
7004395,7/31/2025,17060,2871,591,WHCA1,DE,Ground,FedEx,Delivered,38,12.56,72.77,0,11.46,2776.72
7004396,3/31/2025,15493,1273,411,WHGA1,ND,Ground,FedEx,Delivered,5,15.22,48.48,0,13.7,256.1
7004397,11/15/2023,17112,3928,368,WHWA1,MO,2Day,FedEx,Delivered,14,9.76,44.84,0,15.45,643.21
7004398,4/1/2023,19985,5359,483,WHCA1,WI,Ground,UPS,Delivered,193,8.19,47.55,0,18.85,9196
7004399,7/19/2023,16793,4440,673,WHWA1,UT,Ground,FedEx,Delivered,174,20.9,32.95,0.05,9.59,5456.22
7004400,5/30/2023,19556,4042,496,WHTX1,ME,Ground,UPS,Delivered,99,10.24,76.37,0.05,14.7,7197.3
7004401,5/26/2023,13552,4949,426,WHCA1,TX,Ground,UPS,InTransit,111,9.47,33.2,0,23.12,3708.32
7004402,6/8/2024,17712,2765,475,WHFL1,WY,Overnight,UPS,Delivered,17,16.14,34.73,0,48.25,638.66
7004403,10/4/2023,13629,5291,562,WHFL1,IL,Ground,FedEx,Delivered,81,5.39,84.98,0,24.93,6908.31
7004404,12/18/2023,11566,2771,675,WHGA1,VA,Ground,FedEx,Cancelled,18,4.69,50.65,0,7.78,919.48
7004405,9/8/2025,13668,2523,586,WHGA1,ID,Overnight,UPS,Delivered,47,3.77,62.65,0,55.35,2999.9
7004406,11/18/2024,16460,1832,455,WHTX1,IA,Ground,USPS,Pending,43,14.06,18.11,0,37.05,815.78
7004407,8/3/2025,14097,1562,369,WHGA1,MN,Ground,USPS,Delivered,84,9.06,41.6,0,44.31,3538.71
7004408,6/17/2023,11020,4541,408,WHCA1,SC,Ground,UPS,Pending,10,16.42,194.59,0.15,19.21,1673.22
7004409,12/31/2023,17929,5137,335,WHIL1,AK,Ground,UPS,Delivered,12,10.31,17.25,0,25.59,232.59
7004410,7/21/2024,19477,2480,659,WHGA1,SC,Ground,FedEx,Delivered,83,4.39,204.2,0,42.37,16990.97
7004411,4/1/2023,18255,5467,344,WHCA1,MN,Ground,UPS,InTransit,88,8.08,72.04,0.05,24.15,6046.69
7004412,1/5/2023,15966,2206,443,WHFL1,CA,2Day,FedEx,InTransit,42,17.13,41.32,0,33.93,1769.37
7004413,11/10/2024,12270,1657,511,WHFL1,ND,2Day,FedEx,Delivered,17,8.54,52,0.15,8.03,759.43
7004414,10/19/2024,18836,4941,585,WHCA1,GA,Ground,UPS,Delivered,146,20.38,141.98,0,9.38,20738.46
7004415,2/2/2024,14722,1590,306,WHWA1,NE,Ground,UPS,Pending,6,7.62,12.18,0.05,44.92,114.35
7004416,5/6/2024,18409,5327,518,WHFL1,TN,2Day,UPS,Delivered,104,15.4,161.6,0,68.06,16874.46
7004417,2/8/2024,10196,5905,327,WHCA1,AR,Ground,FedEx,Delivered,17,3.43,72.26,0.05,8.82,1175.82
7004418,1/29/2023,13274,2372,527,WHWA1,AR,Ground,UPS,Delivered,88,8.73,121.87,0,9.51,10734.07
7004419,12/6/2023,15111,5575,584,WHGA1,DE,Ground,FedEx,Delivered,93,7.93,17.65,0,27.04,1668.49
7004420,7/28/2023,17402,4752,689,WHIL1,CO,Ground,UPS,Delivered,123,4.32,51.17,0.15,27.01,5376.83
7004421,4/26/2023,13213,4760,356,WHTX1,MO,Ground,UPS,InTransit,50,19.49,11.76,0.05,29.22,587.82
7004422,8/9/2025,12756,3101,668,WHTX1,NE,Ground,FedEx,Delivered,3,6.81,138.75,0.15,14.1,367.91
7004423,8/30/2024,11522,2885,610,WHGA1,WA,Ground,FedEx,Cancelled,125,6.4,30.16,0,24.6,3794.6
7004424,12/11/2024,15675,1748,636,WHGA1,WY,2Day,FedEx,Delivered,57,21.83,29.85,0.05,40.56,1656.94
7004425,11/25/2023,11081,1464,405,WHFL1,SC,Ground,UPS,Delivered,134,11.02,15.49,0,22.35,2098.01
7004426,1/13/2024,15624,1754,318,WHNJ1,MD,Ground,UPS,Delivered,117,15.97,81.89,0,35.25,9616.38
7004427,9/24/2023,10722,1583,505,WHPA1,NE,Ground,USPS,Delivered,65,3.6,63.1,0,38.9,4140.4
7004428,4/25/2023,11563,3206,343,WHWA1,CT,2Day,FedEx,Delivered,200,6.19,35.55,0,40.5,7150.5
7004429,7/30/2023,10640,5115,389,WHIL1,MN,Ground,FedEx,Delivered,59,34.97,72.13,0,9.27,4264.94
7004430,2/6/2025,14261,5151,374,WHCA1,MD,Ground,UPS,Delivered,100,16.69,34.76,0,35.02,3511.02
7004431,11/14/2024,15191,5028,457,WHPA1,WI,2Day,UPS,Delivered,94,5.25,17.51,0,6.9,1652.84
7004432,7/12/2024,13737,5817,566,WHCA1,DC,Ground,FedEx,Delivered,68,11.45,46.51,0,35.42,3198.1
7004433,4/18/2024,17747,4354,434,WHPA1,ND,Ground,USPS,Pending,79,5.5,189.74,0.05,35.32,14275.31
7004434,7/3/2025,10090,3809,389,WHTX1,NH,Overnight,USPS,Delivered,122,23.08,118.45,0,95.12,14546.02
7004435,3/27/2023,11252,4604,536,WHPA1,UT,Ground,USPS,InTransit,77,2.56,82.53,0,21.2,6376.01
7004436,11/7/2023,19295,4914,432,WHGA1,DC,Ground,UPS,InTransit,58,11.8,71.18,0,19.2,4147.64
7004437,12/14/2023,14704,2420,529,WHIL1,CA,Ground,USPS,Delivered,93,11.69,46.53,0,10.08,4337.37
7004438,1/20/2025,10349,3168,334,WHTX1,NE,2Day,USPS,Delivered,4,5.13,100.44,0.05,8.37,390.04
7004439,9/12/2025,14053,3145,383,WHFL1,ID,Ground,UPS,InTransit,13,8.49,89.13,0.05,29.49,1130.25
7004440,9/28/2023,12942,3168,432,WHPA1,KY,2Day,UPS,Delivered,15,12.53,56.61,0,25.98,875.13
7004441,5/8/2025,18438,2561,654,WHIL1,OR,2Day,FedEx,InTransit,54,3.44,68.97,0.05,13,3551.16
7004442,3/17/2025,10272,2177,504,WHGA1,ND,Ground,UPS,Delivered,141,4.64,19.5,0.05,35.9,2647.92
7004443,9/10/2023,12031,2269,587,WHFL1,NJ,2Day,FedEx,Delivered,89,9.11,42.87,0.15,16.87,3259.99
7004444,1/20/2024,17837,4588,636,WHCA1,OK,Ground,USPS,Delivered,181,6.07,26.03,0.05,17.7,4493.56
7004445,2/1/2024,19658,2167,616,WHFL1,CO,Ground,USPS,Delivered,5,7.57,25.68,0.05,34,155.98
7004446,8/27/2025,19388,4576,558,WHWA1,NY,Ground,USPS,Delivered,105,9.88,83.39,0.1,4.85,7885.21
7004447,8/1/2023,17042,3842,592,WHWA1,NY,Ground,FedEx,Delivered,39,5.79,24.76,0,42.2,1007.84
7004448,2/8/2025,15176,2871,425,WHNJ1,FL,Ground,UPS,Delivered,3,9.84,102.72,0.05,1.89,294.64
7004449,12/5/2023,19807,4930,451,WHIL1,MI,Ground,FedEx,Delivered,129,11.96,123.56,0,4.82,15944.06
7004450,12/13/2024,11127,3268,659,WHWA1,GA,Ground,UPS,Cancelled,19,15.96,57.46,0.1,16.45,999.02
7004451,2/13/2024,14380,3887,547,WHCA1,NH,Ground,UPS,InTransit,26,4.74,39.27,0,3.04,1024.06
7004452,8/13/2024,18709,1160,475,WHIL1,HI,2Day,FedEx,InTransit,42,6.86,123.48,0.05,6.72,4933.57
7004453,3/20/2025,19494,3659,672,WHIL1,NV,Ground,UPS,Delivered,119,14.24,88.32,0,14.36,10524.44
7004454,2/14/2025,18053,4764,657,WHIL1,AK,2Day,UPS,Delivered,86,4.11,138.51,0.05,5.69,11321.96
7004455,4/29/2025,10612,5735,602,WHGA1,MA,2Day,UPS,Delivered,32,10.66,28.14,0,16.38,916.86
7004456,3/12/2023,10750,2056,380,WHWA1,NM,Ground,USPS,Delivered,20,10.17,50,0.05,22.75,972.75
7004457,11/22/2024,11857,1334,407,WHTX1,SD,Ground,UPS,Delivered,13,2.12,51.49,0,28.34,697.71
7004458,6/14/2023,18592,4597,600,WHIL1,KY,Ground,UPS,Delivered,18,7.43,69.47,0,18.64,1269.1
7004459,2/8/2024,11527,1892,605,WHGA1,NE,2Day,DHL,Delivered,140,12.2,92.92,0,0.46,13009.26
7004460,7/14/2024,16230,3988,644,WHNJ1,NJ,Ground,FedEx,Delivered,158,8.81,66.08,0,26.64,10467.28
7004461,1/24/2024,18512,5448,358,WHWA1,SD,Ground,UPS,Delivered,178,7.52,152.8,0,45.57,27243.97
7004462,6/10/2024,18528,2363,391,WHTX1,DE,Ground,FedEx,Delivered,131,10.98,46.16,0,13.41,6060.37
7004463,9/16/2025,12099,1926,435,WHGA1,OR,Ground,UPS,InTransit,146,18.1,28.79,0,34.67,4238.01
7004464,6/9/2023,17866,3444,650,WHFL1,CA,Ground,UPS,Delivered,126,13.81,37.65,0.15,10.85,4043.16
7004465,11/13/2024,10174,3578,469,WHNJ1,MT,Ground,USPS,InTransit,173,6.35,34.51,0,22.17,5992.4
7004466,1/16/2024,19834,4981,634,WHFL1,CO,Ground,UPS,Delivered,134,4.17,43.61,0.05,33.37,5584.92
7004467,6/6/2023,10501,3406,422,WHTX1,KS,2Day,FedEx,InTransit,59,13.66,49.7,0,10.88,2943.18
7004468,7/6/2023,13647,2420,536,WHGA1,AL,Overnight,FedEx,Delivered,40,4.93,51.19,0.1,20.46,1863.3
7004469,8/3/2025,16220,3876,376,WHNJ1,FL,Ground,UPS,Delivered,79,7.28,70.58,0.05,25.78,5322.81
7004470,5/14/2025,12364,1060,609,WHGA1,MA,2Day,FedEx,Delivered,83,11.28,43.45,0.05,21.53,3447.56
7004471,6/16/2025,17541,3525,323,WHNJ1,CT,Overnight,UPS,Pending,77,19.9,125.02,0,18.56,9645.1
7004472,9/11/2025,11897,4798,633,WHIL1,TX,Ground,UPS,Delivered,102,21.63,15.45,0.1,13.2,1431.51
7004473,8/24/2023,15760,3660,373,WHIL1,IA,Ground,FedEx,Delivered,100,10.37,12.62,0,52.78,1314.78
7004474,12/17/2023,19911,5097,388,WHWA1,MS,2Day,UPS,Delivered,10,7.37,120.94,0.05,55.96,1204.89
7004475,11/10/2024,11779,2579,403,WHTX1,CA,Ground,FedEx,Delivered,35,4.87,114.46,0.05,33.23,3839.02
7004476,4/29/2024,13058,5407,394,WHNJ1,DC,Overnight,UPS,Delivered,147,32.39,142.83,0.2,10.68,16807.49
7004477,2/12/2024,15191,4106,616,WHIL1,PA,Ground,FedEx,InTransit,80,8.4,93.7,0,27.14,7523.14
7004478,12/18/2023,16998,1708,566,WHTX1,NH,Ground,FedEx,Delivered,40,15.02,60.11,0,22.55,2426.95
7004479,8/26/2024,14748,2781,553,WHCA1,VA,Ground,UPS,Delivered,135,11.25,50.07,0,9.56,6769.01
7004480,8/11/2024,19287,3414,658,WHIL1,VA,Ground,USPS,Delivered,30,7.43,19.55,0.15,5.14,503.66
7004481,7/10/2023,10046,5954,358,WHIL1,HI,Ground,FedEx,Delivered,52,7.24,66.53,0,11.97,3471.53
7004482,4/14/2024,17759,4407,309,WHPA1,AR,Ground,DHL,Delivered,34,4.36,21.95,0,11.79,758.09
7004483,7/19/2024,19638,3162,313,WHGA1,GA,Ground,UPS,Delivered,141,19.61,337.18,0,34.06,47576.44
7004484,8/6/2024,17054,4540,693,WHCA1,ND,Ground,USPS,Delivered,106,9.3,29.13,0,30.73,3118.51
7004485,8/26/2023,13202,1609,431,WHNJ1,AR,Ground,FedEx,Delivered,59,23.58,56.91,0,113.52,3471.21
7004486,12/19/2024,10456,1309,522,WHTX1,GA,2Day,FedEx,Delivered,162,7.64,172.23,0.1,39.32,25150.45
7004487,1/30/2023,19855,5308,629,WHCA1,NC,Ground,USPS,Delivered,160,8.36,46.44,0,27.6,7458
7004488,12/17/2023,12925,3365,672,WHNJ1,VA,2Day,FedEx,InTransit,103,5.07,46.66,0,16.58,4822.56
7004489,1/17/2025,17799,1185,453,WHIL1,LA,2Day,USPS,Delivered,148,8.3,9.81,0,24.13,1476.01
7004490,8/1/2024,10966,1246,681,WHFL1,ID,Ground,FedEx,Delivered,104,4.75,23.99,0.1,5.42,2250.88
7004491,10/23/2023,14965,1239,667,WHPA1,DC,Ground,FedEx,Delivered,87,12.73,88.89,0.05,4.8,7351.56
7004492,11/23/2024,11529,1520,371,WHWA1,MN,2Day,UPS,Delivered,53,10.67,193.51,0.05,31.64,9774.87
7004493,8/4/2024,12977,4908,645,WHFL1,UT,2Day,UPS,Delivered,33,24.23,32.15,0.05,13.05,1020.95
7004494,2/5/2025,13072,1277,320,WHWA1,MO,Ground,FedEx,Delivered,7,4.17,68.86,0.15,30.49,440.21
7004495,12/15/2024,14870,5029,381,WHTX1,OR,Ground,DHL,Delivered,122,20.74,399.52,0,27.22,48768.66
7004496,9/12/2024,16388,5310,528,WHTX1,AR,Ground,FedEx,InTransit,14,5.56,89.22,0.1,15.46,1139.63
7004497,5/4/2024,12522,1606,646,WHCA1,IL,Ground,FedEx,Delivered,52,12.29,118.82,0,48,6226.64
7004498,6/6/2023,16526,5574,319,WHWA1,LA,Ground,FedEx,Pending,28,5.03,35.1,0,3.79,986.59
7004499,10/23/2023,11127,5604,465,WHGA1,NH,Ground,UPS,InTransit,58,11.29,177.86,0,2.79,10318.67
7004500,2/12/2024,16633,5054,668,WHNJ1,UT,Overnight,UPS,Delivered,39,2.22,36.96,0,10.81,1452.25
7004501,8/30/2024,15774,3713,687,WHWA1,NJ,2Day,UPS,Delivered,130,6.69,32.68,0,45.12,4293.52
7004502,6/3/2024,17717,1142,407,WHPA1,WV,Ground,UPS,Delivered,184,10.66,169,0.15,11.2,26442.8
7004503,11/11/2023,13405,4662,677,WHWA1,PA,Ground,FedEx,Delivered,166,28.67,38.42,0,17.2,6394.92
7004504,1/8/2023,14493,3370,648,WHWA1,NV,Ground,USPS,Pending,86,2.79,59.85,0.05,13.21,4902.96
7004505,5/13/2024,12344,2718,514,WHPA1,CT,Ground,UPS,Delivered,185,9.99,187.29,0.1,38.28,31222.06
7004506,11/9/2023,10107,5557,539,WHFL1,MS,Ground,UPS,Delivered,50,7.33,31.64,0,33.43,1615.43
7004507,12/15/2024,13155,5766,447,WHCA1,SD,Ground,UPS,Delivered,69,3.17,50.83,0,16.83,3524.1
7004508,1/29/2023,14054,4428,481,WHWA1,GA,Ground,UPS,Delivered,31,5.09,39.14,0.05,10.57,1163.24
7004509,8/18/2024,14802,3325,636,WHGA1,OR,Ground,FedEx,Delivered,150,7.54,47.67,0,9.77,7160.27
7004510,7/26/2025,16140,2845,498,WHGA1,NE,Overnight,UPS,Delivered,21,13.23,61.67,0.05,7.68,1238
7004511,7/25/2023,15581,1400,587,WHGA1,MA,Overnight,UPS,Delivered,84,10.54,153.3,0,7.84,12885.04
7004512,4/14/2024,10215,5764,353,WHTX1,OK,Ground,USPS,Delivered,122,4.55,189.42,0,52.82,23162.06
7004513,4/18/2023,15401,3564,669,WHNJ1,TX,Ground,UPS,InTransit,81,3.33,66.92,0.05,52.33,5201.82
7004514,9/30/2024,16876,2523,540,WHNJ1,DC,Ground,FedEx,Delivered,9,12.85,36.08,0.2,21.29,281.07
7004515,7/16/2024,14290,2335,590,WHFL1,NH,Ground,FedEx,Delivered,84,8.89,96.44,0,2.99,8103.95
7004516,1/30/2024,14254,3624,587,WHWA1,CT,2Day,UPS,Delivered,115,26.3,60.22,0.05,41.47,6620.5
7004517,6/12/2024,18657,1239,488,WHCA1,IL,Ground,USPS,InTransit,22,8.09,61.61,0,61.54,1416.96
7004518,6/3/2025,16248,4216,695,WHIL1,VT,Ground,FedEx,InTransit,108,19.86,29.14,0.1,12.02,2844.43
7004519,8/14/2023,16178,4648,306,WHCA1,MN,Ground,UPS,Delivered,143,13.86,19.34,0,16.25,2781.87
7004520,1/27/2023,17270,2617,583,WHWA1,WY,Overnight,UPS,Delivered,189,16.37,59.21,0.2,55.52,9008.07
7004521,4/23/2025,12373,3430,563,WHNJ1,MO,Ground,FedEx,InTransit,52,12.96,28.38,0,5.62,1481.38
7004522,8/12/2024,16835,4653,349,WHWA1,SD,Ground,UPS,Delivered,3,13.13,41.39,0.25,47.99,141.12
7004523,5/27/2025,18784,2722,652,WHFL1,VT,Overnight,UPS,Delivered,53,2.53,169.39,0.1,88,8167.9
7004524,8/29/2024,16618,2273,500,WHTX1,IL,Ground,UPS,Delivered,93,8.67,57.12,0.1,39.77,4820.71
7004525,2/21/2025,15151,4140,360,WHWA1,OR,Ground,UPS,InTransit,147,6.72,130.23,0.1,28.27,17257.7
7004526,2/25/2024,19076,3879,333,WHCA1,NJ,Ground,FedEx,Delivered,164,21.43,73.82,0.1,19.24,10915.07
7004527,12/23/2024,18103,2536,603,WHFL1,MT,2Day,USPS,Delivered,154,5.48,90.29,0.1,15.97,12530.16
7004528,6/23/2025,14159,1536,544,WHIL1,ID,2Day,FedEx,Delivered,92,8.45,40.83,0.15,29.9,3222.81
7004529,8/8/2024,17728,1949,472,WHPA1,AL,Ground,UPS,Delivered,97,16.17,134.48,0,53.33,13097.89
7004530,8/1/2023,15207,5959,507,WHCA1,LA,Ground,USPS,Delivered,1,11.98,74.58,0.15,114.63,178.02
7004531,11/1/2023,10304,3643,675,WHWA1,MA,Ground,FedEx,InTransit,45,11.06,49.86,0,8.3,2252
7004532,8/16/2023,10334,4942,583,WHFL1,MS,Ground,FedEx,InTransit,153,19.45,74.56,0.05,38.21,10875.51
7004533,10/6/2023,14507,2022,322,WHGA1,KY,Ground,UPS,Delivered,98,11.69,36.37,0.05,18.47,3404.52
7004534,11/21/2023,12332,1434,347,WHIL1,TN,Ground,FedEx,Delivered,60,7.21,48.85,0.1,33.29,2671.19
7004535,7/22/2024,14562,2404,649,WHGA1,FL,Ground,USPS,Cancelled,12,4.59,57.72,0.05,6.07,664.08
7004536,8/21/2024,10080,4512,458,WHTX1,SC,Overnight,UPS,Delivered,30,13.39,41.53,0,66.4,1312.3
7004537,2/21/2024,13764,3936,558,WHNJ1,NV,Ground,FedEx,Delivered,74,6.3,178.65,0.05,8.95,12568.04
7004538,9/18/2024,15197,5879,443,WHCA1,IA,Ground,FedEx,Cancelled,149,8.65,44.87,0,15.92,6701.55
7004539,4/6/2023,10733,5265,347,WHFL1,IL,Ground,UPS,InTransit,11,19.1,257.78,0,37.59,2873.17
7004540,4/14/2023,13977,5805,327,WHCA1,NV,Ground,FedEx,Delivered,18,8.76,62.89,0.1,6.08,1024.9
7004541,7/22/2023,15660,4334,327,WHGA1,KY,Ground,UPS,Delivered,92,7.66,50.92,0.1,15.51,4231.69
7004542,6/8/2024,11385,2603,697,WHGA1,FL,Ground,FedEx,Delivered,36,8.46,42.15,0.1,17.92,1383.58
7004543,8/29/2023,12125,1229,445,WHNJ1,MA,2Day,DHL,Pending,20,8.59,80.64,0.05,8.22,1540.38
7004544,11/8/2023,16653,5523,375,WHFL1,NJ,Overnight,DHL,InTransit,21,5.52,112.2,0,17.19,2373.39
7004545,1/21/2024,15284,5218,487,WHCA1,HI,Ground,USPS,Delivered,64,27.36,10.15,0,11.88,661.48
7004546,2/23/2025,17177,3197,310,WHFL1,NJ,Ground,FedEx,InTransit,79,7.19,60.21,0,40.04,4796.63
7004547,1/17/2023,19391,3900,421,WHNJ1,OK,Ground,FedEx,InTransit,152,16.01,14.92,0,25.28,2293.12
7004548,10/28/2024,16606,1111,589,WHGA1,MO,2Day,FedEx,Delivered,70,5.43,119.3,0,2.98,8353.98
7004549,11/9/2024,15708,2245,465,WHWA1,CT,Ground,UPS,Delivered,99,13.91,120.8,0.1,10.86,10774.14
7004550,2/8/2025,12293,5160,682,WHPA1,MD,Ground,UPS,Delivered,22,11.07,61.75,0,6.46,1364.96
7004551,7/16/2025,18377,3686,564,WHFL1,OH,Overnight,FedEx,InTransit,103,10.15,69.42,0.05,10.2,6802.95
7004552,1/24/2023,10998,4802,461,WHGA1,GA,2Day,UPS,Delivered,90,11.11,22.05,0,25.53,2010.03
7004553,6/30/2023,14665,4868,691,WHIL1,OH,2Day,USPS,Delivered,26,12.83,40.9,0.05,52.87,1063.1
7004554,5/22/2025,12358,2378,627,WHGA1,AL,2Day,FedEx,Delivered,94,8.73,39.09,0,9.83,3684.29
7004555,3/30/2024,15492,2772,691,WHGA1,IN,Ground,UPS,Delivered,25,8.99,43.82,0.15,35.89,967.06
7004556,8/1/2024,11680,1013,597,WHFL1,VT,2Day,UPS,Delivered,81,14.14,110.48,0,9.21,8958.09
7004557,11/6/2024,15716,5335,418,WHPA1,CA,Ground,USPS,Delivered,94,5.04,147.16,0.05,1.11,13142.5
7004558,11/15/2024,14887,4262,611,WHNJ1,SC,Overnight,USPS,Delivered,99,4.59,92,0.05,17.29,8669.89
7004559,7/15/2025,17441,1663,563,WHIL1,UT,Ground,UPS,Delivered,153,11.13,47.84,0.1,17.67,6605.24
7004560,9/17/2025,16822,4093,384,WHIL1,PA,Ground,FedEx,Delivered,168,2.99,35.59,0,6.38,5985.5
7004561,12/7/2024,13528,1694,446,WHCA1,ND,Ground,FedEx,Delivered,125,3.64,63.93,0.15,11.05,6803.61
7004562,11/10/2023,16814,4391,471,WHPA1,MS,Ground,FedEx,Delivered,143,29.54,73.84,0.1,21.62,9524.83
7004563,5/14/2025,12746,2182,634,WHWA1,AR,Ground,FedEx,Delivered,3,25.34,51.4,0.1,44.79,183.57
7004564,2/28/2023,14091,4019,609,WHTX1,NE,Ground,UPS,Delivered,45,7.1,37.83,0,16.52,1718.87
7004565,9/17/2023,16159,2505,314,WHCA1,CA,Ground,FedEx,Delivered,5,18.21,92.3,0.1,42.2,457.55
7004566,6/4/2025,18562,2903,449,WHCA1,TX,Ground,UPS,Delivered,27,18.59,98.87,0,10.94,2680.43
7004567,10/17/2023,17472,5172,669,WHWA1,IL,Ground,UPS,Delivered,48,13.27,23.95,0,20.48,1170.08
7004568,9/5/2023,13744,1329,551,WHCA1,SC,Ground,UPS,Delivered,140,9.54,45.87,0.1,26.07,5805.69
7004569,6/12/2023,19896,2440,357,WHIL1,MA,Ground,UPS,Delivered,67,14.56,103.43,0.05,19.71,6603.03
7004570,4/20/2025,17009,4847,647,WHNJ1,OR,2Day,FedEx,Delivered,90,16.14,119.86,0,18.12,10805.52
7004571,5/18/2024,13325,5168,602,WHFL1,NY,Ground,UPS,Delivered,45,14.7,62.77,0,40.42,2865.07
7004572,11/13/2024,18633,1225,647,WHWA1,PA,Ground,FedEx,Delivered,82,3.95,77.48,0.05,26.16,6061.85
7004573,9/27/2023,13258,3521,433,WHGA1,NM,Ground,FedEx,Delivered,126,33.87,71.6,0.15,43.08,7711.44
7004574,12/27/2024,10227,4715,470,WHIL1,NY,2Day,USPS,Delivered,37,42.29,117.02,0.15,21.85,3702.13
7004575,12/28/2024,12402,3408,402,WHGA1,IA,Ground,FedEx,Cancelled,162,3.18,27.6,0.1,12.28,4036.36
7004576,11/24/2023,14719,1811,406,WHWA1,WV,Ground,DHL,Delivered,26,13.59,72.36,0,1.03,1882.39
7004577,2/2/2024,11025,4118,471,WHGA1,NJ,2Day,UPS,Delivered,157,34.12,32.21,0,3.82,5060.79
7004578,8/25/2023,15673,5774,428,WHTX1,TX,2Day,FedEx,Pending,4,18.25,128.51,0,36,550.04
7004579,8/26/2025,17728,4291,550,WHFL1,CT,2Day,UPS,Delivered,72,18.36,28.6,0,24.08,2083.28
7004580,10/24/2024,15281,5387,332,WHCA1,PA,Ground,FedEx,Delivered,188,4.22,79.86,0,11.36,15025.04
7004581,7/18/2025,10871,3252,516,WHTX1,NM,2Day,UPS,Delivered,83,16.07,32.33,0,35.21,2718.6
7004582,11/19/2023,13200,5662,562,WHCA1,UT,Ground,FedEx,Delivered,74,11.54,101.6,0,40.82,7559.22
7004583,1/19/2025,11746,3530,630,WHIL1,MT,2Day,UPS,Delivered,97,15.97,81.6,0.05,19.18,7538.62
7004584,12/31/2024,15271,5607,544,WHGA1,OK,2Day,UPS,Delivered,35,5.37,70.96,0,14.52,2498.12
7004585,11/22/2024,18636,1924,691,WHTX1,VA,2Day,FedEx,Delivered,7,5.26,236.75,0,32.8,1690.05
7004586,8/17/2025,15887,4053,585,WHWA1,TX,Ground,USPS,Delivered,30,9.18,36.69,0,24.92,1125.62
7004587,1/13/2024,15591,1016,590,WHWA1,MT,2Day,UPS,Delivered,21,7.97,114.73,0,13.08,2422.41
7004588,6/3/2023,17898,4597,563,WHPA1,UT,Ground,USPS,Cancelled,159,9.1,136.29,0.05,25.23,20611.83
7004589,11/11/2024,18665,3404,637,WHIL1,AK,Ground,UPS,Delivered,136,7.5,114.75,0,21.25,15627.25
7004590,12/12/2024,18272,5452,633,WHIL1,TX,Ground,FedEx,Delivered,39,8.86,37.35,0,2.22,1458.87
7004591,8/10/2024,15159,5926,614,WHWA1,VT,Ground,DHL,Pending,131,6.71,50.91,0.05,33.49,6369.24
7004592,8/23/2023,18432,5011,385,WHPA1,TX,Ground,UPS,InTransit,25,9.71,39.26,0,58.13,1039.63
7004593,5/23/2024,10590,3647,629,WHCA1,FL,Ground,UPS,InTransit,24,4.26,48.73,0.05,26.37,1137.41
7004594,11/24/2023,19553,2102,345,WHGA1,WV,Ground,UPS,Delivered,115,13.61,33.3,0,25.92,3855.42
7004595,2/22/2024,11885,3976,603,WHCA1,CA,Ground,UPS,InTransit,40,11.69,46.53,0,19.15,1880.35
7004596,10/23/2024,15400,2091,633,WHCA1,NE,2Day,FedEx,Delivered,8,4.69,167.62,0,9.63,1350.59
7004597,12/20/2024,18504,3907,500,WHIL1,ID,2Day,FedEx,Delivered,104,22.16,47.98,0,9.38,4999.3
7004598,9/19/2023,11077,2747,501,WHWA1,OH,Ground,DHL,Cancelled,192,6.09,64.61,0,15.76,12420.88
7004599,1/27/2024,17236,5310,629,WHCA1,NH,Overnight,UPS,Delivered,76,20.41,36.11,0,10.42,2754.78
7004600,11/1/2023,16838,2721,468,WHNJ1,KS,Ground,FedEx,Delivered,32,12.19,59.37,0,19.28,1919.12
7004601,8/16/2023,10034,1449,540,WHPA1,ME,2Day,UPS,InTransit,47,18.23,107.02,0.05,0.51,4778.95
7004602,1/21/2025,11842,4013,672,WHFL1,WI,Ground,USPS,Delivered,90,11.12,84.52,0,11.88,7618.68
7004603,6/18/2025,14482,4505,586,WHPA1,TX,Overnight,UPS,Delivered,101,14.05,161.93,0,6.74,16361.67
7004604,12/25/2023,18441,2569,490,WHGA1,DC,2Day,DHL,Delivered,146,18.11,25.73,0.25,41.5,2858.94
7004605,12/24/2024,11135,4187,371,WHPA1,NE,Ground,FedEx,Delivered,153,31.4,35.34,0,65.95,5472.97
7004606,6/4/2025,17262,4492,445,WHWA1,LA,Ground,FedEx,Delivered,138,19.06,44.94,0,4.42,6206.14
7004607,4/4/2025,15299,3547,659,WHCA1,SD,Ground,UPS,Delivered,90,13.09,174.48,0.1,50.76,14183.64
7004608,8/3/2023,17018,5806,689,WHCA1,IL,Ground,USPS,Delivered,58,4.45,73.96,0,17.86,4307.54
7004609,8/9/2025,17772,5476,509,WHTX1,NJ,Ground,FedEx,Delivered,96,2.35,22.25,0.1,31.95,1954.35
7004610,12/28/2023,18568,2048,660,WHGA1,MT,Ground,FedEx,Delivered,94,9.25,128.88,0,22.31,12137.03
7004611,12/8/2023,18916,5635,678,WHGA1,CO,Ground,FedEx,Delivered,26,6.51,64.78,0,61.45,1745.73
7004612,3/15/2023,11914,5849,685,WHPA1,AZ,Ground,UPS,Pending,66,6.66,111.9,0,10.51,7395.91
7004613,5/1/2024,14298,5631,508,WHCA1,MN,2Day,UPS,Delivered,25,9.52,181.79,0.05,32.21,4349.72
7004614,5/9/2023,11943,5769,522,WHNJ1,ID,2Day,USPS,InTransit,150,14.88,30.27,0,25.09,4565.59
7004615,10/8/2023,14005,2065,587,WHWA1,SD,Ground,UPS,InTransit,40,6.89,181.75,0,29.21,7299.21
7004616,11/26/2023,11332,4822,463,WHWA1,SD,Ground,USPS,Delivered,124,17.11,56.96,0.3,46.28,4990.41
7004617,2/20/2025,17891,1568,665,WHTX1,IA,Ground,FedEx,Delivered,47,10.2,44.91,0,29.26,2140.03
7004618,5/9/2025,14589,2437,372,WHNJ1,AL,Ground,UPS,InTransit,114,10.23,66.86,0.05,10.64,7251.58
7004619,11/18/2023,10338,5511,540,WHWA1,WY,Ground,FedEx,Delivered,26,30.8,26.04,0.05,28.01,671.2
7004620,4/19/2025,17067,5545,427,WHCA1,WA,2Day,FedEx,Delivered,114,11.13,59.17,0,15.03,6760.41
7004621,4/18/2025,17814,5706,385,WHGA1,DE,2Day,FedEx,Delivered,21,9.68,50.63,0,37.88,1101.11
7004622,12/31/2024,18984,3706,315,WHGA1,NM,Ground,USPS,Delivered,64,13.69,31.11,0.2,25.48,1618.31
7004623,6/22/2023,13612,3484,548,WHFL1,HI,Ground,UPS,Delivered,13,29.4,38.16,0.05,5.02,476.3
7004624,11/21/2024,13701,5801,612,WHWA1,KY,Ground,USPS,Delivered,70,9.72,133.09,0,5.67,9321.97
7004625,7/30/2025,19709,5830,583,WHNJ1,NE,Overnight,UPS,Delivered,127,13.02,52.98,0,30.59,6759.05
7004626,11/17/2024,16119,4780,302,WHFL1,NM,2Day,USPS,Delivered,112,9.37,30.2,0,48.47,3430.87
7004627,12/4/2023,17106,5896,374,WHFL1,NE,Ground,UPS,Pending,6,9.4,82.11,0.05,35.4,503.43
7004628,5/18/2024,12674,3795,364,WHIL1,IN,Ground,UPS,Delivered,64,7.45,102.62,0,14.27,6581.95
7004629,10/24/2024,12123,2861,561,WHWA1,DC,Ground,FedEx,Delivered,136,7.15,59.92,0,44.14,8193.26
7004630,5/30/2024,17083,4337,647,WHWA1,MN,Ground,UPS,Delivered,91,27.67,25.29,0,13.8,2315.19
7004631,5/22/2023,18251,2891,624,WHCA1,CA,Ground,DHL,Delivered,7,7.17,10.09,0,12.7,83.33
7004632,11/24/2023,12063,5827,539,WHGA1,NJ,Ground,UPS,Delivered,40,3.97,31.94,0.05,31.92,1245.64
7004633,2/12/2025,11255,5292,697,WHPA1,ND,2Day,UPS,InTransit,74,10.78,125.5,0.1,4.71,8363.01
7004634,4/23/2025,13689,2098,637,WHIL1,WA,Ground,UPS,Pending,21,18.42,117.72,0,53.83,2525.95
7004635,6/11/2023,13749,2639,641,WHGA1,ME,Overnight,UPS,Delivered,97,21.08,34.37,0,15.92,3349.81
7004636,8/6/2025,16343,2659,579,WHPA1,NM,Ground,FedEx,Delivered,88,4.88,50.87,0.1,41.29,4070.19
7004637,12/3/2023,14131,2126,653,WHGA1,KS,Ground,FedEx,Delivered,24,19.5,97.79,0.1,59.48,2171.74
7004638,11/6/2024,14258,1264,680,WHIL1,VT,Ground,UPS,Delivered,73,34.4,54.46,0.1,11.56,3589.58
7004639,12/24/2024,13030,3993,501,WHNJ1,NE,Ground,UPS,Delivered,125,6.63,115.56,0,52.19,14497.19
7004640,2/24/2025,12847,1161,593,WHCA1,MT,2Day,UPS,Delivered,47,9.01,56.05,0,8.39,2642.74
7004641,7/31/2025,18663,2257,586,WHFL1,RI,Ground,UPS,Delivered,30,4.78,84.05,0,11.82,2533.32
7004642,11/24/2023,14036,5866,521,WHIL1,NH,2Day,FedEx,Delivered,101,30.41,47.87,0.1,11.84,4363.22
7004643,4/19/2025,12900,1311,462,WHIL1,WI,Ground,FedEx,Delivered,8,4.08,34.66,0,29.62,306.9
7004644,6/5/2023,19639,1227,483,WHFL1,DC,Ground,FedEx,Pending,130,7.87,135.68,0.15,11.25,15003.89
7004645,11/29/2024,14444,1273,673,WHWA1,RI,2Day,DHL,Pending,167,16.01,20.97,0,6.76,3508.75
7004646,12/19/2024,14790,5413,565,WHGA1,UT,Overnight,USPS,InTransit,176,6.63,39.43,0,16.39,6956.07
7004647,11/14/2024,10913,2923,432,WHWA1,VT,Ground,FedEx,Delivered,55,5.52,56.17,0,11.77,3101.12
7004648,10/12/2023,14243,4158,622,WHPA1,NH,Overnight,UPS,Delivered,86,9.69,109.44,0,55.91,9467.75
7004649,5/6/2025,17542,3339,420,WHFL1,VT,Ground,USPS,Delivered,137,41.96,32.43,0.1,14.29,4012.91
7004650,7/18/2023,11712,2602,680,WHIL1,VA,Ground,FedEx,Delivered,27,8.58,65.57,0,34.74,1805.13
7004651,3/5/2023,18867,4719,519,WHWA1,WA,2Day,UPS,Delivered,4,8.83,22.73,0,5.76,96.68
7004652,12/5/2024,11440,3423,460,WHCA1,NM,Ground,FedEx,Delivered,48,5.12,81.66,0,18.23,3937.91
7004653,4/19/2024,15614,2926,600,WHFL1,AK,Ground,DHL,Delivered,145,12.6,215.07,0,56.87,31242.02
7004654,4/8/2025,13631,1567,409,WHFL1,CO,Ground,USPS,Pending,66,16.99,15.22,0,35.17,1039.69
7004655,1/1/2024,15376,3916,538,WHNJ1,FL,Ground,UPS,Delivered,70,6.95,36.06,0,82.96,2607.16
7004656,7/18/2023,17104,1252,593,WHPA1,IA,Ground,DHL,Delivered,99,13.79,107.79,0,11.62,10682.83
7004657,3/24/2025,18878,3355,367,WHWA1,MD,Ground,DHL,Delivered,77,6.98,471.02,0,37.89,36306.43
7004658,7/14/2024,19319,4502,616,WHNJ1,WV,2Day,UPS,Delivered,7,3.21,90.56,0.3,0.23,443.97
7004659,8/8/2023,14217,5771,487,WHWA1,AK,Ground,USPS,Delivered,75,13.16,36.01,0,38.39,2739.14
7004660,12/7/2024,12467,3312,336,WHNJ1,AZ,Ground,USPS,InTransit,90,34.72,54.07,0.05,18.78,4641.76
7004661,5/31/2024,17825,3116,349,WHCA1,NJ,2Day,UPS,Delivered,89,4.88,25.42,0.05,10.89,2160.15
7004662,9/5/2024,14125,2603,556,WHGA1,DE,Ground,FedEx,InTransit,106,11.14,105.42,0.15,7.37,9505.71
7004663,4/2/2024,10966,4271,407,WHPA1,SC,Ground,UPS,Delivered,68,21.94,124.79,0,20.73,8506.45
7004664,3/15/2025,16929,1514,308,WHPA1,MA,2Day,FedEx,Delivered,150,9.41,160.57,0,66.35,24151.85
7004665,3/16/2025,16097,1442,536,WHWA1,RI,2Day,USPS,InTransit,60,4.25,47.62,0,18.53,2875.73
7004666,12/1/2024,16158,1001,478,WHFL1,TX,Ground,FedEx,InTransit,68,10.27,34.09,0,18.59,2336.71
7004667,5/4/2023,19112,1903,542,WHCA1,IL,Ground,UPS,Cancelled,118,24.45,170.86,0,16.94,20178.42
7004668,3/27/2025,18121,2221,341,WHWA1,SC,Ground,USPS,Delivered,131,7.38,157.74,0,9.79,20673.73
7004669,11/11/2024,11509,3322,657,WHPA1,SD,Ground,DHL,Delivered,90,11.5,30.05,0.05,55.98,2625.26
7004670,11/25/2024,19405,1856,545,WHIL1,WV,Ground,UPS,Delivered,15,5.31,46.13,0,40.76,732.71
7004671,12/21/2023,10872,2018,413,WHTX1,OR,Ground,USPS,Delivered,41,9.42,104.27,0.15,21.2,3655.01
7004672,5/14/2025,10864,3221,665,WHFL1,NY,Ground,UPS,Delivered,3,12.61,50.29,0,3.15,154.02
7004673,12/10/2024,13056,5681,556,WHTX1,IN,Ground,UPS,Delivered,36,10.78,61.34,0.05,21.74,2119.57
7004674,5/13/2023,15134,4505,466,WHTX1,AL,Ground,FedEx,Pending,77,7.72,21.46,0.05,14.63,1584.43
7004675,1/30/2024,12683,5551,642,WHNJ1,NE,2Day,FedEx,Delivered,123,13.04,27.35,0,8.79,3372.84
7004676,5/22/2025,15279,1196,378,WHWA1,MS,Ground,FedEx,Delivered,79,14.94,56.28,0.15,19.92,3799.12
7004677,2/25/2023,15449,5695,507,WHPA1,DC,Ground,UPS,Delivered,5,15.55,36.79,0,10.66,194.61
7004678,8/13/2025,10614,2333,611,WHWA1,WI,Ground,UPS,Delivered,31,8.39,26.86,0.3,19.53,602.39
7004679,11/15/2024,11873,5652,666,WHFL1,MI,Ground,USPS,Cancelled,78,6.89,48.16,0,16.96,3773.44
7004680,10/7/2024,17724,2518,496,WHCA1,IN,Ground,UPS,Delivered,102,32.47,32.46,0.05,7.26,3152.63
7004681,11/1/2023,17190,5535,621,WHPA1,VT,Ground,UPS,Pending,140,10.86,61.19,0,32.73,8599.33
7004682,10/8/2023,15387,3698,364,WHCA1,DE,Ground,USPS,Pending,178,8.57,120.19,0,32.9,21426.72
7004683,7/27/2025,16943,5455,440,WHWA1,NE,2Day,FedEx,Pending,148,4.12,48.59,0,1.87,7193.19
7004684,11/16/2023,18760,4108,674,WHPA1,AZ,Ground,UPS,InTransit,60,5.72,44.53,0,23.11,2694.91
7004685,1/12/2025,10245,2058,342,WHFL1,NC,Ground,UPS,Delivered,110,6.8,127.22,0,7.24,14001.44
7004686,1/13/2024,10021,3706,673,WHWA1,DC,Ground,USPS,Delivered,29,13.02,100.26,0.1,18.79,2635.58
7004687,6/13/2023,18586,3064,606,WHFL1,WA,Ground,DHL,Delivered,8,8.08,104.89,0.1,45.03,800.24
7004688,1/13/2023,15768,3793,509,WHNJ1,MA,Ground,UPS,Delivered,7,10.09,10.28,0,2.55,74.51
7004689,7/9/2024,13516,1421,604,WHFL1,NY,Ground,FedEx,InTransit,29,4.23,43.84,0,42.02,1313.38
7004690,8/25/2025,11911,5649,373,WHIL1,SC,Overnight,UPS,Delivered,5,23.23,40.21,0,0.62,201.67
7004691,12/24/2023,18482,3815,692,WHTX1,SD,Ground,USPS,Delivered,135,6.42,33.66,0.05,21.64,4338.54
7004692,12/18/2023,15883,3841,453,WHTX1,VT,Ground,UPS,Delivered,64,11.52,125.44,0,12.14,8040.3
7004693,12/11/2023,18553,2032,435,WHPA1,UT,Ground,FedEx,Delivered,125,7.27,41.01,0.1,14.83,4628.46
7004694,6/11/2024,18077,2492,662,WHNJ1,SD,2Day,FedEx,Delivered,165,8.26,22.67,0.1,10.3,3376.8
7004695,3/9/2024,11623,5976,564,WHTX1,NY,Ground,FedEx,Delivered,195,6.21,71.28,0.05,26.01,13230.63
7004696,5/14/2025,14315,2886,516,WHPA1,MS,Ground,USPS,Delivered,164,11.95,59.68,0.05,47.56,9345.7
7004697,5/24/2024,12454,5948,509,WHFL1,HI,2Day,FedEx,Delivered,104,5.55,31.46,0.25,12.82,2466.7
7004698,5/27/2024,12016,1510,504,WHGA1,OR,Overnight,USPS,Delivered,56,12.08,122.35,0.15,14.31,5838.17
7004699,6/12/2023,12801,2860,410,WHPA1,DC,Ground,UPS,Delivered,81,9.31,87,0.05,6.14,6700.79
7004700,8/31/2025,19024,2859,331,WHCA1,MA,Ground,UPS,Delivered,126,14.59,86.81,0,11.3,10949.36
7004701,10/9/2023,19986,1914,312,WHTX1,LA,Ground,FedEx,Delivered,149,15.48,84.19,0,33.96,12578.27
7004702,3/28/2023,19984,3066,427,WHTX1,HI,Ground,FedEx,Cancelled,172,8.27,128.65,0,29.59,22157.39
7004703,11/6/2024,18773,3967,613,WHGA1,NE,Ground,FedEx,Delivered,107,12.46,53.82,0,16.21,5774.95
7004704,8/27/2024,16753,5890,494,WHFL1,TX,2Day,USPS,Delivered,72,7.64,25.16,0.05,18.39,1739.33
7004705,2/8/2024,17454,4838,440,WHIL1,PA,2Day,FedEx,Pending,178,22.03,51.9,0.25,52.13,6980.78
7004706,2/16/2024,12854,2597,327,WHWA1,AL,Ground,USPS,Delivered,173,8.06,18.83,0,45.4,3302.99
7004707,1/23/2025,12237,5443,346,WHPA1,NH,Ground,FedEx,Delivered,62,8.86,28.53,0,8.49,1777.35
7004708,8/14/2023,14177,2056,435,WHIL1,MA,2Day,UPS,Delivered,90,7.55,186.36,0,52.63,16825.03
7004709,3/5/2025,12156,2024,617,WHPA1,NH,Overnight,UPS,Delivered,124,6.44,27.77,0.1,18.55,3117.68
7004710,10/27/2024,19537,4205,358,WHGA1,FL,Ground,USPS,Delivered,55,33.88,26.38,0,29.66,1480.56
7004711,2/12/2024,15699,1576,313,WHIL1,CT,Ground,UPS,Delivered,130,13.39,95.88,0,61.16,12525.56
7004712,3/29/2024,16830,1199,400,WHNJ1,PA,Ground,UPS,Delivered,13,10.42,109.79,0,72.13,1499.4
7004713,10/17/2023,18538,2366,349,WHGA1,NM,Ground,UPS,Delivered,62,7.51,18.69,0.1,22.03,1064.93
7004714,12/24/2024,11887,2999,591,WHFL1,NE,Ground,UPS,Delivered,63,19.5,71.41,0,40.32,4539.15
7004715,6/2/2024,16472,2017,394,WHWA1,TN,Ground,FedEx,Delivered,97,7.21,40.87,0.05,12.73,3778.9
7004716,11/28/2023,18747,4619,395,WHPA1,NY,Ground,UPS,Delivered,14,10.75,75.62,0,42.56,1101.24
7004717,8/28/2024,13771,1026,445,WHCA1,CA,Ground,FedEx,Delivered,12,37.5,48.54,0.05,19.99,573.35
7004718,9/16/2025,18392,2559,372,WHFL1,NC,Ground,UPS,Delivered,150,5.63,23.07,0,33.97,3494.47
7004719,3/2/2024,12941,4725,679,WHFL1,IA,Ground,FedEx,Delivered,37,13.82,42.84,0.1,20.11,1446.68
7004720,7/1/2025,13491,4459,310,WHCA1,CA,Ground,USPS,Delivered,40,11.89,92.98,0.05,6.48,3539.72
7004721,12/11/2023,17900,4357,462,WHCA1,MD,Ground,FedEx,Delivered,117,13.73,233.91,0,5.1,27372.57
7004722,3/6/2023,10307,3368,514,WHPA1,PA,Ground,FedEx,Delivered,53,8.43,78.83,0,15.38,4193.37
7004723,8/21/2023,13076,1471,304,WHFL1,OR,Ground,UPS,Delivered,131,7.01,45.64,0,27.14,6005.98
7004724,2/12/2024,11657,3468,524,WHTX1,KY,Overnight,USPS,Pending,51,11.46,26.27,0,14.31,1354.08
7004725,9/4/2023,17245,5747,681,WHGA1,WY,Ground,UPS,Delivered,113,7.61,53.7,0.05,11.38,5776.08
7004726,1/1/2023,16612,1886,329,WHGA1,AR,Ground,UPS,Delivered,69,2.47,46.04,0.25,25.53,2408.1
7004727,6/25/2025,16323,1876,602,WHWA1,MA,Ground,USPS,Delivered,163,6.1,74.32,0.05,0.2,11508.65
7004728,4/2/2025,12693,1942,503,WHIL1,ND,Ground,DHL,Delivered,40,8.27,57.55,0,28.66,2330.66
7004729,12/19/2024,11765,4042,377,WHGA1,SC,Ground,USPS,Delivered,45,5.24,83.94,0,40.67,3817.97
7004730,7/17/2023,10276,1572,359,WHWA1,CA,Ground,DHL,InTransit,179,10.95,46.64,0.1,33.26,7546.96
7004731,5/22/2023,15272,5150,496,WHWA1,AR,2Day,USPS,Delivered,108,6.35,198.49,0.2,42.16,17191.7
7004732,3/21/2023,17332,1605,622,WHFL1,MI,2Day,FedEx,Pending,116,9.74,90.29,0,4.64,10478.28
7004733,12/9/2024,19594,5421,407,WHGA1,IN,Ground,UPS,Delivered,36,36.72,36.59,0,22.84,1340.08
7004734,7/11/2025,19968,4530,642,WHFL1,AR,Ground,DHL,Delivered,70,20.88,120.92,0,29.57,8493.97
7004735,2/26/2024,15026,5981,689,WHIL1,DE,Ground,USPS,Pending,38,14.26,26.71,0,29.13,1044.11
7004736,5/21/2023,14051,5361,309,WHGA1,AZ,Ground,UPS,Delivered,31,29.61,32.99,0,22.66,1045.35
7004737,6/1/2024,18081,1382,320,WHGA1,VA,2Day,FedEx,Delivered,71,9.57,34.25,0,50.04,2481.79
7004738,12/13/2023,13461,2237,449,WHWA1,NH,Ground,UPS,Delivered,190,9.63,152.05,0,64.38,28953.88
7004739,12/27/2023,13836,3381,683,WHNJ1,MT,Ground,DHL,Cancelled,26,5.31,52.94,0,26.13,1402.57
7004740,9/25/2024,14279,4780,317,WHPA1,WY,Ground,FedEx,Delivered,29,21.53,38.64,0,19.37,1139.93
7004741,12/6/2024,11845,3106,312,WHIL1,NJ,Ground,UPS,Delivered,29,32.36,67.3,0.1,32.34,1788.87
7004742,5/11/2023,10072,2518,382,WHNJ1,ID,2Day,UPS,Delivered,120,17.24,87.69,0,24.28,10547.08
7004743,2/11/2023,17387,2534,367,WHTX1,IA,Ground,DHL,Delivered,67,23.49,182.5,0.05,42.94,11659.06
7004744,9/14/2025,16863,4295,433,WHIL1,SD,Ground,FedEx,Delivered,48,1.94,21.04,0,26.74,1036.66
7004745,9/19/2023,17341,4441,353,WHFL1,AK,Ground,UPS,Delivered,133,40.71,145.28,0,19.27,19341.51
7004746,3/5/2023,19869,4490,506,WHPA1,AL,Ground,FedEx,Delivered,36,9.39,14.11,0.25,35.24,416.21
7004747,8/9/2023,19488,4946,533,WHGA1,WA,Ground,UPS,InTransit,49,41.11,113.15,0.05,19.72,5286.85
7004748,2/15/2023,17636,5643,354,WHFL1,WA,Ground,UPS,Delivered,9,28.26,135.46,0.05,5.02,1163.2
7004749,1/11/2024,11044,1871,368,WHGA1,NV,Ground,FedEx,Cancelled,14,15.9,140.46,0.05,33.67,1901.79
7004750,2/12/2025,13043,3151,591,WHNJ1,SC,Ground,FedEx,Delivered,16,8.14,89.35,0,50.7,1480.3
7004751,12/9/2023,10815,4233,644,WHNJ1,OH,Ground,UPS,Delivered,43,11,28.47,0.05,22.9,1185.9
7004752,3/13/2024,15623,4232,469,WHTX1,ND,Ground,FedEx,InTransit,69,3.18,101.22,0,43.57,7027.75
7004753,11/13/2024,17333,4767,697,WHTX1,AR,Ground,UPS,Delivered,1,17.48,28.42,0.1,16.07,41.65
7004754,5/28/2024,10310,5961,461,WHPA1,LA,Ground,USPS,Delivered,23,2.16,31.1,0,48.14,763.44
7004755,4/23/2025,16662,4208,315,WHGA1,ID,Overnight,UPS,Delivered,21,8.36,43.6,0.1,12.68,836.72
7004756,4/28/2025,14228,5494,491,WHFL1,WY,Ground,UPS,Delivered,31,25.24,46.43,0.1,26.85,1322.25
7004757,1/12/2023,11878,5488,315,WHCA1,MA,Ground,UPS,Cancelled,20,15.41,71.01,0.1,8.89,1287.07
7004758,1/15/2025,12487,4827,587,WHFL1,GA,2Day,UPS,Delivered,23,3.99,36.88,0,26.29,874.53
7004759,4/1/2024,16887,2613,663,WHWA1,MA,Ground,UPS,InTransit,188,4.47,75.58,0,20.54,14229.58
7004760,9/8/2025,14836,2078,310,WHTX1,SC,2Day,UPS,Pending,81,6.99,22.96,0.1,1.93,1675.71
7004761,4/28/2024,10795,2301,357,WHGA1,MO,2Day,FedEx,Delivered,114,10.48,61.65,0,29.96,7058.06
7004762,9/5/2025,16787,3159,499,WHFL1,WY,Ground,UPS,Delivered,127,16.92,49.58,0,13.74,6310.4
7004763,12/25/2024,14015,3272,461,WHFL1,KY,Overnight,UPS,Delivered,94,14.37,122,0,10.9,11478.9
7004764,10/8/2023,17393,3530,563,WHTX1,DC,Ground,USPS,Delivered,101,5.3,130.91,0,39.05,13260.96
7004765,7/2/2024,15354,4261,689,WHWA1,CO,Ground,UPS,InTransit,87,14.5,53.27,0.05,17.08,4419.85
7004766,9/11/2025,13408,1364,681,WHFL1,IN,2Day,FedEx,Delivered,91,15.45,15.22,0.15,13.18,1190.45
7004767,4/18/2025,10975,1846,553,WHFL1,OR,Ground,UPS,Delivered,160,13.41,21.38,0,28.1,3448.9
7004768,4/25/2023,19240,4033,419,WHIL1,SC,Ground,UPS,Delivered,22,44.23,131.76,0.1,18.86,2627.71
7004769,11/29/2024,14238,2328,380,WHWA1,SC,2Day,FedEx,Delivered,33,15.46,54.27,0,15.52,1806.43
7004770,12/12/2023,17249,4163,424,WHNJ1,LA,Overnight,UPS,Delivered,11,17.87,204.13,0.05,3.83,2136.99
7004771,1/9/2023,14370,1392,613,WHGA1,NJ,Ground,USPS,Delivered,132,30.82,112.4,0.1,7.28,13360.4
7004772,1/25/2024,18051,4256,372,WHFL1,FL,Overnight,UPS,Delivered,57,16.65,71.73,0.05,11.23,3895.41
7004773,9/21/2023,10465,3060,468,WHTX1,IN,Ground,FedEx,Pending,153,7.18,65.65,0,14.63,10059.08
7004774,3/4/2025,15328,4238,584,WHNJ1,VA,Ground,FedEx,Delivered,52,21.08,26.85,0,4.42,1400.62
7004775,12/7/2023,15416,3047,336,WHWA1,VA,Ground,UPS,Delivered,57,7.86,38.57,0.15,20.46,1889.18
7004776,3/14/2025,18116,5242,612,WHFL1,KY,Ground,FedEx,Delivered,57,5.55,80.3,0,40.53,4617.63
7004777,1/1/2023,10288,2306,475,WHFL1,ND,Ground,FedEx,Delivered,84,5.84,47.12,0,15.47,3973.55
7004778,11/21/2023,13196,3895,499,WHCA1,VA,Ground,FedEx,Delivered,114,20.93,83.27,0,14.81,9507.59
7004779,9/29/2023,19068,3033,416,WHTX1,MI,Ground,USPS,Cancelled,44,14.51,123.32,0.1,21.82,4905.29
7004780,9/20/2023,11993,1765,615,WHGA1,NY,Ground,UPS,Delivered,87,18.9,52.91,0.05,48.75,4421.76
7004781,3/22/2023,17451,1499,520,WHIL1,ID,Overnight,FedEx,Delivered,24,14.55,44.36,0,27.21,1091.85
7004782,8/7/2023,12926,4369,679,WHNJ1,KS,Ground,UPS,Delivered,74,11.2,32.04,0.05,16.75,2269.16
7004783,7/22/2024,11121,3945,366,WHWA1,MI,Ground,UPS,Delivered,73,12.1,107.64,0.1,20.56,7092.51
7004784,11/13/2023,15311,4805,565,WHNJ1,PA,2Day,UPS,Delivered,147,14.26,101.68,0,73.94,15020.9
7004785,2/10/2024,10447,5214,434,WHIL1,WY,Ground,DHL,Delivered,149,6.97,277.36,0,21.23,41347.87
7004786,12/28/2023,16628,5461,419,WHGA1,RI,2Day,UPS,Delivered,63,4.61,67.91,0,90.46,4368.79
7004787,5/10/2025,12897,1136,422,WHPA1,AK,Ground,UPS,InTransit,3,7.47,56.08,0,10.91,179.15
7004788,6/13/2025,10722,2101,621,WHWA1,VT,Ground,UPS,Delivered,134,13.86,83.22,0,16.88,11168.36
7004789,5/9/2024,12164,2872,687,WHCA1,DE,Ground,UPS,Delivered,1,6.78,49.05,0.05,28.3,74.9
7004790,12/3/2023,19544,5034,683,WHPA1,UT,Ground,UPS,InTransit,62,35.89,32.29,0.15,12.84,1714.52
7004791,5/6/2023,13981,5114,387,WHWA1,AL,Ground,UPS,Delivered,3,13.03,63.85,0.05,27.09,209.06
7004792,8/7/2025,14503,5013,589,WHFL1,SD,Ground,UPS,Delivered,44,10.74,82.67,0,16.18,3653.66
7004793,3/13/2023,11726,1205,437,WHIL1,SC,2Day,UPS,Delivered,88,6.95,86.59,0.05,58.28,7297.2
7004794,11/16/2023,18886,5595,353,WHCA1,SD,Ground,FedEx,Delivered,46,17.32,81.87,0,29.64,3795.66
7004795,11/16/2023,13414,3372,505,WHGA1,CA,Ground,USPS,Pending,160,4.83,126.35,0.1,11.99,18206.39
7004796,11/28/2023,10495,5691,648,WHTX1,VT,2Day,UPS,Delivered,89,12.09,86.38,0.15,58.3,6592.95
7004797,7/13/2023,10948,1562,351,WHTX1,VA,Ground,USPS,Delivered,90,7.7,72.51,0.05,28.03,6227.64
7004798,1/21/2025,10023,4315,627,WHWA1,OK,2Day,UPS,Delivered,47,10.75,24.74,0,23.29,1186.07
7004799,5/25/2023,11129,4961,340,WHWA1,KY,Ground,FedEx,Delivered,5,13.39,71.27,0,80.54,436.89
7004800,10/11/2024,10558,3527,550,WHPA1,SD,Ground,UPS,Delivered,108,5.03,53.24,0.1,103.53,5278.46
7004801,5/26/2023,19809,3212,518,WHGA1,NJ,Ground,USPS,Delivered,104,3.67,27.36,0,58.88,2904.32
7004802,3/24/2023,13731,3372,479,WHCA1,IA,Ground,USPS,Delivered,70,5.72,85.2,0,13.55,5977.55
7004803,6/18/2025,15342,5736,339,WHWA1,MD,Ground,FedEx,Pending,53,16.95,86.24,0,13.15,4583.87
7004804,8/9/2023,16999,3682,483,WHWA1,OK,Overnight,USPS,Delivered,71,12.51,80.81,0.05,5.99,5456.62
7004805,3/6/2025,17183,3807,524,WHPA1,AK,Ground,FedEx,Delivered,110,7.85,88.52,0,15.87,9753.07
7004806,7/9/2024,17035,4770,464,WHIL1,VT,Ground,UPS,Delivered,103,32.57,65.44,0,16.96,6757.28
7004807,4/2/2023,11657,3256,534,WHPA1,AR,Ground,FedEx,Delivered,92,21.62,50.48,0,28.81,4672.97
7004808,8/8/2025,14174,5411,677,WHGA1,WY,Ground,UPS,Delivered,152,18.7,207.14,0,6.08,31491.36
7004809,10/6/2023,15442,1901,493,WHFL1,MS,Ground,UPS,Cancelled,83,6.48,66.56,0,25.75,5550.23
7004810,4/21/2025,18999,2751,385,WHGA1,WV,Ground,FedEx,InTransit,2,18.58,10.12,0.05,9.8,29.03
7004811,7/18/2023,13313,5900,543,WHTX1,TN,Ground,FedEx,InTransit,85,12.27,10.97,0.05,16.66,902.49
7004812,4/14/2025,18646,4296,473,WHIL1,AK,Ground,UPS,Delivered,84,6.48,139.46,0.15,8.74,9966.18
7004813,1/16/2023,12325,4160,693,WHTX1,VA,2Day,FedEx,Delivered,8,9.39,16.62,0,9.44,142.4
7004814,5/31/2024,19640,2453,337,WHCA1,AK,Ground,FedEx,InTransit,54,5.36,40.99,0,12.86,2226.32
7004815,1/4/2025,15596,2244,387,WHCA1,WY,Ground,UPS,InTransit,91,6.52,25.62,0,3.65,2335.07
7004816,7/18/2025,15985,3323,429,WHNJ1,AL,2Day,UPS,Delivered,101,5.03,48.55,0,15.11,4918.66
7004817,6/18/2025,12512,2671,494,WHGA1,IL,Overnight,DHL,Pending,148,17.75,78.62,0,20.65,11656.41
7004818,3/4/2025,10363,3028,619,WHIL1,CO,Ground,USPS,Cancelled,133,9.58,37.68,0,16.4,5027.84
7004819,5/24/2025,13455,2769,343,WHIL1,MI,2Day,UPS,Delivered,14,5.68,33.9,0.05,66.98,517.85
7004820,8/17/2023,12799,4664,656,WHTX1,KY,Ground,UPS,Delivered,83,13.64,99.97,0,19,8316.51
7004821,11/9/2023,14621,3303,459,WHPA1,WI,Ground,UPS,Delivered,81,10.01,378.67,0,16.2,30688.47
7004822,11/11/2023,13256,2170,405,WHPA1,MI,2Day,UPS,Cancelled,37,18.78,87.59,0.05,4.44,3083.23
7004823,12/28/2023,11218,5711,529,WHTX1,TX,2Day,UPS,Delivered,22,10.83,31.64,0.05,30.54,691.82
7004824,1/13/2024,11486,3433,517,WHFL1,CO,Ground,USPS,Delivered,24,4.22,110.4,0,22.49,2672.09
7004825,7/9/2024,15350,1387,564,WHPA1,AZ,Ground,DHL,Delivered,21,7.42,203.41,0.15,54.12,3684.99
7004826,7/8/2023,17196,3431,349,WHIL1,VA,Ground,USPS,Delivered,124,4.99,126.3,0,36.14,15697.34
7004827,11/21/2024,17751,4349,652,WHWA1,CO,Ground,UPS,Delivered,18,14.02,20.36,0,5.89,372.37
7004828,7/17/2023,16080,2406,423,WHWA1,KY,2Day,UPS,Delivered,32,19.17,86.86,0,6.15,2785.67
7004829,11/23/2023,19400,1124,603,WHWA1,OH,Ground,FedEx,InTransit,26,3.96,43.51,0,39.58,1170.84
7004830,5/22/2024,19641,4998,325,WHTX1,WI,Ground,FedEx,Delivered,103,9.28,62.25,0,7.74,6419.49
7004831,2/5/2025,18036,4453,431,WHWA1,DC,Ground,UPS,InTransit,19,19.97,46.18,0,19.32,896.74
7004832,12/17/2024,11508,4897,670,WHPA1,WY,2Day,FedEx,Delivered,3,3.92,100.91,0.15,7.12,264.44
7004833,10/24/2024,11004,2625,524,WHNJ1,OR,Ground,FedEx,Delivered,47,7.7,46.87,0,16.21,2219.1
7004834,7/3/2023,16404,2182,399,WHGA1,WA,Ground,FedEx,InTransit,37,10,161.88,0,37.79,6027.35
7004835,7/12/2024,10926,1728,652,WHNJ1,OH,Overnight,FedEx,Delivered,50,18.97,59.88,0.15,40.48,2585.38
7004836,4/13/2023,18276,4885,590,WHPA1,MN,Ground,FedEx,Delivered,112,13.87,51.31,0,29.98,5776.7
7004837,12/28/2023,16584,4671,497,WHCA1,DE,2Day,UPS,Delivered,2,15.67,89.53,0,17.72,196.78
7004838,2/6/2024,13928,2142,409,WHIL1,CT,Ground,FedEx,Delivered,5,14.35,77.05,0,19.05,404.3
7004839,2/16/2023,19735,3376,648,WHNJ1,WY,Ground,UPS,Delivered,31,7.99,91.34,0,38.28,2869.82
7004840,11/3/2023,10986,5032,520,WHNJ1,GA,Ground,UPS,Delivered,147,26.81,54.66,0,3.03,8038.05
7004841,8/8/2025,14232,1359,564,WHTX1,MT,Ground,UPS,Delivered,20,6.69,152.7,0,8.78,3062.78
7004842,8/7/2025,15303,4743,508,WHTX1,GA,Ground,UPS,Delivered,198,1.89,120,0,20.15,23780.15
7004843,12/15/2023,15292,3845,619,WHTX1,ME,Ground,DHL,Pending,124,3.39,59.49,0.25,24.39,5556.96
7004844,2/20/2023,10909,5539,382,WHPA1,MN,Ground,UPS,Delivered,59,9.32,106.72,0,48.48,6344.96
7004845,7/30/2023,15052,3212,325,WHFL1,NM,Ground,USPS,Delivered,110,8.2,49.91,0.05,13.74,5229.33
7004846,1/12/2024,12587,1973,486,WHFL1,NC,Ground,UPS,Delivered,68,7.25,89.44,0,52.88,6134.8
7004847,8/2/2025,19336,1361,685,WHWA1,AK,Ground,UPS,InTransit,76,10.94,106.92,0,35.88,8161.8
7004848,6/16/2023,11332,3633,308,WHCA1,NV,Ground,FedEx,Pending,78,20.55,71.46,0,15.18,5589.06
7004849,12/30/2024,16852,4191,424,WHNJ1,NY,Ground,UPS,Delivered,90,13.13,33.79,0.15,8.43,2593.36
7004850,5/9/2023,19746,5949,449,WHGA1,NC,Ground,FedEx,Delivered,7,14.76,26.02,0.05,6.06,179.09
7004851,8/30/2025,11807,2625,398,WHWA1,FL,Ground,UPS,Delivered,85,5.23,73.68,0,32.06,6294.86
7004852,12/31/2023,10806,4929,516,WHWA1,NH,Ground,USPS,InTransit,104,7.32,36.15,0.2,35.72,3043.4
7004853,1/11/2025,14148,2757,401,WHTX1,IA,Ground,UPS,Delivered,38,15.22,125.51,0.05,12.02,4542.93
7004854,12/10/2023,10072,1241,518,WHCA1,LA,Ground,FedEx,Pending,184,10.67,20.87,0.2,12.23,3084.29
7004855,10/2/2024,10028,5762,667,WHPA1,LA,Ground,UPS,Delivered,17,13.31,150.87,0.05,35.1,2471.65
7004856,8/10/2023,18661,1976,559,WHWA1,CT,2Day,FedEx,Delivered,154,14.45,62.18,0,13.93,9589.65
7004857,6/21/2023,13984,5319,691,WHCA1,IN,Ground,FedEx,Delivered,96,11.05,32.99,0.05,11.57,3020.26
7004858,7/22/2025,18956,3314,656,WHTX1,NH,Ground,UPS,Pending,93,25.83,43.75,0.25,46.54,3098.1
7004859,6/28/2025,17056,2306,311,WHIL1,WY,Ground,UPS,Delivered,143,7.27,52.03,0,6.06,7446.35
7004860,5/23/2025,16691,1788,359,WHWA1,ME,Overnight,FedEx,Delivered,130,6.12,84.14,0.1,4.81,9849.19
7004861,9/30/2024,19617,3429,550,WHNJ1,CA,Ground,USPS,Pending,43,3.47,25.45,0,106.46,1200.81
7004862,2/19/2025,13833,1556,440,WHTX1,SD,Ground,UPS,Delivered,101,15.67,30.66,0,1.44,3098.1
7004863,3/23/2023,19868,3110,635,WHGA1,WY,2Day,FedEx,Delivered,6,7.1,47.82,0,16.91,303.83
7004864,12/6/2023,10560,5943,338,WHNJ1,VT,Ground,FedEx,Delivered,60,21.37,58.72,0,47.54,3570.74
7004865,11/24/2023,17958,3650,422,WHCA1,CA,Ground,FedEx,Delivered,164,11.6,99.08,0.1,18.98,14643.19
7004866,10/12/2024,13832,2560,365,WHFL1,IA,Ground,DHL,Delivered,33,8.16,72.44,0,3.61,2394.13
7004867,12/17/2023,17345,5236,446,WHGA1,MT,Ground,FedEx,Delivered,6,5.31,45.68,0,17.67,291.75
7004868,6/24/2023,15172,2364,602,WHNJ1,MS,Ground,USPS,Delivered,79,16.62,70.8,0.05,23.93,5337.47
7004869,8/28/2024,10079,4960,425,WHWA1,ME,Ground,FedEx,Delivered,44,9.68,67.37,0.15,41.11,2560.75
7004870,2/26/2025,14930,1590,612,WHWA1,MD,2Day,UPS,InTransit,48,11.74,50.31,0,19.31,2434.19
7004871,12/31/2023,13648,2750,491,WHGA1,TX,Ground,FedEx,Cancelled,79,14.37,65.09,0,3.61,5145.72
7004872,6/5/2023,11032,1541,563,WHCA1,FL,2Day,USPS,InTransit,86,11.73,13.31,0,20.81,1165.47
7004873,8/15/2023,17382,3423,661,WHWA1,NV,2Day,USPS,InTransit,56,6.01,115.33,0,12,6470.48
7004874,9/25/2023,12073,1291,596,WHWA1,KS,Ground,UPS,Pending,66,13.67,88.05,0.05,64.71,5585.44
7004875,11/17/2023,16912,3091,482,WHTX1,HI,Ground,UPS,InTransit,194,16.36,171.22,0.3,23.74,23275.42
7004876,10/20/2024,16089,4936,459,WHFL1,ND,Ground,FedEx,Cancelled,173,12.41,34.01,0,21.63,5905.36
7004877,9/1/2024,11485,4959,653,WHGA1,MO,Ground,FedEx,Delivered,102,14.61,89.51,0,24.53,9154.55
7004878,11/24/2024,15839,4860,608,WHTX1,SC,Ground,UPS,Delivered,19,15.45,15.81,0.05,8.74,294.11
7004879,12/21/2023,11551,2256,587,WHFL1,MA,Ground,UPS,Delivered,45,7.88,17.43,0,15.9,800.25
7004880,3/10/2025,15498,1008,462,WHCA1,CA,2Day,FedEx,Pending,145,7.71,50.83,0,27.01,7397.36
7004881,8/21/2023,14683,2658,563,WHFL1,HI,Ground,FedEx,Delivered,54,38.04,40.02,0.05,38.96,2091.99
7004882,4/11/2024,11830,5579,517,WHCA1,TX,Ground,USPS,InTransit,172,22.15,124.9,0,40.12,21522.92
7004883,2/11/2025,13752,5429,481,WHWA1,FL,2Day,USPS,Delivered,63,9.71,136.89,0,32.44,8656.51
7004884,8/1/2023,16082,2257,391,WHGA1,HI,Ground,UPS,Pending,138,15.06,147.36,0,54.36,20390.04
7004885,5/10/2023,16602,4951,317,WHGA1,OR,Ground,USPS,Delivered,4,5.7,91.18,0.15,19.9,329.91
7004886,5/19/2025,14460,2040,425,WHCA1,SD,Ground,FedEx,Delivered,55,6.98,93.98,0,26.52,5195.42
7004887,12/10/2023,13857,3117,560,WHGA1,AL,Ground,DHL,InTransit,100,4.73,24.46,0,19.46,2465.46
7004888,11/18/2024,16183,1685,678,WHWA1,MT,Ground,UPS,Delivered,139,11.87,159.83,0,29.51,22245.88
7004889,1/30/2023,16084,5019,655,WHGA1,GA,Overnight,UPS,Delivered,83,11.95,144.12,0,35.01,11996.97
7004890,11/21/2024,17971,2798,514,WHGA1,SC,Ground,FedEx,Delivered,21,19.16,22.84,0,6.69,486.33
7004891,11/26/2023,12095,2825,539,WHPA1,ME,Ground,USPS,Delivered,146,8.81,83.26,0.1,12.7,10953.06
7004892,3/7/2023,16239,4535,480,WHGA1,KS,Ground,USPS,Delivered,77,18.96,40.92,0,25.38,3176.22
7004893,9/11/2024,13033,1063,472,WHNJ1,VT,Ground,FedEx,Delivered,13,14.8,219,0.1,9.25,2571.55
7004894,9/28/2023,11549,1261,443,WHCA1,OR,Ground,UPS,InTransit,60,43.73,30.32,0,9.19,1828.39
7004895,1/5/2024,18560,4572,617,WHCA1,WY,Ground,FedEx,Delivered,100,27.19,64.02,0,11.6,6413.6
7004896,4/5/2023,10065,4193,544,WHIL1,SD,Ground,USPS,Delivered,58,24.48,68.34,0,6.27,3969.99
7004897,6/23/2023,13300,5954,532,WHTX1,AR,Ground,FedEx,InTransit,141,16.51,57.8,0,7.25,8157.05
7004898,11/16/2023,14850,2489,472,WHIL1,IN,Ground,FedEx,Delivered,54,5.85,269.94,0.15,9.02,12399.27
7004899,4/16/2023,15640,2131,577,WHGA1,NJ,Overnight,UPS,Delivered,79,11.92,195.99,0,9.03,15492.24
7004900,6/20/2025,12036,5276,377,WHGA1,CT,Ground,FedEx,Delivered,25,38.52,19.07,0.05,6.48,459.39
7004901,1/8/2023,15675,1355,603,WHWA1,ID,Ground,FedEx,Delivered,67,13.56,84.38,0.15,27.78,4833.22
7004902,4/29/2024,12229,3775,631,WHWA1,MS,Ground,DHL,Delivered,27,6.11,59.53,0,23.36,1630.67
7004903,5/26/2023,15621,1589,349,WHFL1,RI,Ground,FedEx,Cancelled,27,12.23,107.59,0,43.88,2948.81
7004904,11/21/2023,10597,1605,548,WHNJ1,TX,Ground,FedEx,Delivered,34,5.52,69.64,0,12.83,2380.59
7004905,7/8/2025,13607,3229,583,WHNJ1,MI,Ground,DHL,Delivered,5,5.98,33.97,0,6.81,176.66
7004906,7/10/2023,13890,1174,587,WHNJ1,WA,Overnight,UPS,Delivered,19,12.81,29.02,0.05,9.49,533.3
7004907,8/17/2025,13507,1354,332,WHNJ1,NJ,2Day,UPS,Delivered,54,15.59,45.29,0.1,42.65,2243.74
7004908,8/22/2023,11396,4291,458,WHNJ1,RI,Ground,FedEx,Delivered,16,6.2,55.15,0.05,42.47,880.75
7004909,12/18/2024,19779,1434,318,WHNJ1,MD,2Day,UPS,Delivered,16,7.15,68.72,0,29.29,1128.81
7004910,7/11/2024,17530,3953,681,WHNJ1,MT,Ground,UPS,Delivered,178,4.25,40.24,0,9.75,7172.47
7004911,5/20/2025,18304,1259,363,WHNJ1,WI,Ground,USPS,Delivered,54,9.25,198.05,0.05,13.36,10173.33
7004912,7/20/2024,10453,1868,428,WHFL1,CA,Ground,FedEx,InTransit,51,3.11,87.27,0.15,23.69,3806.84
7004913,6/27/2024,17337,3607,316,WHPA1,SC,Ground,UPS,Delivered,32,8.36,110.62,0.05,17.13,3379.98
7004914,8/14/2023,12632,4646,463,WHNJ1,TN,Ground,UPS,InTransit,67,10.49,54.45,0,28.78,3676.93
7004915,7/15/2023,12187,1596,551,WHCA1,CO,Ground,UPS,Delivered,81,3.49,29.02,0,43.49,2394.11
7004916,6/26/2025,15968,1394,437,WHNJ1,ND,Ground,FedEx,Delivered,53,5.46,111.35,0.1,32.16,5343.55
7004917,12/2/2023,16375,5432,618,WHTX1,CA,Ground,UPS,Delivered,50,9.65,29.93,0,17.3,1513.8
7004918,12/26/2023,15359,3111,595,WHNJ1,GA,Ground,USPS,Pending,100,8.89,14.56,0,62.14,1518.14
7004919,12/28/2024,14349,4865,479,WHPA1,NV,2Day,FedEx,Delivered,169,9.14,89.15,0.05,46.47,14359.5
7004920,12/8/2023,11460,5140,529,WHFL1,AZ,Ground,UPS,Delivered,143,11.89,35.35,0,1.21,5056.26
7004921,8/5/2025,11943,3201,671,WHWA1,IL,Ground,UPS,Delivered,14,3.67,47.48,0,6.89,671.61
7004922,12/16/2024,15423,4998,694,WHWA1,WV,Ground,FedEx,InTransit,91,15.3,97.53,0,9.64,8884.87
7004923,8/29/2024,15197,4854,480,WHGA1,WA,Ground,UPS,Delivered,1,8.26,31.28,0.15,16.06,42.65
7004924,5/15/2025,10062,5950,696,WHPA1,AK,Overnight,FedEx,Delivered,88,6.99,19.55,0,41.82,1762.22
7004925,2/28/2023,11495,4755,372,WHPA1,OH,Ground,USPS,Delivered,60,3.27,140.88,0.15,9.39,7194.27
7004926,10/18/2023,11181,5371,618,WHGA1,WY,Ground,UPS,Delivered,64,8.52,57.6,0,14.79,3701.19
7004927,4/6/2024,16269,4430,687,WHNJ1,WA,Ground,UPS,Delivered,80,13.6,144.67,0.1,26.96,10443.2
7004928,9/12/2023,12789,5522,383,WHFL1,NV,2Day,USPS,InTransit,109,10.89,93,0.15,15.83,8632.28
7004929,12/19/2024,14637,5579,679,WHFL1,OR,2Day,UPS,Delivered,106,11.08,94.94,0,44.22,10107.86
7004930,6/30/2025,14722,1214,695,WHNJ1,MN,2Day,UPS,Delivered,5,8.16,67.27,0.1,22.65,325.36
7004931,2/18/2024,15711,3127,436,WHGA1,TX,Ground,UPS,Delivered,108,9.64,67.23,0,21.91,7282.75
7004932,12/10/2023,17703,1139,518,WHTX1,MN,Ground,USPS,Delivered,130,5.15,132.75,0,18.11,17275.61
7004933,8/13/2025,10106,5194,409,WHIL1,OH,Ground,USPS,Delivered,8,9.97,106.11,0,8.83,857.71
7004934,3/14/2024,19347,4961,678,WHCA1,SD,Ground,UPS,Delivered,40,7.45,39.73,0.1,22.84,1453.12
7004935,5/5/2024,14088,1664,419,WHGA1,RI,Ground,FedEx,Delivered,120,5.09,84.73,0.05,6.26,9665.48
7004936,12/15/2023,19901,3833,694,WHNJ1,NY,Ground,UPS,InTransit,64,15.73,38.89,0,28.06,2517.02
7004937,6/18/2025,13926,2074,318,WHCA1,AK,2Day,FedEx,Delivered,99,3.89,48.21,0,43.86,4816.65
7004938,8/5/2024,11909,5575,632,WHWA1,WA,Ground,UPS,Delivered,66,13.7,89.32,0.1,22.47,5328.08
7004939,12/30/2024,12050,5023,454,WHWA1,UT,2Day,UPS,Delivered,184,14.22,38.48,0,26.51,7106.83
7004940,2/23/2025,19467,1162,311,WHNJ1,WV,Ground,USPS,InTransit,163,7.29,66.53,0,14.88,10859.27
7004941,12/10/2023,19138,2501,438,WHIL1,KS,Ground,UPS,InTransit,34,18.56,78.29,0,43.15,2705.01
7004942,2/29/2024,18173,4179,687,WHIL1,KS,Ground,UPS,Delivered,48,7.2,47.31,0,17.93,2288.81
7004943,4/8/2025,13905,5491,362,WHGA1,DC,Ground,USPS,Delivered,55,6.93,99.3,0,28.14,5489.64
7004944,12/21/2023,13797,5897,371,WHCA1,AZ,Ground,FedEx,Delivered,12,4.87,44.11,0.1,16.4,492.79
7004945,2/2/2025,10293,1186,361,WHPA1,NV,2Day,FedEx,Delivered,51,9.95,116.07,0.1,25.39,5353
7004946,7/25/2025,16267,5654,432,WHFL1,NH,Ground,USPS,Pending,116,5.63,65.75,0.05,14.37,7260.02
7004947,9/27/2024,16371,2981,361,WHFL1,MD,2Day,FedEx,Delivered,134,6.22,67.72,0.05,30.43,8651.19
7004948,12/18/2024,14861,5542,692,WHCA1,OK,2Day,UPS,Delivered,146,9.62,31.98,0,1.98,4671.06
7004949,2/15/2025,13730,4989,658,WHWA1,NC,Ground,UPS,Delivered,2,9.86,50.91,0,30.56,132.38
7004950,4/3/2025,17963,1830,569,WHPA1,MI,2Day,UPS,Delivered,120,21.25,68.77,0.05,61.35,7901.13
7004951,1/15/2024,15511,4520,312,WHWA1,DE,2Day,UPS,Pending,66,17.48,122.91,0.3,35.41,5713.85
7004952,3/2/2023,18620,4512,335,WHIL1,WA,Overnight,FedEx,Delivered,25,13.92,47.9,0,18.94,1216.44
7004953,1/23/2024,16762,4329,351,WHNJ1,MS,2Day,UPS,Delivered,65,9.16,122.59,0.25,16.98,5993.24
7004954,11/12/2024,16111,4349,343,WHFL1,OR,2Day,UPS,Delivered,134,7.85,35.35,0.3,29.96,3345.79
7004955,3/20/2024,16956,3486,528,WHPA1,MD,Ground,UPS,Delivered,55,9.84,75.81,0,12.11,4181.66
7004956,12/22/2024,10107,5612,411,WHPA1,ID,Ground,UPS,Delivered,192,7.16,42.08,0.15,18.05,6885.51
7004957,12/18/2023,14755,2226,622,WHGA1,MD,2Day,FedEx,Delivered,85,6.57,176.84,0.05,8.98,14288.81
7004958,10/11/2024,15279,5852,315,WHTX1,MD,2Day,UPS,Delivered,64,9.54,155.85,0,38.07,10012.47
7004959,8/6/2023,16409,3845,477,WHIL1,AR,Ground,UPS,InTransit,36,5.9,73.28,0,19.18,2657.26
7004960,12/23/2024,17636,3734,462,WHPA1,NJ,Ground,DHL,Delivered,2,6.13,41.26,0.05,23.92,102.31
7004961,7/10/2024,11226,5421,339,WHWA1,NM,Ground,FedEx,Delivered,84,17.73,20.75,0.1,8.25,1576.95
7004962,8/21/2023,14251,4997,326,WHWA1,MI,Ground,FedEx,Cancelled,78,4.37,78.19,0,29.46,6128.28
7004963,11/13/2023,10896,3671,412,WHIL1,IA,Ground,FedEx,Delivered,68,5.36,69.38,0,14.95,4732.79
7004964,12/22/2024,11621,5783,351,WHWA1,PA,Ground,FedEx,InTransit,71,21.47,109.4,0.05,21.85,7400.88
7004965,4/27/2024,15089,2499,667,WHGA1,OR,2Day,UPS,Delivered,133,7.9,21.5,0,18.57,2878.07
7004966,8/31/2023,15420,2689,688,WHNJ1,NV,Ground,UPS,Delivered,39,22.83,66.25,0.15,45.27,2241.46
7004967,8/18/2025,11386,3448,398,WHCA1,HI,Ground,FedEx,Delivered,73,4.96,81.02,0.2,8.29,4739.86
7004968,12/4/2024,12434,1868,675,WHIL1,IN,2Day,UPS,Delivered,96,10.45,31.91,0.05,57.45,2967.64
7004969,8/10/2025,11302,5313,470,WHGA1,HI,2Day,UPS,InTransit,25,15.89,65.1,0,14.92,1642.42
7004970,2/22/2024,16859,4009,356,WHGA1,FL,Ground,UPS,Delivered,159,5.81,36.07,0.15,5.34,4880.2
7004971,4/18/2024,18951,4525,521,WHGA1,MS,Ground,UPS,Cancelled,108,27.31,33.67,0.1,20.8,3293.52
7004972,6/5/2025,18939,3013,625,WHFL1,GA,Ground,USPS,Delivered,6,7.91,41.39,0,19.67,268.01
7004973,6/16/2024,18785,1240,446,WHWA1,PA,2Day,UPS,Delivered,139,13.57,49.8,0,8.02,6930.22
7004974,11/30/2024,15645,1048,560,WHFL1,TX,Ground,UPS,Delivered,161,6.66,142.8,0,97.32,23088.12
7004975,10/12/2023,15089,5050,429,WHFL1,SD,Ground,FedEx,Delivered,121,24.47,47.9,0,42.77,5838.67
7004976,3/16/2024,19261,4458,350,WHCA1,OR,2Day,FedEx,Delivered,54,12,33.19,0,45.46,1837.72
7004977,5/26/2023,15441,4280,640,WHFL1,TN,Overnight,FedEx,Delivered,195,35.2,105.99,0,43.88,20711.93
7004978,8/22/2023,17494,4229,626,WHIL1,NY,Ground,UPS,Delivered,15,20.29,123.19,0.1,15.11,1678.18
7004979,1/2/2023,16292,2249,320,WHPA1,MD,Ground,FedEx,Cancelled,71,16.52,106.48,0,82.36,7642.44
7004980,2/16/2023,13308,2168,474,WHGA1,IN,Ground,FedEx,Pending,20,5.64,156.46,0.05,30.05,3002.79
7004981,8/27/2025,18895,4491,583,WHCA1,PA,Ground,UPS,Cancelled,56,10.52,68.64,0.2,22.21,3097.28
7004982,9/30/2023,14709,5971,326,WHFL1,AR,Ground,UPS,Delivered,160,8.27,66.9,0.05,11.86,10180.66
7004983,11/6/2024,10105,2898,460,WHNJ1,MS,Ground,DHL,Delivered,121,10.16,36.66,0.1,21.16,4013.43
7004984,3/27/2025,19690,4537,310,WHTX1,NY,Ground,UPS,Pending,118,10.93,159.76,0.15,17.5,16041.43
7004985,7/16/2024,13834,3180,382,WHIL1,GA,Ground,UPS,Delivered,44,5.83,56.25,0.05,27.81,2379.06
7004986,6/30/2023,10396,5721,556,WHCA1,TX,2Day,UPS,Delivered,163,9.1,48.51,0.05,13.4,7525.17
7004987,12/11/2024,13518,2971,405,WHTX1,KS,Ground,UPS,InTransit,46,9.44,45.57,0,42.34,2138.56
7004988,8/31/2024,13292,5697,440,WHTX1,RI,Ground,UPS,InTransit,5,5.45,93.69,0,16.12,484.57
7004989,12/13/2024,12011,3721,502,WHFL1,NY,Overnight,UPS,Delivered,88,16.16,63.61,0,19.9,5617.58
7004990,1/5/2025,14538,3382,644,WHCA1,LA,Ground,UPS,Delivered,45,11.43,68.51,0,15.31,3098.26
7004991,8/25/2025,19861,2944,324,WHWA1,MO,Overnight,UPS,Delivered,18,16.29,47.81,0,23.56,884.14
7004992,8/9/2024,14969,4147,673,WHPA1,CT,Ground,UPS,Delivered,163,13.4,52.22,0.15,32.09,7267.17
7004993,12/9/2023,14763,4484,346,WHPA1,WA,Ground,FedEx,Delivered,88,3.58,54.09,0.15,69.33,4115.26
7004994,10/27/2024,11052,4697,517,WHCA1,DC,Ground,FedEx,Delivered,165,6.07,162.3,0,16.47,26795.97
7004995,3/22/2023,12842,3826,692,WHCA1,LA,Ground,UPS,Delivered,79,26.96,17,0,17.09,1360.09
7004996,6/4/2025,16619,2828,355,WHGA1,WA,Ground,DHL,Delivered,8,16.02,82.11,0.2,20.48,545.98
7004997,5/21/2023,14724,1223,378,WHNJ1,LA,Ground,FedEx,Delivered,4,3.78,128.52,0.05,9.22,497.6
7004998,12/2/2023,17473,2747,459,WHPA1,AZ,Ground,FedEx,Delivered,150,13.26,16.57,0.1,4.33,2241.28
7004999,2/28/2025,17914,1530,644,WHGA1,AL,Ground,UPS,Delivered,5,6.07,57.07,0,10.6,295.95
7005000,8/29/2024,15525,1134,572,WHWA1,NC,Ground,USPS,Delivered,84,2.84,119.32,0,6.12,10029
7005001,1/13/2024,13585,4804,448,WHTX1,CT,Ground,USPS,Delivered,36,27.03,35.42,0,14.63,1289.75
7005002,4/16/2024,18540,5487,338,WHTX1,GA,Ground,UPS,InTransit,98,10.46,72.41,0,18.67,7114.85
7005003,4/15/2025,11264,1102,411,WHTX1,UT,Overnight,FedEx,Delivered,35,11.39,31.25,0.15,6.72,936.41
7005004,12/8/2023,14666,4724,315,WHCA1,DE,Ground,FedEx,Pending,5,4.7,61.41,0,18.14,325.19
7005005,5/2/2025,18015,3729,378,WHWA1,NY,Overnight,UPS,InTransit,107,5.01,146.74,0,23.39,15724.57
7005006,4/14/2023,11352,3546,376,WHIL1,MN,Ground,FedEx,Delivered,38,3.85,196.62,0.05,33.2,7131.18
7005007,1/13/2025,16981,3559,628,WHGA1,KY,Ground,UPS,Pending,73,23.4,71.74,0,14.63,5251.65
7005008,4/6/2025,17191,4042,575,WHIL1,IN,Ground,UPS,Delivered,116,3.73,24.51,0,10.94,2854.1
7005009,8/2/2023,13828,3001,497,WHFL1,KY,2Day,UPS,Delivered,101,26.38,48.28,0.15,9.15,4153.99
7005010,2/26/2024,18862,1949,676,WHNJ1,MO,2Day,FedEx,Delivered,43,5.53,16.86,0.1,19.31,671.79
7005011,7/14/2023,12647,2569,519,WHNJ1,MA,2Day,FedEx,Delivered,110,4.79,48.84,0.2,27.06,4324.98
7005012,11/29/2024,10267,5937,363,WHGA1,CO,Ground,USPS,Delivered,159,9.67,117.88,0.05,20.66,17826.43
7005013,6/28/2024,19631,3054,661,WHTX1,MD,2Day,FedEx,Delivered,83,6.63,23.11,0.05,16.5,1838.72
7005014,10/11/2024,17435,4006,332,WHFL1,WI,Ground,UPS,Delivered,101,10.6,51.9,0,71.03,5312.93
7005015,8/14/2023,11023,1194,533,WHPA1,MD,Ground,UPS,Delivered,140,5.91,33.89,0,25.64,4770.24
7005016,8/27/2023,17948,1742,410,WHWA1,MT,Ground,USPS,Delivered,133,8.29,210.59,0,13.59,28022.06
7005017,2/18/2023,12038,4907,465,WHNJ1,NY,Ground,FedEx,Delivered,44,6.34,79.31,0.05,18.57,3333.73
7005018,11/29/2023,18757,3960,494,WHIL1,DE,2Day,FedEx,InTransit,193,16.77,108.81,0,5.48,21005.81
7005019,7/27/2024,17779,5569,307,WHIL1,VT,Ground,UPS,Delivered,4,13.6,73.64,0.15,31.19,281.57
7005020,4/18/2025,11060,3264,439,WHPA1,WV,Ground,FedEx,Delivered,189,11.6,102.21,0.05,14.81,18366.62
7005021,11/8/2024,11425,4421,643,WHCA1,UT,Ground,UPS,Delivered,30,18.82,127.84,0,17.56,3852.76
7005022,3/3/2024,14124,3924,587,WHTX1,NH,Overnight,UPS,Delivered,56,11.71,61.63,0,28.71,3479.99
7005023,8/6/2025,10220,4255,601,WHCA1,KY,Ground,FedEx,Delivered,145,11.13,41.37,0.05,29.28,5728
7005024,12/6/2024,10406,4240,356,WHGA1,LA,Ground,FedEx,Cancelled,29,9.31,31.18,0.1,35.03,848.83
7005025,7/13/2025,19830,4866,460,WHNJ1,SC,Ground,UPS,Delivered,27,6.51,205.5,0.1,3.24,4996.89
7005026,6/19/2024,12319,1038,449,WHPA1,LA,2Day,USPS,InTransit,89,6.52,106.57,0.05,14.4,9024.89
7005027,10/20/2023,19952,2699,587,WHPA1,HI,Overnight,UPS,InTransit,101,10.92,12.66,0,9.23,1287.89
7005028,3/4/2023,19867,5567,557,WHPA1,VT,Ground,UPS,Delivered,1,18.42,50.56,0.1,27.57,73.07
7005029,12/10/2024,18984,5027,439,WHCA1,ID,Ground,USPS,Pending,58,14.08,80.29,0.1,28.88,4220.02
7005030,5/23/2023,15059,4214,649,WHWA1,IA,2Day,UPS,Delivered,64,14.03,193.43,0.1,14.48,11156.05
7005031,11/19/2023,11310,2784,624,WHCA1,MT,Overnight,USPS,Cancelled,33,5.15,27.73,0,38.03,953.12
7005032,6/25/2024,17622,2967,592,WHGA1,AZ,Ground,USPS,Delivered,73,13.68,80.87,0.05,21.28,5629.61
7005033,8/1/2024,14930,1103,635,WHIL1,AZ,Ground,UPS,Delivered,18,7.87,45.36,0.2,54.48,707.66
7005034,9/1/2024,19523,1042,487,WHIL1,PA,2Day,FedEx,Cancelled,40,11.11,25.96,0,3.69,1042.09
7005035,7/15/2023,18703,3995,623,WHFL1,OH,Ground,UPS,Delivered,103,13.93,153.88,0.05,20.2,15077.36
7005036,12/30/2023,18684,4219,484,WHGA1,FL,Ground,UPS,Pending,142,5,30.55,0,18.63,4356.73
7005037,9/20/2024,11618,3991,607,WHWA1,TX,Ground,FedEx,Delivered,80,10.99,118.38,0,10.21,9480.61
7005038,8/20/2025,11521,5289,686,WHPA1,SC,Ground,UPS,Delivered,9,11.52,19.65,0,31.15,208
7005039,12/11/2024,17893,4370,562,WHIL1,AR,Ground,UPS,Delivered,96,18.21,42.58,0.15,37.42,3511.95
7005040,7/4/2025,11584,2062,610,WHGA1,MD,Overnight,FedEx,Cancelled,149,7.33,89.55,0,2.77,13345.72
7005041,12/30/2024,16705,3550,644,WHIL1,IA,Ground,FedEx,Delivered,66,9.64,99.1,0.25,38.75,4944.2
7005042,8/24/2024,17989,2677,445,WHWA1,NH,2Day,FedEx,Delivered,64,11.07,81.46,0.1,57.65,4749.75
7005043,8/10/2023,16584,4690,561,WHFL1,CA,2Day,FedEx,Delivered,193,7.33,119.6,0,25.22,23108.02
7005044,11/8/2024,11576,4998,302,WHGA1,RI,Ground,FedEx,Cancelled,88,7.25,49.02,0,8.28,4322.04
7005045,9/27/2024,16936,1326,614,WHIL1,SC,2Day,USPS,Delivered,124,7.09,159.02,0,35.76,19754.24
7005046,9/3/2024,19954,2121,312,WHPA1,CT,Ground,UPS,Delivered,90,9.26,77.01,0.1,8.15,6245.96
7005047,5/6/2024,16177,1108,561,WHWA1,DE,Ground,FedEx,Delivered,26,28.53,100.35,0,44.95,2654.05
7005048,6/20/2024,19239,3679,662,WHCA1,NY,Ground,UPS,Delivered,35,9.46,77.39,0,6.24,2714.89
7005049,12/6/2023,12614,1335,469,WHWA1,OK,Ground,DHL,InTransit,94,13.4,84.64,0,44.07,8000.23
7005050,6/9/2024,13893,3040,448,WHCA1,NC,Ground,UPS,Delivered,59,10.19,29.77,0,5.31,1761.74
7005051,8/15/2023,18654,1804,500,WHWA1,OR,Ground,DHL,Delivered,51,8.32,31.04,0.05,16.86,1520.75
7005052,2/15/2025,16734,2849,685,WHFL1,NY,Ground,FedEx,Delivered,3,9.86,41.08,0,33.03,156.27
7005053,8/5/2023,14432,1767,612,WHPA1,TX,Ground,FedEx,Delivered,145,15.87,86,0,38.19,12508.19
7005054,4/11/2023,18113,4528,370,WHIL1,OK,Overnight,FedEx,Delivered,145,9.68,39.74,0,36.84,5799.14
7005055,3/4/2024,11382,3307,612,WHPA1,ND,Overnight,UPS,InTransit,59,9.08,48.77,0,60.53,2937.96
7005056,11/4/2024,19338,3830,354,WHGA1,WI,Ground,FedEx,Delivered,100,8.69,57.03,0.1,35.65,5168.35
7005057,3/5/2024,13516,2489,695,WHCA1,MO,Ground,UPS,Delivered,21,5.51,161.88,0.05,8.13,3237.64
7005058,11/5/2023,14455,5130,559,WHNJ1,UT,Ground,USPS,Delivered,66,18.66,91.5,0.05,8.87,5745.92
7005059,7/25/2024,17770,4567,651,WHFL1,NY,Ground,FedEx,InTransit,56,7.65,21.57,0,24.6,1232.52
7005060,12/12/2023,16490,3374,328,WHIL1,AK,2Day,USPS,Delivered,92,24.15,67.1,0,13.66,6186.86
7005061,7/16/2025,18385,1837,667,WHNJ1,FL,2Day,UPS,Pending,61,11.58,48.52,0.1,35.21,2698.96
7005062,7/4/2025,13535,4310,663,WHNJ1,PA,Ground,UPS,Delivered,65,23.25,51.14,0,20.01,3344.11
7005063,5/20/2024,10756,4613,420,WHWA1,NH,Ground,FedEx,Delivered,36,8.87,60.03,0,32.14,2193.22
7005064,12/2/2023,19877,5835,433,WHFL1,PA,Ground,UPS,Delivered,6,6.44,131.95,0,13.81,805.51
7005065,12/16/2024,12526,3792,680,WHTX1,LA,Ground,USPS,Delivered,156,18.7,33.95,0,39.74,5335.94
7005066,2/13/2023,10828,5213,390,WHNJ1,MI,2Day,FedEx,Pending,2,7.14,69.2,0.05,19.17,150.65
7005067,4/18/2024,19082,4984,316,WHNJ1,OH,Ground,UPS,Delivered,34,21.63,73.54,0,31.73,2532.09
7005068,12/7/2023,14749,4769,587,WHPA1,IA,2Day,FedEx,Delivered,57,14.15,51.39,0,25.88,2955.11
7005069,7/1/2025,12334,2505,584,WHTX1,CT,Ground,FedEx,Delivered,39,24.08,38.38,0.05,22.04,1444.02
7005070,1/15/2023,14947,3451,691,WHTX1,IL,Ground,FedEx,Delivered,74,5.57,35.36,0.1,11.41,2366.39
7005071,7/19/2024,18303,4045,530,WHTX1,TN,Ground,FedEx,InTransit,59,17.75,44.7,0,8.18,2645.48
7005072,12/18/2024,18047,3034,437,WHFL1,OK,Ground,UPS,Pending,31,6.4,100.55,0,57.91,3174.96
7005073,4/30/2024,18985,2700,595,WHGA1,KS,2Day,UPS,Delivered,10,2.37,46.69,0,27.78,494.68
7005074,4/11/2023,17182,3281,527,WHTX1,SD,2Day,FedEx,Delivered,16,17.12,55.98,0,13.81,909.49
7005075,8/22/2025,13415,2308,327,WHPA1,MA,2Day,UPS,Delivered,63,9.96,26.69,0,11.4,1692.87
7005076,6/8/2024,19502,3528,632,WHGA1,NV,Ground,FedEx,Pending,134,17.81,43.05,0,15.01,5783.71
7005077,9/17/2024,16458,4839,417,WHIL1,GA,2Day,FedEx,Cancelled,12,10.57,70.45,0,20.76,866.16
7005078,9/24/2023,16750,1976,389,WHGA1,ME,Ground,USPS,Cancelled,96,10.13,18.68,0.1,35.19,1649.14
7005079,4/28/2024,10297,3057,407,WHIL1,KY,Ground,DHL,Delivered,120,24.56,124.68,0,5.16,14966.76
7005080,2/24/2024,19822,5811,521,WHTX1,AL,Ground,FedEx,Delivered,34,10.74,39.62,0.1,6.48,1218.85
7005081,3/30/2023,10569,3427,523,WHTX1,IL,Ground,UPS,Delivered,94,7.52,206.12,0,15.19,19390.47
7005082,5/5/2023,15284,4675,422,WHIL1,OK,2Day,FedEx,Delivered,98,9.48,80.51,0.05,19.73,7515.21
7005083,3/25/2025,17665,3429,682,WHCA1,WA,Ground,UPS,Delivered,102,10.99,16.61,0.2,22.13,1377.51
7005084,9/27/2023,17512,5940,654,WHPA1,TN,Ground,UPS,Delivered,147,1.81,72.87,0.2,47.6,8617.11
7005085,8/13/2023,15466,4734,333,WHGA1,MD,Ground,FedEx,Delivered,50,13.43,48.03,0,15.26,2416.76
7005086,5/23/2024,18264,1360,391,WHPA1,SD,Ground,USPS,Delivered,29,22.6,73.5,0,1.88,2133.38
7005087,1/3/2025,14383,3224,484,WHPA1,SC,Ground,UPS,Delivered,72,9.71,186.06,0.15,17.81,11404.68
7005088,3/14/2023,10066,1485,676,WHNJ1,CO,Ground,UPS,Delivered,8,7.77,98.28,0,43.01,829.25
7005089,8/12/2024,10880,2429,558,WHTX1,MN,2Day,FedEx,Delivered,41,12.62,51.23,0.15,29.76,1815.13
7005090,5/21/2023,18260,3081,698,WHGA1,TN,Ground,USPS,Delivered,145,28.47,22.57,0.05,10.72,3119.74
7005091,2/13/2023,19409,1696,313,WHPA1,MS,2Day,UPS,Delivered,70,13.25,110.53,0.15,2.1,6578.64
7005092,3/3/2023,17223,5661,324,WHGA1,WI,Ground,UPS,Delivered,56,11.37,85.73,0.05,39.56,4600.4
7005093,3/21/2025,15070,1202,625,WHPA1,CA,Ground,USPS,InTransit,32,7.91,134.95,0.3,48.55,3071.43
7005094,5/19/2023,13240,4858,334,WHTX1,NY,Ground,UPS,Delivered,30,5.26,54.29,0,6.06,1634.76
7005095,2/23/2023,10508,2199,547,WHPA1,VA,Ground,FedEx,Delivered,28,10.14,73.77,0,27.38,2092.94
7005096,3/6/2024,17705,2268,643,WHIL1,KY,Ground,FedEx,Delivered,130,10.25,50.5,0,35.35,6600.35
7005097,4/2/2025,11126,3971,319,WHTX1,HI,Ground,UPS,Pending,188,3.14,63.76,0,1.65,11988.53
7005098,10/24/2023,10886,1074,330,WHGA1,NE,Overnight,FedEx,Delivered,71,6.47,20.78,0,32.09,1507.47
7005099,2/15/2024,12842,1096,349,WHFL1,AR,Ground,USPS,Delivered,10,20.04,74.97,0.15,31.41,668.66
7005100,2/16/2023,17976,5269,480,WHCA1,MN,Overnight,UPS,Pending,111,8.57,78.42,0.05,47.05,8316.44
7005101,3/19/2024,16566,4478,670,WHPA1,MN,Ground,UPS,Delivered,143,2.29,42.17,0.05,14.84,5743.63
7005102,8/12/2024,16084,3203,672,WHIL1,WI,2Day,FedEx,Delivered,162,26.14,91.74,0,8.26,14870.14
7005103,8/7/2024,14871,1258,526,WHTX1,ND,Ground,UPS,Pending,87,5.86,110.51,0.25,31.26,7242.04
7005104,12/5/2023,12526,4659,695,WHNJ1,MA,Ground,FedEx,InTransit,66,7.54,159.89,0,37.67,10590.41
7005105,11/25/2023,19118,5426,378,WHFL1,MI,Ground,USPS,Delivered,85,18.91,29.38,0,16.28,2513.58
7005106,5/6/2023,14216,3807,507,WHFL1,AL,Ground,USPS,Cancelled,2,6.41,95.86,0.1,33.5,206.05
7005107,12/23/2023,11939,5257,335,WHTX1,NY,2Day,UPS,Delivered,92,3.07,153.07,0.1,28.22,12702.42
7005108,4/28/2023,13233,1186,550,WHWA1,NV,2Day,UPS,Delivered,102,11.39,46.94,0,40.64,4828.52
7005109,1/1/2025,13745,1143,371,WHFL1,LA,Ground,UPS,Delivered,105,16.13,159.3,0,11.28,16737.78
7005110,8/18/2025,16222,4354,664,WHGA1,CT,Ground,USPS,Delivered,75,7.55,36.1,0,23.66,2731.16
7005111,8/21/2025,13466,1640,610,WHGA1,PA,Ground,UPS,Delivered,100,9.29,63,0,27.52,6327.52
7005112,4/27/2025,10441,4750,579,WHNJ1,CO,Ground,UPS,Cancelled,89,4.93,17.91,0.1,20,1454.59
7005113,9/1/2024,10462,3075,452,WHIL1,IN,Ground,USPS,Delivered,14,5.5,16.24,0.05,30.69,246.68
7005114,11/27/2024,18804,4969,527,WHGA1,NJ,Ground,FedEx,Delivered,150,8.24,20.23,0,36.84,3071.34
7005115,11/9/2023,15414,1202,543,WHIL1,UT,Ground,UPS,Delivered,86,14.76,161.98,0,44.24,13974.52
7005116,10/6/2024,15756,4093,310,WHIL1,VA,Ground,UPS,Delivered,106,10.6,34.86,0,19.24,3714.4
7005117,3/26/2024,15013,4166,617,WHTX1,IN,Ground,FedEx,Delivered,42,18.44,34.93,0.05,23.35,1417.06
7005118,4/26/2024,13164,4080,692,WHIL1,UT,Ground,FedEx,Delivered,157,26.97,79.85,0.15,14.24,10670.22
7005119,12/27/2024,16753,5568,348,WHPA1,SD,Ground,FedEx,InTransit,66,17.02,35.65,0.05,18.37,2253.62
7005120,11/8/2023,10006,3103,412,WHWA1,FL,Ground,UPS,InTransit,96,3.85,139.47,0,89.71,13478.83
7005121,11/27/2023,14777,1911,504,WHGA1,NM,2Day,UPS,Delivered,170,8.43,221.16,0,9.46,37606.66
7005122,7/6/2025,17039,2572,682,WHGA1,AK,Ground,FedEx,Delivered,156,16.92,12.67,0.15,42,1722.04
7005123,3/8/2023,16415,4449,457,WHCA1,LA,Ground,USPS,Delivered,90,9.31,86.36,0,21.88,7794.28
7005124,5/1/2024,15740,3160,643,WHFL1,CA,2Day,UPS,Delivered,20,3.78,14.18,0,17.22,300.82
7005125,6/22/2025,13971,5326,326,WHIL1,MT,Ground,UPS,Delivered,170,7.18,23.16,0,18.21,3955.41
7005126,9/12/2024,12607,3545,608,WHCA1,MN,Ground,FedEx,Delivered,188,2.56,83.82,0,1.86,15760.02
7005127,7/11/2024,10099,2330,466,WHTX1,ID,Ground,FedEx,Delivered,12,8.47,30.99,0.2,17.94,315.44
7005128,10/9/2023,10526,4614,549,WHCA1,IN,Ground,UPS,Delivered,58,6.63,72.02,0,8.84,4186
7005129,12/10/2023,16338,1461,562,WHFL1,IL,Ground,FedEx,Cancelled,73,8.05,61.32,0.05,12.13,4264.67
7005130,4/11/2025,11181,1807,564,WHIL1,OH,Ground,DHL,Delivered,11,20.32,18.93,0,31.6,239.83
7005131,7/26/2024,18068,4700,317,WHWA1,WA,Ground,FedEx,Delivered,23,4.5,95.06,0,26.4,2212.78
7005132,6/4/2024,19882,3274,376,WHFL1,IA,Ground,UPS,Delivered,71,6.5,73.97,0.05,38.61,5027.89
7005133,4/28/2023,19331,1059,554,WHGA1,OH,Ground,USPS,Delivered,176,5.04,61.65,0.1,23.01,9788.37
7005134,1/19/2023,14492,3476,506,WHWA1,ME,2Day,UPS,Delivered,4,19.02,38.12,0,26.58,179.06
7005135,8/15/2025,15923,5824,334,WHTX1,IA,Ground,UPS,Delivered,155,19.71,78.82,0.1,23.26,11018.65
7005136,12/28/2023,13072,2156,447,WHIL1,DC,Ground,FedEx,Delivered,150,12.41,24.25,0.15,18.39,3110.26
7005137,9/4/2024,15642,1498,626,WHWA1,DE,Ground,FedEx,InTransit,137,12.03,29.63,0.15,43.93,3494.34
7005138,4/4/2023,17382,5326,638,WHWA1,MN,Ground,USPS,InTransit,47,4.87,75.11,0,43.32,3573.49
7005139,11/17/2024,12793,5429,528,WHWA1,IL,2Day,UPS,Delivered,64,11.27,123.4,0,38.95,7936.55
7005140,7/15/2025,14779,4977,418,WHWA1,MN,2Day,UPS,Delivered,51,5.1,42.96,0.05,19.44,2100.85
7005141,8/11/2024,10015,2608,465,WHWA1,NM,Ground,USPS,Delivered,168,10.25,82.62,0.05,20.07,13206.22
7005142,5/29/2023,12416,1721,338,WHWA1,NJ,2Day,UPS,Delivered,69,8.14,69.26,0,37.9,4816.84
7005143,8/16/2024,12686,2275,658,WHTX1,TN,Ground,UPS,Delivered,10,7,80.19,0,34.3,836.2
7005144,1/1/2025,19429,4868,596,WHNJ1,AK,Ground,FedEx,Delivered,33,10.17,36.97,0.05,7.55,1166.56
7005145,1/29/2024,18160,1691,437,WHWA1,HI,Ground,DHL,Delivered,59,15.01,54.05,0,50.4,3239.35
7005146,5/14/2025,17927,5024,609,WHIL1,MO,Ground,FedEx,Delivered,171,29.02,58.42,0,28.09,10017.91
7005147,10/27/2024,14101,5153,546,WHNJ1,NH,Ground,UPS,Delivered,76,13.92,171.27,0.05,12.31,12378
7005148,6/6/2025,16375,4438,498,WHWA1,MI,Ground,FedEx,Delivered,100,39.23,27.69,0.05,14.56,2645.11
7005149,9/27/2024,16005,3356,674,WHCA1,ME,Ground,DHL,InTransit,11,11.28,22.46,0,41.21,288.27
7005150,6/4/2023,15522,1750,366,WHIL1,FL,Overnight,USPS,Cancelled,143,29.16,489.76,0.1,30.51,63062.62
7005151,11/22/2023,19800,4052,380,WHNJ1,SD,Ground,UPS,Delivered,71,12.99,74.49,0,56.98,5345.77
7005152,8/19/2023,17156,5774,352,WHPA1,PA,Ground,USPS,Delivered,158,11.55,88.08,0,56.26,13972.9
7005153,6/17/2025,13298,4565,429,WHGA1,NH,Ground,USPS,Delivered,57,9.04,94.05,0.2,50.37,4339.05
7005154,12/28/2024,12634,5656,680,WHCA1,GA,Ground,FedEx,Delivered,97,11.97,102.99,0,22.14,10012.17
7005155,11/13/2024,13891,2705,668,WHIL1,MI,Overnight,FedEx,Delivered,61,12.96,112.58,0,40.56,6907.94
7005156,11/18/2023,10792,4446,301,WHIL1,MS,Overnight,UPS,Delivered,17,4.27,103.32,0,77.17,1833.61
7005157,8/4/2023,19192,5445,467,WHGA1,DE,Ground,FedEx,Delivered,33,15.22,132.06,0,15.92,4373.9
7005158,12/26/2024,10152,3378,316,WHGA1,WA,Ground,FedEx,Delivered,8,4.1,67.46,0,27.44,567.12
7005159,4/17/2024,13064,4232,445,WHFL1,CO,Ground,UPS,InTransit,56,15.23,127.09,0.15,7,6056.48
7005160,9/11/2023,16368,3216,412,WHWA1,CT,Ground,UPS,Delivered,91,14.32,225.59,0,29.87,20558.56
7005161,9/19/2024,17905,1886,668,WHNJ1,MD,Ground,UPS,Delivered,29,23.46,68.82,0,1.76,1997.54
7005162,2/17/2023,12092,1865,402,WHNJ1,KY,Ground,USPS,Delivered,64,5.96,84.01,0.15,3.84,4573.98
7005163,12/1/2023,14600,4495,382,WHNJ1,OK,Ground,FedEx,Delivered,59,5.53,39.98,0,54.98,2413.8
7005164,4/11/2024,17409,4055,399,WHFL1,DE,Ground,FedEx,Delivered,71,19.43,53.46,0.05,6.21,3612.09
7005165,6/24/2023,12978,1786,459,WHWA1,IL,Ground,USPS,Cancelled,22,5.25,76.81,0,35.74,1725.56
7005166,9/2/2025,10843,1457,340,WHTX1,MS,2Day,FedEx,InTransit,71,4.95,45.69,0.15,24.24,2781.63
7005167,8/25/2023,13794,1345,455,WHCA1,VA,Ground,USPS,Delivered,45,11.33,64.01,0,20.85,2901.3
7005168,6/3/2023,11660,1554,336,WHWA1,WY,2Day,UPS,Delivered,35,9.72,76.19,0.05,20.13,2553.45
7005169,8/20/2023,18790,1788,681,WHIL1,NM,Ground,FedEx,Delivered,79,10.98,173.95,0.1,15.39,12383.23
7005170,1/4/2025,15163,2820,547,WHCA1,MN,Ground,FedEx,Cancelled,18,13.81,32.78,0,27.75,617.79
7005171,2/20/2024,16447,1705,304,WHGA1,KY,Ground,UPS,Cancelled,150,13.85,80.52,0.1,13.54,10883.74
7005172,8/2/2024,14271,5908,674,WHWA1,WY,Overnight,UPS,Delivered,163,9.54,39.31,0.1,13.58,5780.36
7005173,1/25/2023,13604,1953,581,WHPA1,VA,Ground,UPS,Pending,93,10.29,102.57,0.2,19.98,7651.19
7005174,2/10/2023,16765,1815,651,WHCA1,MS,Ground,FedEx,Delivered,37,9.61,108.44,0.15,10.92,3421.36
7005175,3/15/2024,11217,2549,634,WHCA1,TX,Ground,FedEx,Delivered,86,10.21,194.14,0,1.51,16697.55
7005176,3/1/2025,12292,1144,549,WHNJ1,GA,Ground,FedEx,Delivered,82,4.35,44.54,0.05,35.78,3505.45
7005177,5/21/2025,13812,3778,312,WHGA1,NM,Ground,UPS,Delivered,49,15.74,66.44,0.15,48.13,2815.36
7005178,4/13/2023,14994,4767,583,WHCA1,VT,Overnight,UPS,InTransit,35,18.77,105.34,0,31.33,3718.23
7005179,7/2/2024,15143,5959,516,WHIL1,MD,Overnight,USPS,Delivered,20,14.66,95.14,0.05,6.76,1814.42
7005180,6/23/2025,16863,4826,619,WHNJ1,KS,2Day,UPS,InTransit,26,14,10.52,0,0.63,274.15
7005181,1/7/2024,19124,2217,611,WHFL1,IN,Overnight,FedEx,Cancelled,91,5.52,37.08,0.05,11.2,3216.77
7005182,3/16/2025,16534,2808,382,WHCA1,AZ,Ground,UPS,InTransit,146,4.28,89.43,0.1,21.42,11772.52
7005183,6/7/2023,17527,5471,314,WHGA1,NJ,Ground,UPS,Delivered,48,16.46,51.81,0.05,3.6,2366.14
7005184,7/19/2025,12979,5773,356,WHWA1,LA,Ground,USPS,Delivered,14,10.17,105.89,0.3,39.16,1076.88
7005185,12/24/2024,15348,3740,642,WHPA1,CO,Ground,DHL,Delivered,2,11.07,124.44,0,7.08,255.96
7005186,7/26/2025,17934,2290,582,WHWA1,MD,Overnight,UPS,InTransit,51,11.37,51.67,0,34.55,2669.72
7005187,11/14/2024,14596,1556,499,WHWA1,OH,Ground,UPS,Delivered,28,11.67,91.37,0,11.8,2570.16
7005188,12/21/2023,16212,1863,648,WHIL1,ME,2Day,UPS,Delivered,40,14.74,166.28,0.2,18.47,5339.43
7005189,7/22/2025,19956,3486,466,WHPA1,MT,2Day,UPS,InTransit,29,9.44,122.4,0.15,27.97,3045.13
7005190,11/4/2023,12171,5977,592,WHGA1,OH,Ground,FedEx,InTransit,93,3.19,34.98,0.25,12.07,2451.93
7005191,12/4/2023,18528,3356,446,WHGA1,ID,Ground,FedEx,Cancelled,89,15.11,52.71,0.25,22.02,3540.41
7005192,11/27/2024,19369,1966,378,WHGA1,DE,Ground,FedEx,Delivered,154,14.14,61.17,0.15,57.66,8064.81
7005193,12/31/2024,13022,3396,412,WHPA1,OR,Ground,FedEx,Delivered,100,4.6,31.18,0.15,17.42,2667.72
7005194,7/12/2025,18971,1476,323,WHTX1,WI,Ground,UPS,Delivered,20,4.97,126.89,0,18.2,2556
7005195,8/21/2023,17837,2339,675,WHIL1,GA,Ground,FedEx,Delivered,111,16.99,38.2,0,17.36,4257.56
7005196,2/7/2025,11186,1525,416,WHGA1,MA,Ground,USPS,Delivered,22,19.57,55.89,0.15,23.63,1068.77
7005197,12/17/2024,13286,3572,442,WHTX1,WI,2Day,FedEx,Delivered,75,2.02,127.06,0.05,31.18,9084.2
7005198,3/17/2023,13448,1562,497,WHNJ1,SD,Ground,USPS,InTransit,9,13.03,43.76,0.1,39.02,393.48
7005199,1/6/2024,13992,4703,578,WHTX1,VT,Ground,FedEx,Pending,6,8.76,47.4,0.1,30.37,286.33
7005200,11/8/2023,19131,5665,328,WHNJ1,TN,2Day,FedEx,Delivered,60,10.46,76.02,0,14.22,4575.42
7005201,11/20/2023,14900,2206,599,WHPA1,NH,Ground,USPS,Delivered,12,10.82,45.06,0.15,17.9,477.51
7005202,9/1/2025,11936,5034,376,WHFL1,NM,Ground,FedEx,Delivered,38,6.33,175.42,0.1,11.09,6010.45
7005203,10/20/2024,18826,4848,318,WHFL1,SC,2Day,FedEx,Delivered,42,14.79,31.61,0,9.89,1337.51
7005204,12/5/2024,19446,5202,400,WHTX1,CT,Overnight,UPS,InTransit,115,6.62,12.04,0,5.37,1389.97
7005205,8/26/2025,19275,3239,424,WHPA1,ND,2Day,USPS,Delivered,41,15.66,108.25,0,15.08,4453.33
7005206,12/28/2023,11286,2161,665,WHGA1,ND,Ground,UPS,Delivered,64,17.89,46.71,0,15.54,3004.98
7005207,2/12/2025,18546,5796,592,WHTX1,NJ,Ground,FedEx,Delivered,116,5.93,34.09,0.1,23.66,3582.66
7005208,3/1/2024,17480,4826,425,WHTX1,AR,Ground,FedEx,Cancelled,24,6.01,78.5,0.15,30.13,1631.53
7005209,5/2/2025,15256,1072,307,WHGA1,SD,Overnight,FedEx,Pending,123,10.71,80.47,0,23.67,9921.48
7005210,8/1/2023,11886,1755,323,WHNJ1,NJ,Ground,FedEx,Pending,130,24.65,35.2,0,13.13,4589.13
7005211,8/2/2025,15063,4853,462,WHGA1,MO,Ground,FedEx,Delivered,191,7.01,137.71,0,42.46,26345.07
7005212,9/3/2023,17067,1905,417,WHIL1,IN,2Day,UPS,Delivered,57,7.85,109.69,0.05,1.45,5941.16
7005213,12/1/2023,13023,1052,670,WHFL1,MS,Overnight,USPS,Delivered,46,12.12,239.02,0.1,12.8,9908.23
7005214,12/26/2024,15266,3622,652,WHWA1,TX,Ground,FedEx,Delivered,101,14.83,43.52,0,36.46,4431.98
7005215,1/14/2024,11548,4191,321,WHWA1,NM,Ground,USPS,Delivered,7,13.72,66.94,0,11.97,480.55
7005216,9/10/2024,14205,4949,552,WHFL1,RI,Ground,UPS,InTransit,5,10.2,70.65,0.1,13.81,331.74
7005217,3/13/2024,17591,2288,626,WHTX1,NV,2Day,FedEx,Delivered,41,8.33,47.73,0,4.77,1961.7
7005218,12/19/2024,11369,5781,609,WHIL1,MO,Ground,FedEx,Delivered,106,12.2,79.57,0,45.63,8480.05
7005219,9/14/2023,11758,2773,384,WHGA1,ME,Ground,UPS,InTransit,14,1.47,83.87,0,18.27,1192.45
7005220,3/10/2023,19710,4903,662,WHFL1,AR,Ground,USPS,Delivered,88,30.7,83.89,0.15,21.1,6296.07
7005221,11/17/2023,14918,4921,341,WHPA1,ND,2Day,UPS,Delivered,33,8.95,47.74,0,21.57,1596.99
7005222,4/17/2024,13485,1950,503,WHGA1,NY,Ground,FedEx,Delivered,91,11.16,51.82,0,15.69,4731.31
7005223,7/17/2023,13053,4139,428,WHCA1,MO,Ground,FedEx,Cancelled,59,35.24,40.34,0.2,31.18,1935.23
7005224,12/16/2023,18383,3417,442,WHIL1,MI,Ground,FedEx,Delivered,14,6.41,35.47,0,28.51,525.09
7005225,1/21/2024,10933,3280,644,WHFL1,NV,Ground,FedEx,Delivered,30,40.52,57.37,0.05,21.95,1657
7005226,3/9/2023,14238,2426,403,WHCA1,DC,Overnight,UPS,Pending,26,15.59,173.45,0,8.61,4518.31
7005227,8/17/2024,17241,2585,407,WHIL1,LA,Ground,FedEx,Delivered,20,13.07,250.05,0.05,7.55,4758.5
7005228,5/20/2025,13239,2047,317,WHWA1,CT,Ground,UPS,Cancelled,60,14.72,150.51,0,26.95,9057.55
7005229,6/28/2023,10566,3166,325,WHPA1,HI,Ground,FedEx,Delivered,171,6.04,43.36,0.05,6.94,7050.77
7005230,8/29/2024,15379,5024,364,WHCA1,TN,Ground,UPS,Delivered,92,3.72,79.82,0,21.12,7364.56
7005231,11/7/2024,15559,2177,642,WHCA1,HI,2Day,FedEx,Delivered,131,4.92,14.32,0.1,17.13,1705.46
7005232,2/13/2024,19327,3161,675,WHIL1,FL,2Day,FedEx,Delivered,186,19.2,53.83,0.05,22.49,9534.25
7005233,11/27/2024,10744,2032,537,WHGA1,OH,Ground,USPS,Delivered,72,5.7,45.71,0.15,10.75,2808.2
7005234,2/2/2024,18865,4289,476,WHNJ1,OR,Ground,FedEx,Delivered,29,3.71,222.82,0,46.73,6508.51
7005235,5/23/2024,18723,5527,591,WHGA1,MN,Ground,UPS,Delivered,160,9.54,72,0.05,67.25,11011.25
7005236,1/9/2023,15410,2316,593,WHNJ1,NC,2Day,FedEx,Delivered,100,14.12,62.17,0.2,7.25,4980.85
7005237,11/22/2024,18754,1893,611,WHIL1,AL,Ground,FedEx,Delivered,174,10.23,57.19,0,5.91,9956.97
7005238,11/5/2024,15630,1107,456,WHTX1,MD,2Day,UPS,InTransit,91,14.39,48.95,0,5.49,4459.94
7005239,2/15/2023,16319,4081,685,WHGA1,CA,Ground,UPS,Delivered,116,20,87.05,0.1,6.79,9094.81
7005240,12/24/2023,10302,1745,353,WHCA1,NH,Overnight,FedEx,Delivered,147,14.09,37.74,0,6.16,5553.94
7005241,8/28/2025,13768,1622,373,WHGA1,MT,2Day,UPS,Delivered,113,9.12,88.17,0,46.79,10010
7005242,2/14/2024,14281,5241,483,WHWA1,DC,Ground,UPS,Delivered,75,7.21,163.46,0,14.9,12274.4
7005243,5/20/2024,17507,1821,669,WHIL1,PA,2Day,UPS,Pending,61,15.88,64.92,0.15,4.93,3371.03
7005244,6/19/2025,18702,1412,489,WHWA1,AZ,Ground,UPS,InTransit,128,11.8,48.15,0,8.92,6172.12
7005245,12/5/2024,16963,1114,313,WHTX1,MA,Ground,UPS,InTransit,116,5.97,56.92,0,33.66,6636.38
7005246,8/16/2024,15430,3447,347,WHTX1,IL,Ground,FedEx,Delivered,46,21.84,139.05,0,17.45,6413.75
7005247,2/7/2025,17249,4347,460,WHGA1,NM,Ground,UPS,Delivered,65,11.7,66.14,0.15,22.26,3676.5
7005248,4/26/2025,13446,5220,584,WHGA1,KY,Ground,UPS,Delivered,88,14.8,39.17,0,21.61,3468.57
7005249,3/28/2024,12204,1086,353,WHWA1,OH,Ground,UPS,Delivered,4,7.9,105.68,0,3.34,426.06
7005250,4/18/2024,12835,5143,587,WHPA1,MN,Ground,FedEx,InTransit,30,19.71,36.48,0.2,10.45,885.97
7005251,1/4/2024,18987,2573,308,WHGA1,AZ,Ground,USPS,Pending,30,3.86,50.96,0,14.14,1542.94
7005252,8/18/2025,12480,3006,372,WHIL1,VT,Ground,FedEx,Delivered,145,27.33,70.44,0.1,7.12,9199.54
7005253,11/25/2024,19716,5080,680,WHNJ1,AK,Ground,FedEx,Delivered,41,3.12,34.1,0,47.17,1445.27
7005254,4/8/2023,14857,1804,398,WHPA1,AZ,Ground,FedEx,Delivered,72,4.38,17.18,0,13.99,1250.95
7005255,4/24/2025,10435,4335,387,WHNJ1,MD,Ground,UPS,InTransit,130,11.63,82.18,0.15,8.17,9089.06
7005256,4/25/2024,11707,4350,630,WHWA1,WV,2Day,UPS,Delivered,31,7.27,12.94,0.25,71.09,371.95
7005257,3/22/2023,18261,2070,401,WHCA1,UT,Ground,UPS,Delivered,15,8.21,31.37,0.05,15.44,462.46
7005258,7/15/2024,15726,3670,581,WHFL1,FL,Ground,UPS,Pending,169,7.27,103.45,0.15,6.25,14866.84
7005259,2/10/2024,11905,5142,671,WHIL1,WV,Ground,UPS,InTransit,101,6.25,80.46,0.1,1.29,7315.1
7005260,5/12/2025,17019,3772,589,WHPA1,AR,Ground,FedEx,Delivered,21,12.09,53.72,0,29.02,1157.14
7005261,8/21/2023,13960,5636,537,WHWA1,MO,Ground,UPS,Delivered,127,9.71,32.06,0.15,17.34,3478.22
7005262,3/12/2025,16826,5183,496,WHTX1,WY,Ground,USPS,InTransit,119,17,44.37,0,42.65,5322.68
7005263,7/24/2024,16348,2409,691,WHPA1,AL,Ground,USPS,Delivered,132,10.49,89.83,0.15,20.64,10099.57
7005264,3/6/2023,16157,4741,397,WHCA1,RI,Ground,DHL,Delivered,34,7.79,54.69,0,74.16,1933.62
7005265,8/22/2025,12714,1265,668,WHTX1,ID,Ground,UPS,Delivered,57,15.92,25.27,0,25.7,1466.09
7005266,6/1/2024,16195,4849,396,WHPA1,SC,Ground,USPS,InTransit,99,3.33,32.41,0.1,24.64,2912.37
7005267,11/12/2023,16513,4094,561,WHWA1,SC,Ground,USPS,InTransit,49,2.12,44.26,0.15,3.87,1847.3
7005268,4/12/2024,16868,5799,421,WHTX1,MS,Ground,USPS,Pending,8,3.86,77.57,0,11.38,631.94
7005269,4/18/2025,13728,2474,666,WHGA1,FL,Ground,FedEx,Delivered,16,8.14,64.56,0,72.45,1105.41
7005270,11/20/2023,13547,5282,573,WHTX1,VA,Ground,FedEx,Delivered,81,12.65,25.07,0.05,53.17,1982.31
7005271,8/11/2023,12304,1326,632,WHPA1,MD,Ground,UPS,Delivered,47,2.01,154.05,0,35.86,7276.21
7005272,6/1/2023,13682,2207,352,WHTX1,CA,Overnight,UPS,Pending,1,9.93,35.67,0,23.43,59.1
7005273,11/16/2023,17853,5493,696,WHIL1,MD,Ground,UPS,Delivered,114,8.08,81.7,0,11.16,9324.96
7005274,1/17/2025,13222,2505,618,WHGA1,MA,Ground,USPS,Delivered,53,10.86,30.91,0,34.81,1673.04
7005275,4/14/2024,14375,4535,463,WHGA1,AK,Ground,UPS,Delivered,39,3.18,340.94,0.05,5.33,12637.16
7005276,9/13/2023,11083,2441,490,WHCA1,MA,Ground,UPS,InTransit,103,48.03,151.69,0,4.54,15628.61
7005277,7/15/2023,18638,1956,577,WHGA1,TN,Ground,USPS,Pending,58,10.2,34.89,0.1,47.55,1868.81
7005278,12/5/2023,11593,1555,385,WHNJ1,MS,Ground,UPS,InTransit,99,4.82,63.83,0,7.71,6326.88
7005279,7/24/2025,15609,4255,494,WHIL1,FL,Ground,USPS,Delivered,2,10.81,29.19,0.15,27.48,77.1
7005280,12/10/2023,15527,5140,481,WHCA1,RI,Ground,FedEx,Cancelled,2,24.52,46.77,0,30.43,123.97
7005281,9/7/2025,15180,5997,321,WHNJ1,NJ,Ground,UPS,Delivered,75,4.62,80.67,0,61.38,6111.63
7005282,4/30/2024,16473,5578,503,WHTX1,LA,Ground,UPS,InTransit,186,4.08,108.41,0,20.6,20184.86
7005283,7/31/2023,12776,3037,502,WHFL1,UT,Ground,FedEx,Delivered,33,9.32,25.22,0,17.5,849.76
7005284,5/28/2025,11591,2287,451,WHNJ1,TX,2Day,DHL,Delivered,97,9.81,35.53,0,10.96,3457.37
7005285,4/1/2024,16005,2198,684,WHCA1,GA,Ground,USPS,Delivered,20,15.31,116,0,43.37,2363.37
7005286,12/1/2024,17231,5662,459,WHGA1,VT,Ground,UPS,Delivered,38,24.23,151.58,0,10.88,5770.92
7005287,9/1/2025,12232,3268,610,WHIL1,SD,Ground,UPS,Delivered,9,15.97,34.92,0.1,50.27,333.12
7005288,3/1/2023,15119,4630,326,WHFL1,WV,Ground,UPS,Delivered,144,4.35,117.23,0,22.45,16903.57
7005289,4/24/2023,16455,4466,609,WHCA1,MA,Ground,FedEx,Delivered,38,5.26,25.27,0,32.05,992.31
7005290,12/7/2024,17961,1772,366,WHNJ1,MI,Ground,UPS,Delivered,28,6.19,48.72,0.1,3.57,1231.31
7005291,11/7/2023,11562,3457,563,WHFL1,KY,Ground,UPS,Delivered,107,15.95,26.93,0.05,22.69,2760.12
7005292,8/4/2023,13647,1471,467,WHNJ1,CA,2Day,FedEx,InTransit,24,14.39,45.17,0,91.31,1175.39
7005293,2/16/2023,17597,2371,588,WHWA1,CO,Ground,FedEx,Pending,29,21.32,228.34,0,27.22,6649.08
7005294,1/26/2023,17241,4133,454,WHCA1,GA,Ground,UPS,Cancelled,12,13.98,57.74,0,8.42,701.3
7005295,1/10/2025,14943,1672,643,WHFL1,TX,Overnight,FedEx,Delivered,175,6.86,49.25,0,75.41,8694.16
7005296,6/8/2023,13239,2175,506,WHPA1,AK,Ground,FedEx,InTransit,30,8.89,40.41,0.15,7.59,1038.04
7005297,4/10/2024,11601,1111,453,WHPA1,CT,2Day,FedEx,InTransit,196,4.16,48.64,0.05,33.89,9090.66
7005298,9/7/2024,15701,4560,484,WHCA1,VA,2Day,FedEx,Delivered,21,14.58,34.07,0.1,10.97,654.89
7005299,2/23/2024,16072,2027,459,WHPA1,AR,Ground,FedEx,Delivered,3,6.87,66.03,0.1,15.03,193.31
7005300,2/1/2023,10710,4555,494,WHCA1,OR,Ground,FedEx,Delivered,149,20.85,58.65,0,26.84,8765.69
7005301,1/21/2025,12972,4234,302,WHGA1,ME,2Day,USPS,Delivered,78,14.34,43.56,0,36.48,3434.16
7005302,1/13/2023,10794,5440,515,WHFL1,NV,2Day,FedEx,InTransit,44,31.99,40.96,0.2,20.69,1462.48
7005303,12/29/2024,13100,2473,475,WHCA1,MD,Ground,FedEx,Delivered,67,12.86,68.19,0,20.36,4589.09
7005304,5/30/2025,16031,3380,375,WHTX1,NJ,Ground,FedEx,Delivered,32,12.72,36.01,0,27.76,1180.08
7005305,2/29/2024,15766,5873,585,WHIL1,TN,Ground,FedEx,Delivered,88,8.96,50.72,0,10.2,4473.56
7005306,6/28/2024,10027,3972,427,WHIL1,PA,2Day,UPS,Delivered,85,7.94,43.75,0,20.96,3739.71
7005307,4/21/2024,16694,3382,349,WHTX1,AK,Ground,UPS,Delivered,10,8.56,12.81,0,8.45,136.55
7005308,1/8/2024,15323,4291,332,WHNJ1,AZ,Overnight,FedEx,Delivered,154,18.21,109.55,0,47.12,16917.82
7005309,5/23/2025,18277,5754,458,WHNJ1,WA,Overnight,UPS,Delivered,59,4.45,16.63,0,65.6,1046.77
7005310,5/31/2025,15952,2834,315,WHNJ1,TN,2Day,UPS,Delivered,23,10.39,17.4,0,18.3,418.5
7005311,12/6/2023,13102,1454,618,WHWA1,WI,Ground,FedEx,Delivered,38,3.68,112.29,0,32.1,4299.12
7005312,9/18/2024,16610,1741,634,WHFL1,RI,Ground,UPS,Cancelled,140,12.51,27.62,0,19.94,3886.74
7005313,7/9/2025,19315,3381,543,WHNJ1,MO,Ground,FedEx,Pending,48,7.59,14.02,0,8.99,681.95
7005314,8/14/2025,15310,3358,317,WHGA1,AK,Ground,FedEx,Delivered,75,13.53,153.01,0.05,26.78,10928.74
7005315,5/28/2024,10012,2444,322,WHTX1,RI,Ground,UPS,Delivered,168,6.41,38.39,0.15,36.68,5518.77
7005316,3/23/2024,17771,4681,544,WHIL1,IA,Ground,UPS,Delivered,91,8.57,140.42,0.1,12.02,11512.42
7005317,11/6/2023,19941,2749,381,WHTX1,AZ,Ground,UPS,Delivered,96,14.61,31.62,0.1,46.05,2778.02
7005318,8/11/2025,15414,3402,444,WHIL1,CA,Ground,UPS,Delivered,30,10.78,18.99,0.05,9.88,551.09
7005319,6/18/2023,15775,5920,308,WHNJ1,SC,2Day,UPS,Delivered,94,25.24,47.9,0.2,33.23,3635.31
7005320,8/14/2024,10180,4172,467,WHGA1,OK,Ground,UPS,InTransit,50,7.49,25.76,0.2,31.72,1062.12
7005321,11/8/2023,10797,5241,587,WHCA1,WY,Ground,FedEx,Delivered,154,7.11,79.62,0.1,37.08,11072.41
7005322,11/6/2023,17280,3007,568,WHCA1,DC,Ground,FedEx,Cancelled,15,21,96.32,0.05,6.19,1378.75
7005323,1/27/2024,17189,2787,589,WHPA1,SC,Overnight,FedEx,Delivered,35,8.02,115.02,0,5.46,4031.16
7005324,9/19/2025,17313,2410,486,WHNJ1,PA,2Day,FedEx,Delivered,8,7.8,48.24,0,14.26,400.18
7005325,3/6/2023,12025,2763,312,WHNJ1,OR,Ground,UPS,Delivered,48,12.58,157.68,0,62.07,7630.71
7005326,8/13/2024,17667,1910,581,WHTX1,NE,Ground,UPS,Delivered,18,9.06,31.34,0.05,1.88,537.79
7005327,4/8/2023,13218,1761,604,WHGA1,CA,Overnight,UPS,Delivered,134,8.3,65.91,0,35.29,8867.23
7005328,7/1/2023,16585,4241,383,WHGA1,KY,Ground,USPS,Cancelled,159,6.6,54.46,0.1,41.35,7834.58
7005329,3/7/2024,19079,3690,355,WHWA1,PA,Ground,USPS,Delivered,94,22.65,238.69,0,42.5,22479.36
7005330,5/30/2024,15286,1531,431,WHTX1,VT,Ground,UPS,Delivered,12,9.14,139.74,0,10.21,1687.09
7005331,10/20/2023,17371,2360,425,WHGA1,SD,Ground,FedEx,Pending,42,7.14,61.37,0,1.52,2579.06
7005332,11/26/2023,11520,4819,625,WHFL1,ID,Ground,DHL,Delivered,176,8.37,68.94,0.05,69.4,11596.17
7005333,4/13/2023,16612,3028,351,WHFL1,TN,Ground,FedEx,Delivered,16,12.37,175.78,0,8.18,2820.66
7005334,11/19/2023,16857,3561,327,WHGA1,NM,Ground,FedEx,Delivered,74,24.03,35.45,0,40.49,2663.79
7005335,8/18/2025,12433,3178,465,WHFL1,NC,Ground,UPS,Delivered,44,9.04,14.46,0.05,24.56,628.99
7005336,7/30/2025,16458,2538,581,WHWA1,TX,Ground,UPS,Delivered,200,5.96,30.48,0.15,45.87,5227.47
7005337,12/6/2023,14867,2274,333,WHCA1,NH,Ground,FedEx,Delivered,35,31.62,44.89,0.05,21.15,1513.74
7005338,8/7/2024,15055,3782,362,WHGA1,PA,Ground,FedEx,Delivered,6,10.85,155.54,0,23.05,956.29
7005339,6/18/2025,19109,1947,445,WHFL1,AZ,Ground,FedEx,Delivered,101,9.38,123.89,0.05,13.08,11900.33
7005340,1/8/2023,12071,2299,471,WHNJ1,PA,Ground,UPS,Pending,40,10.44,58.19,0.05,26.4,2237.62
7005341,2/22/2025,11782,3512,586,WHCA1,SD,Ground,USPS,Delivered,92,4.74,83.18,0,14.9,7667.46
7005342,8/2/2025,18531,3189,597,WHNJ1,SC,Ground,USPS,Delivered,12,9.73,36.53,0,8.01,446.37
7005343,4/18/2023,11517,1882,417,WHNJ1,NJ,Ground,UPS,Delivered,69,15.77,258.87,0.15,9.7,15192.43
7005344,7/10/2023,15492,2848,304,WHFL1,WA,Ground,UPS,Delivered,47,20.79,140.26,0.2,34.21,5307.99
7005345,8/13/2025,19107,2976,366,WHFL1,MI,Ground,FedEx,Delivered,71,8.07,62.29,0,22.14,4444.73
7005346,7/1/2024,15950,5269,360,WHTX1,PA,Ground,UPS,Delivered,136,11.19,56.99,0,41.89,7792.53
7005347,1/17/2023,13291,5569,693,WHPA1,NY,Ground,UPS,InTransit,181,21.02,98.04,0,7.66,17752.9
7005348,10/18/2023,14571,3965,587,WHGA1,TX,Ground,UPS,Delivered,111,10.23,57.65,0.05,36.97,6116.16
7005349,3/20/2024,19639,4064,645,WHGA1,GA,Ground,DHL,Delivered,114,15.4,16.77,0,10.03,1921.81
7005350,11/22/2024,11380,4129,529,WHGA1,NY,2Day,USPS,InTransit,70,12.9,175.5,0,55.9,12340.9
7005351,12/14/2024,19676,1498,400,WHGA1,TX,2Day,UPS,Delivered,12,6.71,135.96,0,18.37,1649.89
7005352,9/15/2025,17671,3217,419,WHFL1,AR,2Day,USPS,InTransit,94,5.77,77.85,0.05,6.45,6958.45
7005353,11/10/2023,10801,1989,369,WHCA1,NH,Ground,FedEx,Delivered,18,18.88,44.73,0,13.01,818.15
7005354,7/2/2024,19439,3609,452,WHIL1,VT,Ground,UPS,Pending,30,2.01,60.41,0,10.85,1823.15
7005355,6/26/2024,15268,3476,580,WHNJ1,DE,2Day,USPS,Delivered,102,6.7,9.43,0.05,49.66,963.43
7005356,1/28/2024,13496,5515,521,WHPA1,MD,Ground,FedEx,Pending,92,4.33,27.64,0.1,23.97,2312.56
7005357,7/19/2023,13258,2371,523,WHWA1,WA,Ground,USPS,Delivered,39,18.9,206.71,0.1,37.42,7292.94
7005358,8/27/2025,16559,4589,465,WHPA1,CT,Ground,FedEx,Delivered,116,22.68,86.18,0,34.03,10030.91
7005359,4/13/2025,10982,3503,511,WHIL1,AL,2Day,FedEx,Delivered,165,6.48,15.34,0.05,66.25,2470.79
7005360,5/16/2024,12089,5810,579,WHWA1,MO,Ground,UPS,Cancelled,73,52.54,33.61,0.15,28.27,2113.77
7005361,9/4/2024,12953,1179,363,WHWA1,MT,Ground,UPS,Delivered,96,22.85,15.59,0.15,17.7,1289.84
7005362,9/13/2023,19204,2930,674,WHIL1,FL,Ground,FedEx,Delivered,33,11.26,34.74,0,9.22,1155.64
7005363,7/8/2024,12127,3549,670,WHWA1,MN,Ground,USPS,InTransit,180,24.6,53.45,0,9.2,9630.2
7005364,11/23/2024,14813,5835,562,WHIL1,SC,Overnight,FedEx,Delivered,33,6.8,184.1,0.15,5.17,5169.18
7005365,6/4/2024,18064,1112,306,WHFL1,AK,Ground,UPS,Delivered,146,8.47,103.95,0,6.3,15183
7005366,9/9/2025,13862,4220,548,WHCA1,MT,Ground,UPS,InTransit,160,13.2,48.56,0.1,12.23,7004.87
7005367,9/13/2024,15904,1715,529,WHIL1,IN,Ground,USPS,Delivered,104,6.6,50.26,0.15,9.03,4452.01
7005368,12/25/2023,12592,2402,586,WHWA1,UT,2Day,UPS,InTransit,125,4.63,34.26,0.05,39.62,4108
7005369,1/8/2025,19666,3925,557,WHWA1,NM,2Day,UPS,Delivered,59,5.7,128.71,0.05,7.37,7221.57
7005370,7/20/2023,19358,2382,363,WHCA1,MT,2Day,USPS,Delivered,157,8.89,139.91,0,22.19,21988.06
7005371,1/3/2024,13323,4128,692,WHFL1,WI,2Day,USPS,Delivered,109,13.25,23.51,0,13.51,2576.1
7005372,12/12/2023,16438,5909,328,WHTX1,ME,Ground,FedEx,InTransit,40,8.16,17.99,0.05,32.87,716.49
7005373,2/27/2024,18802,4012,645,WHWA1,PA,Overnight,UPS,InTransit,4,3.74,48.01,0.1,11.3,184.14
7005374,1/19/2025,12862,2209,353,WHWA1,CA,Ground,UPS,Delivered,72,13.26,52.31,0,15.8,3782.12
7005375,4/29/2024,11656,4126,552,WHTX1,CO,2Day,FedEx,Delivered,133,21.47,71.91,0,5.23,9569.26
7005376,2/2/2025,11756,1037,338,WHPA1,OH,Ground,USPS,Delivered,138,6.73,18.58,0,18.52,2582.56
7005377,8/11/2024,18238,2829,608,WHTX1,KS,Ground,DHL,InTransit,131,27.12,36.36,0.05,25.99,4550.99
7005378,12/10/2023,19452,4061,634,WHCA1,NM,Ground,FedEx,Delivered,26,16.84,56.64,0,11.3,1483.94
7005379,2/21/2025,16228,4342,439,WHCA1,LA,Ground,USPS,Delivered,54,5.31,34.78,0,25.7,1903.82
7005380,9/26/2023,14639,4942,686,WHNJ1,IN,Ground,UPS,InTransit,84,6.78,109.38,0,6.81,9194.73
7005381,9/9/2023,19644,1810,353,WHWA1,MO,Ground,UPS,Pending,94,8.29,221.92,0.05,15.77,19833.23
7005382,5/23/2024,12568,4073,394,WHIL1,IA,Ground,UPS,Delivered,41,8.95,41.15,0,25.35,1712.5
7005383,10/22/2023,13124,5119,394,WHGA1,MT,Overnight,DHL,InTransit,99,2.32,111.81,0,13.56,11082.75
7005384,1/11/2023,15165,2527,563,WHGA1,OK,2Day,UPS,InTransit,80,6.36,46.73,0,40.31,3778.71
7005385,10/27/2024,17082,4520,623,WHIL1,HI,2Day,UPS,Cancelled,76,7.17,31.29,0.1,21.45,2161.69
7005386,5/31/2024,14908,5892,437,WHGA1,OR,2Day,USPS,Delivered,93,31.09,36.44,0,16.26,3405.18
7005387,3/14/2024,19681,1496,672,WHGA1,SD,Ground,UPS,Delivered,82,11.46,102.76,0,28.81,8455.13
7005388,8/18/2025,19766,5996,556,WHFL1,OR,Ground,UPS,Cancelled,20,6.2,38.29,0,43.54,809.34
7005389,8/7/2024,14963,1425,695,WHGA1,CT,Ground,FedEx,Delivered,142,7.69,43.91,0,9.64,6244.86
7005390,4/25/2025,17151,3748,337,WHPA1,LA,2Day,FedEx,Delivered,29,12.91,26.94,0.05,26.51,768.71
7005391,6/14/2023,11767,3066,442,WHWA1,WY,2Day,FedEx,Delivered,110,7.97,93.51,0,25.77,10311.87
7005392,8/5/2024,13550,2983,447,WHWA1,MD,2Day,USPS,Delivered,21,7.04,82.69,0.15,28.47,1504.49
7005393,4/30/2025,12310,2469,308,WHWA1,AK,Overnight,UPS,Delivered,93,7.18,166.15,0.1,17.49,13924.24
7005394,8/17/2024,19635,4801,551,WHCA1,MT,Ground,USPS,Pending,149,13.34,91.08,0.1,49.3,12263.13
7005395,12/6/2024,11977,2234,435,WHCA1,MN,Ground,FedEx,Delivered,2,4.36,80.11,0,15.96,176.18
7005396,12/26/2023,17181,2798,359,WHCA1,NY,Overnight,UPS,Delivered,185,5.21,90.26,0,19.49,16717.59
7005397,4/19/2023,12491,1565,423,WHIL1,IL,Ground,USPS,Delivered,4,5.73,50.16,0.05,40.94,231.55
7005398,3/29/2024,18918,4020,563,WHTX1,IL,Ground,UPS,Delivered,2,5.16,64.81,0,8.79,138.41
7005399,1/15/2024,14382,2305,420,WHPA1,KY,Ground,UPS,Delivered,137,6.1,115.14,0,45.06,15819.24
7005400,4/29/2025,15988,1133,559,WHPA1,MO,Ground,USPS,Cancelled,102,17.13,33.79,0,58.22,3504.8
7005401,10/2/2023,17426,1449,623,WHGA1,MI,2Day,UPS,Delivered,13,18.62,197.46,0,8.16,2575.14
7005402,8/18/2025,13620,2831,318,WHWA1,NE,Ground,UPS,Delivered,164,11.77,93.78,0,0.54,15380.46
7005403,8/11/2025,16061,3159,601,WHNJ1,KY,Ground,UPS,InTransit,95,11.38,246.94,0,27.26,23486.56
7005404,10/6/2023,18690,4627,653,WHCA1,MT,Ground,UPS,Delivered,13,6.69,26.35,0,35.01,377.56
7005405,12/13/2023,13977,1850,392,WHFL1,PA,Ground,USPS,Delivered,138,2.87,26.35,0.1,25.64,3298.31
7005406,6/2/2025,10705,4963,464,WHPA1,IN,2Day,USPS,Delivered,62,10.9,77.85,0.05,50.26,4635.62
7005407,8/18/2025,15453,2481,444,WHPA1,IN,Ground,FedEx,Delivered,34,11.96,65.42,0,37.01,2261.29
7005408,3/12/2024,16095,1901,635,WHNJ1,ID,Ground,UPS,Delivered,128,6.68,43.57,0.1,29.54,5048.8
7005409,11/28/2023,13682,5855,615,WHGA1,CA,Ground,FedEx,InTransit,108,5.24,24.68,0.2,12.2,2144.55
7005410,6/17/2024,14139,2540,538,WHPA1,OR,Overnight,UPS,Delivered,86,4.66,49.75,0.05,12.47,4077.04
7005411,11/20/2024,11917,2900,474,WHWA1,AR,Ground,UPS,Delivered,150,11.06,69.85,0.1,32.71,9462.46
7005412,11/3/2023,19567,3945,383,WHPA1,NH,Overnight,UPS,Delivered,138,10.5,24.01,0,113.03,3426.41
7005413,12/16/2024,17502,5958,457,WHTX1,MO,Ground,UPS,Delivered,27,20.48,45.02,0.25,28.51,940.17
7005414,3/2/2023,11846,4245,409,WHNJ1,VT,Ground,FedEx,Pending,143,6.17,78.42,0,5.95,11220.01
7005415,2/28/2023,14655,1515,478,WHFL1,AR,2Day,USPS,Delivered,47,8.41,104.14,0.05,30.91,4680.76
7005416,1/5/2024,16414,2592,550,WHFL1,WY,Ground,FedEx,Delivered,55,10.1,49.11,0,29.97,2731.02
7005417,12/16/2023,18112,1084,553,WHGA1,KS,Ground,FedEx,Delivered,180,7.19,34.25,0,41.56,6206.56
7005418,11/26/2023,17991,4743,355,WHGA1,WY,Ground,UPS,Cancelled,113,16.54,65.04,0,15.43,7364.95
7005419,5/7/2024,19629,5894,455,WHCA1,AK,Ground,USPS,Delivered,40,21.02,51.92,0,1.25,2078.05
7005420,11/28/2023,13091,3128,691,WHTX1,MN,Ground,USPS,Delivered,90,5.15,21.52,0.1,17.64,1760.76
7005421,8/11/2023,11371,2602,391,WHGA1,AR,Ground,USPS,Delivered,72,7.6,43.77,0.15,33.5,2712.22
7005422,11/22/2023,11929,5618,639,WHWA1,MD,Ground,UPS,Cancelled,14,22.14,39.71,0,15.6,571.54
7005423,8/25/2025,11637,2223,426,WHTX1,KY,Ground,FedEx,Delivered,146,12.14,60.96,0.05,36.39,8491.54
7005424,2/3/2024,16181,5330,637,WHCA1,CO,2Day,FedEx,Delivered,128,10.73,35.9,0.1,36.62,4172.3
7005425,3/13/2024,18284,2843,469,WHWA1,LA,Ground,UPS,Delivered,117,12.27,40.87,0,40.55,4822.34
7005426,8/12/2024,11844,3292,439,WHFL1,MD,Ground,DHL,Delivered,75,14.82,52.82,0.2,10.79,3179.99
7005427,9/1/2025,18377,2590,305,WHNJ1,RI,Ground,UPS,Delivered,26,12.63,93.8,0,9.95,2448.75
7005428,9/29/2023,19764,3897,366,WHPA1,VT,Ground,UPS,Delivered,145,11.37,64.03,0.15,44.04,7935.74
7005429,11/16/2024,10832,5489,411,WHPA1,SD,Ground,FedEx,InTransit,44,10.06,387.52,0.25,11.3,12799.46
7005430,12/5/2024,15539,1009,484,WHIL1,ND,2Day,UPS,InTransit,3,22.46,24.75,0,9.44,83.69
7005431,9/9/2024,15316,5709,568,WHIL1,SC,2Day,USPS,InTransit,186,8.52,113.58,0.15,18.55,17975.55
7005432,4/15/2023,18456,1715,470,WHIL1,VA,Ground,UPS,Delivered,138,10.01,56.81,0.05,22.46,7470.25
7005433,11/14/2024,15328,2928,662,WHPA1,MS,Ground,UPS,InTransit,86,25.38,22.61,0.1,14.23,1764.24
7005434,3/17/2023,11287,1110,544,WHTX1,LA,Ground,FedEx,Delivered,2,12.16,46.04,0,18.32,110.4
7005435,8/28/2024,11530,5930,631,WHWA1,NJ,Overnight,UPS,Delivered,27,9.61,20.8,0.1,5.12,510.56
7005436,12/17/2024,16656,1266,438,WHIL1,AL,Ground,FedEx,Delivered,58,14.6,63.57,0.05,5.09,3507.8
7005437,8/26/2023,11878,4224,328,WHNJ1,MN,Ground,FedEx,Delivered,87,11.46,48.47,0,34.88,4251.77
7005438,3/31/2025,19942,1955,307,WHGA1,NH,Ground,FedEx,Delivered,102,6.42,37.14,0,11.35,3799.63
7005439,2/5/2023,15432,2350,698,WHWA1,SD,Ground,DHL,Delivered,119,11.58,28.57,0.05,34.76,3264.6
7005440,4/2/2025,19390,2575,633,WHTX1,SD,Ground,FedEx,Delivered,74,6.16,122.25,0,28.23,9074.73
7005441,4/1/2024,12479,3224,617,WHPA1,NY,2Day,FedEx,Delivered,92,29.92,53.65,0.15,0.49,4195.92
7005442,9/1/2023,10101,4832,351,WHNJ1,AK,Ground,USPS,Delivered,125,11.54,69.48,0,42.26,8727.26
7005443,6/7/2023,13088,4256,436,WHFL1,WV,Ground,FedEx,Pending,104,5.7,67.91,0.1,30.02,6386.4
7005444,8/6/2025,15829,2059,478,WHPA1,OK,Ground,UPS,Pending,172,7.9,64.72,0,22.89,11154.73
7005445,3/27/2023,17426,2958,429,WHTX1,VT,Ground,UPS,Cancelled,142,15.77,47.74,0.15,40.52,5802.74
7005446,8/16/2023,12292,5945,497,WHTX1,KY,Ground,FedEx,Pending,20,5.2,173.59,0.1,12.92,3137.54
7005447,12/13/2023,15468,4148,567,WHTX1,TX,Ground,DHL,Cancelled,168,51.16,287.08,0,20.28,48249.72
7005448,9/24/2024,18297,3520,407,WHCA1,AK,Ground,FedEx,Delivered,24,4.18,165.32,0.05,1.35,3770.65
7005449,7/9/2024,10694,4654,348,WHGA1,AR,Ground,UPS,Cancelled,193,17.43,60.91,0,36.51,11792.14
7005450,5/29/2023,15787,3571,438,WHWA1,UT,2Day,FedEx,Delivered,101,7.47,58.04,0,3.28,5865.32
7005451,11/12/2023,15407,3928,403,WHIL1,ND,Ground,FedEx,InTransit,87,6.16,128.93,0,11.58,11228.49
7005452,9/26/2023,13492,4888,347,WHCA1,AL,Ground,UPS,Delivered,40,13.81,35.3,0,22.24,1434.24
7005453,8/29/2023,13393,1888,453,WHGA1,MN,Ground,USPS,Delivered,16,7.62,198.65,0.2,67.54,2610.26
7005454,2/3/2024,12269,1745,668,WHPA1,CO,Ground,USPS,Pending,15,25.98,104.41,0,10.93,1577.08
7005455,11/28/2024,15633,4515,306,WHIL1,KS,Ground,FedEx,Delivered,140,4.31,49.33,0,23.95,6930.15
7005456,9/1/2023,13784,3931,311,WHFL1,AK,Ground,UPS,Delivered,55,14.01,73.09,0,31.94,4051.89
7005457,12/23/2023,19082,3680,317,WHCA1,VA,Ground,FedEx,Delivered,75,8.48,93.05,0.25,43.09,5277.15
7005458,1/10/2024,15974,1176,443,WHCA1,ID,Ground,UPS,Delivered,162,11.95,44.48,0,37.49,7243.25
7005459,8/26/2025,15970,1566,572,WHWA1,NE,2Day,FedEx,InTransit,31,13.61,123.77,0,31.82,3868.69
7005460,8/8/2025,18982,4218,612,WHNJ1,ME,Ground,UPS,Delivered,114,3.54,146.25,0.05,6.54,15845.42
7005461,2/10/2025,14649,5358,366,WHWA1,NV,2Day,FedEx,Delivered,61,11.51,49.92,0.15,21.13,2609.48
7005462,9/29/2023,14940,5627,639,WHFL1,OH,Ground,UPS,Pending,25,19.22,43.01,0.1,11.16,978.88
7005463,3/22/2023,18851,2395,631,WHFL1,DC,Ground,USPS,InTransit,136,13.23,55.73,0.05,21.05,7221.37
7005464,11/26/2023,18025,2221,556,WHCA1,TX,Ground,FedEx,Delivered,96,8.02,26.7,0,10.81,2574.01
7005465,10/29/2023,17858,1948,427,WHTX1,AR,Ground,DHL,InTransit,11,4.28,18.67,0.1,10.04,194.87
7005466,5/24/2024,11019,1585,431,WHPA1,WI,Ground,UPS,Delivered,72,13.56,44.3,0.1,34.84,2905.48
7005467,1/14/2025,11954,3863,318,WHFL1,WI,Ground,UPS,Delivered,136,30.82,30.64,0.1,14.96,3765.3
7005468,4/19/2025,19383,2621,507,WHWA1,CT,Ground,UPS,InTransit,8,14.88,207.23,0,14.7,1672.54
7005469,4/3/2025,13658,4356,389,WHCA1,OR,Ground,UPS,InTransit,53,20.03,43.6,0,4.12,2314.92
7005470,12/19/2023,14847,3350,543,WHTX1,DC,Overnight,UPS,Delivered,123,17.5,82.54,0,42.87,10195.29
7005471,11/19/2024,12297,4192,650,WHGA1,MO,2Day,FedEx,Delivered,137,7.9,38.65,0.1,43.52,4809.07
7005472,11/24/2023,10775,4208,317,WHGA1,DC,Overnight,FedEx,Delivered,116,10.56,208.91,0.05,2.32,23024.2
7005473,3/13/2023,12812,3577,523,WHWA1,SD,Overnight,UPS,Pending,37,16.84,52.38,0,53.96,1992.02
7005474,11/27/2024,19573,1532,670,WHFL1,KY,Ground,UPS,Pending,66,3.88,25.12,0,6.62,1664.54
7005475,1/12/2023,13183,2232,663,WHTX1,SD,Ground,FedEx,Delivered,109,14.79,95.92,0.2,51.02,8415.24
7005476,2/1/2024,17868,2994,510,WHNJ1,IN,Ground,UPS,Delivered,18,21.28,71.95,0,32.26,1327.36
7005477,12/3/2023,14330,2698,399,WHWA1,OR,2Day,USPS,Delivered,81,9.7,139.28,0.05,21.35,10738.95
7005478,11/22/2024,16168,4371,313,WHNJ1,AK,Ground,UPS,Pending,104,16.3,53.86,0,10.19,5611.63
7005479,1/1/2025,13098,2546,619,WHGA1,MS,Ground,UPS,Delivered,135,7.17,64.71,0.1,45.02,7907.28
7005480,11/20/2023,11405,4166,570,WHPA1,IA,Ground,UPS,Delivered,13,10.23,20.89,0,33.26,304.83
7005481,2/23/2025,15102,2438,487,WHCA1,WV,Ground,UPS,Delivered,41,8.49,107.68,0.05,27.88,4222.02
7005482,11/14/2023,11370,1371,574,WHWA1,DC,Ground,USPS,Delivered,72,13.18,62.69,0.05,36.21,4324.21
7005483,3/15/2024,15498,5505,433,WHFL1,NC,Ground,UPS,Delivered,101,9.39,55,0.1,15.2,5014.7
7005484,12/11/2024,16666,1617,314,WHFL1,ID,2Day,FedEx,Delivered,106,3.66,51.1,0,32.66,5449.26
7005485,11/22/2024,12065,5167,581,WHGA1,ME,Ground,UPS,Delivered,31,6.5,49.24,0.05,22,1472.12
7005486,9/5/2025,12766,5015,344,WHGA1,WA,Overnight,FedEx,InTransit,2,32.08,108.71,0,11.64,229.06
7005487,9/10/2023,12818,5180,677,WHWA1,CA,Ground,USPS,Delivered,99,14.06,31.39,0.25,10.82,2341.53
7005488,11/6/2024,17792,3257,595,WHWA1,AL,Overnight,USPS,Delivered,153,2.84,100.97,0,38.43,15486.84
7005489,9/11/2024,10717,5355,696,WHTX1,TX,Ground,UPS,Delivered,122,20.64,19.5,0.05,9.83,2269.88
7005490,6/25/2025,14041,4311,404,WHNJ1,FL,Ground,USPS,Delivered,86,5.01,15.69,0,5.5,1354.84
7005491,7/4/2023,11712,1932,362,WHPA1,RI,Ground,FedEx,Delivered,184,17.09,161.07,0,18.9,29655.78
7005492,12/24/2024,19418,3330,353,WHTX1,ND,Ground,UPS,Delivered,55,21.71,29.32,0,87.36,1699.96
7005493,8/5/2024,15368,1394,609,WHGA1,NH,2Day,FedEx,Cancelled,69,10.63,64.61,0,29.21,4487.3
7005494,11/3/2023,16262,3466,418,WHIL1,WI,Ground,DHL,InTransit,2,5.5,49.74,0,11.09,110.57
7005495,4/17/2024,10009,4278,621,WHCA1,WV,Ground,UPS,InTransit,168,6.51,76.35,0,24.93,12851.73
7005496,12/5/2023,18790,2930,431,WHGA1,WV,Ground,FedEx,Delivered,79,14.59,62.2,0,55.86,4969.66
7005497,8/14/2024,14119,1626,599,WHWA1,VA,Ground,UPS,Pending,49,5.06,124.52,0,29.15,6130.63
7005498,5/25/2025,16087,5658,606,WHTX1,AK,Ground,UPS,InTransit,5,7.05,22.06,0,39.52,149.82
7005499,8/5/2024,16384,3880,499,WHIL1,ME,Ground,USPS,Delivered,45,13.6,95.97,0,33.8,4352.45
7005500,10/7/2024,19801,4167,693,WHIL1,NV,Ground,FedEx,Delivered,1,6.77,57.88,0.1,23.47,75.56
7005501,6/9/2024,13668,4423,336,WHGA1,OH,Ground,UPS,Delivered,40,23.45,20.53,0.1,30.53,769.61
7005502,3/2/2023,12247,3110,579,WHPA1,SC,2Day,FedEx,Delivered,170,5.36,41.41,0,29.92,7069.62
7005503,9/19/2023,13627,2166,516,WHNJ1,DC,Ground,FedEx,Pending,18,1.39,19.52,0.05,17.04,350.83
7005504,5/8/2024,12823,3782,374,WHIL1,WV,Ground,FedEx,Delivered,73,6.27,18.6,0.05,5.46,1295.37
7005505,11/23/2023,18284,2892,606,WHFL1,MI,Ground,UPS,Delivered,22,12.05,44.2,0,35.44,1007.84
7005506,8/2/2023,10851,4183,355,WHWA1,AR,Ground,UPS,Delivered,118,16.79,137.66,0.05,39.03,15470.72
7005507,5/22/2024,11108,2640,681,WHWA1,DE,Ground,USPS,Delivered,75,7.83,74.68,0.1,15.27,5056.17
7005508,11/29/2023,10300,1782,312,WHCA1,AL,Ground,FedEx,Pending,24,8.47,148.99,0.05,10.54,3407.51
7005509,10/19/2023,18103,5693,383,WHWA1,OK,Overnight,FedEx,Delivered,140,9.82,63.28,0,23.6,8882.8
7005510,4/5/2024,19670,3057,332,WHTX1,CT,2Day,FedEx,Delivered,118,28.44,177.54,0,13.81,20963.53
7005511,6/6/2023,15401,3324,386,WHTX1,MO,Ground,UPS,Delivered,170,12.55,165.17,0,23.27,28102.17
7005512,7/10/2025,11083,3275,532,WHTX1,NH,Ground,FedEx,Cancelled,1,7.44,30.86,0.1,34.19,61.96
7005513,4/30/2025,18168,3234,575,WHFL1,AL,Ground,UPS,Delivered,59,34.25,63.06,0.05,21.4,3555.91
7005514,11/30/2024,19558,3639,501,WHGA1,LA,Overnight,UPS,InTransit,200,10.07,36.19,0,27.27,7265.27
7005515,5/5/2023,12801,4288,351,WHTX1,AR,Overnight,UPS,Delivered,125,2.88,54.22,0,16.96,6794.46
7005516,1/12/2025,13952,3481,620,WHFL1,MD,Ground,FedEx,Delivered,130,4.35,191.54,0,8.26,24908.46
7005517,2/19/2025,18968,3617,556,WHTX1,VA,Ground,UPS,Delivered,85,13.98,38.29,0,22.76,3277.41
7005518,1/2/2025,16769,1356,541,WHCA1,DE,Ground,UPS,Delivered,103,3.44,26.15,0,11.37,2704.82
7005519,5/15/2023,11453,5488,505,WHFL1,NE,Ground,UPS,Delivered,123,13.48,27.39,0,4.07,3373.04
7005520,10/22/2024,11682,5675,686,WHNJ1,WY,Ground,UPS,Delivered,11,6.26,45.49,0,23.49,523.88
7005521,3/22/2025,12304,4347,684,WHPA1,RI,Ground,FedEx,Delivered,99,20.27,825.6,0,10.78,81745.18
7005522,8/12/2024,17158,4523,695,WHGA1,OH,Ground,FedEx,Delivered,126,11.06,168.23,0,4.62,21201.6
7005523,10/24/2024,11852,3468,496,WHGA1,MO,Ground,UPS,Delivered,5,3.74,8.03,0.05,47.74,85.88
7005524,3/29/2024,11898,1164,544,WHTX1,IN,Ground,UPS,Delivered,36,17.31,58.51,0.25,24.75,1604.52
7005525,6/20/2024,15826,4635,620,WHCA1,UT,Ground,FedEx,Pending,40,22.66,38.63,0.15,49.5,1362.92
7005526,2/10/2023,19520,5734,301,WHIL1,WA,Ground,FedEx,Delivered,136,4.65,119.67,0.1,9.9,14657.51
7005527,10/16/2024,18807,4664,389,WHFL1,SC,Ground,FedEx,Delivered,118,6.18,26.29,0.1,5.73,2797.73
7005528,4/6/2023,10245,4255,582,WHTX1,NM,Ground,UPS,Delivered,92,13.52,29.04,0.05,7.61,2545.71
7005529,3/2/2024,18949,4382,439,WHFL1,CA,Ground,USPS,Delivered,123,15.05,40.22,0,23.83,4970.89
7005530,11/13/2023,19016,3065,387,WHTX1,KY,Ground,FedEx,Delivered,58,41.04,36.97,0,53.36,2197.62
7005531,7/10/2024,13808,5266,302,WHGA1,GA,Ground,FedEx,Delivered,142,17.07,94.67,0,23.54,13466.68
7005532,6/7/2023,12780,4985,649,WHGA1,TX,Ground,UPS,Pending,28,42.23,47.47,0,10.23,1339.39
7005533,11/22/2024,11847,4888,468,WHTX1,KS,Ground,UPS,Cancelled,101,10.12,121.1,0,22.29,12253.39
7005534,2/4/2025,17022,1340,419,WHGA1,WV,Ground,FedEx,Delivered,29,12.59,34.03,0,22.06,1008.93
7005535,7/12/2023,19433,5822,688,WHCA1,AR,Ground,UPS,Delivered,5,7.11,109.99,0.05,30.26,552.71
7005536,5/3/2023,10474,4782,380,WHIL1,CA,Ground,UPS,Delivered,35,7.31,26.69,0,42.36,976.51
7005537,6/21/2023,14132,4591,411,WHIL1,TN,2Day,FedEx,Delivered,64,10.92,92.27,0,15.23,5920.51
7005538,5/11/2025,11793,2934,465,WHFL1,VA,Ground,FedEx,Delivered,133,7.05,42.28,0.1,16.99,5077.91
7005539,6/20/2024,11735,2646,682,WHIL1,SD,Ground,FedEx,InTransit,67,2.15,112,0,10.24,7514.24
7005540,4/9/2024,17216,5229,519,WHFL1,WY,Ground,FedEx,Delivered,21,6.7,10.87,0,24.06,252.33
7005541,5/6/2023,17230,3688,305,WHTX1,MD,Ground,FedEx,Delivered,194,19.08,34.68,0,43.94,6771.86
7005542,10/28/2024,15189,5919,515,WHPA1,CO,Ground,FedEx,Delivered,33,10.45,135.93,0.05,30.94,4292.35
7005543,4/30/2025,15282,3127,495,WHTX1,HI,2Day,USPS,Pending,188,10.48,52.09,0,19.43,9812.35
7005544,3/14/2025,15859,5442,582,WHTX1,KY,Ground,FedEx,Delivered,164,6.33,18.24,0.1,4.51,2696.73
7005545,10/1/2024,10945,5705,306,WHCA1,SD,Ground,FedEx,Delivered,72,12.21,36.58,0,27.9,2661.66
7005546,3/30/2023,11512,1639,679,WHIL1,AZ,Overnight,UPS,Delivered,11,27.05,78.48,0,8.78,872.06
7005547,5/13/2023,14082,2225,600,WHGA1,KS,Ground,USPS,Delivered,99,23.17,34.01,0,8.95,3375.94
7005548,2/28/2023,16119,4706,358,WHGA1,OK,Ground,UPS,Delivered,134,12.45,135.24,0,9.97,18132.13
7005549,10/18/2023,10859,4911,637,WHNJ1,MT,Ground,FedEx,Delivered,57,5.99,128.24,0.1,20.83,6599.54
7005550,6/9/2023,13561,5246,602,WHNJ1,MS,2Day,UPS,Delivered,29,28.87,95.75,0,17.23,2793.98
7005551,10/21/2023,18422,2550,402,WHFL1,WA,Ground,FedEx,InTransit,123,18.88,123.46,0,39.11,15224.69
7005552,1/3/2024,18370,5146,348,WHWA1,ND,2Day,UPS,Delivered,72,4.11,41.83,0,4.23,3015.99
7005553,7/28/2025,12616,2506,670,WHPA1,MD,Ground,FedEx,Delivered,24,3.49,169.92,0.15,11.28,3477.65
7005554,9/12/2024,11614,5431,576,WHFL1,KY,2Day,UPS,Delivered,169,4.25,127.39,0,6.72,21535.63
7005555,3/23/2025,12841,2376,671,WHGA1,DC,Overnight,UPS,Delivered,169,7.44,54.82,0.05,23.01,8824.36
7005556,12/2/2024,11775,1668,463,WHIL1,MD,Ground,USPS,InTransit,46,17.18,19.22,0,5.89,890.01
7005557,5/13/2023,13872,3375,632,WHFL1,KS,Ground,UPS,Delivered,8,16.93,11.45,0.05,11.37,98.39
7005558,12/15/2024,18274,5091,496,WHTX1,DC,Ground,UPS,Delivered,87,12.27,119.95,0.15,12.5,8882.8
7005559,11/4/2023,10846,2016,677,WHGA1,WI,2Day,FedEx,Delivered,39,9.19,19.43,0.05,89.75,809.63
7005560,10/16/2024,19409,1336,665,WHPA1,AR,2Day,DHL,InTransit,8,41.49,31.48,0.15,43.92,257.98
7005561,12/9/2023,13261,5762,624,WHPA1,LA,Ground,UPS,Delivered,148,10.21,83.79,0.05,5.17,11786.04
7005562,9/18/2025,13146,1081,432,WHGA1,OK,2Day,UPS,Delivered,199,9.49,24.16,0.2,43.44,3889.71
7005563,10/25/2023,17803,3135,366,WHWA1,OH,2Day,FedEx,Delivered,43,7.37,329.76,0.05,19.28,13489.98
7005564,11/6/2023,12264,2800,691,WHNJ1,NJ,Ground,UPS,Delivered,110,37.7,70.85,0.05,36.49,7440.31
7005565,7/13/2025,18637,1258,383,WHWA1,LA,Ground,UPS,InTransit,8,15.41,168.85,0.1,54.88,1270.6
7005566,1/30/2023,18156,1185,565,WHIL1,MA,Ground,USPS,Delivered,46,5.38,124.48,0,4.74,5730.82
7005567,11/24/2024,10923,1123,529,WHGA1,NY,Ground,UPS,Delivered,13,5.01,10.15,0,12.19,144.14
7005568,12/10/2024,16696,5701,573,WHTX1,CA,2Day,FedEx,Delivered,7,3.65,101.03,0,14.47,721.68
7005569,3/24/2025,14289,4515,519,WHTX1,SD,Overnight,FedEx,Delivered,80,9.44,59.33,0,9.79,4756.19
7005570,8/24/2025,15759,2395,525,WHCA1,MN,Ground,USPS,Delivered,123,4.07,57.43,0.15,3.08,6007.39
7005571,8/25/2025,18132,3353,413,WHTX1,NJ,Ground,DHL,InTransit,58,4.96,58.94,0,31.66,3450.18
7005572,3/18/2023,12631,4220,440,WHGA1,NE,2Day,FedEx,Delivered,69,18.98,125.54,0,8.93,8671.19
7005573,3/7/2025,17817,2309,485,WHGA1,IA,2Day,FedEx,Delivered,33,17.07,189.83,0,34.9,6299.29
7005574,10/24/2024,19360,4945,473,WHTX1,SD,Ground,FedEx,Delivered,108,24.47,26.05,0.05,30.44,2703.17
7005575,10/26/2024,17557,2942,676,WHNJ1,IN,Ground,UPS,Cancelled,45,4.14,63.34,0.1,25.2,2590.47
7005576,6/1/2023,15931,1491,311,WHIL1,MA,2Day,UPS,Delivered,8,5.48,160.08,0.05,18.81,1235.42
7005577,10/29/2024,17001,2055,697,WHPA1,ND,2Day,DHL,Delivered,20,6.86,51.89,0.05,32,1017.91
7005578,8/31/2025,13513,1702,459,WHGA1,MT,2Day,UPS,Pending,15,26.75,69.16,0,16.9,1054.3
7005579,6/21/2025,16067,3935,505,WHTX1,MO,2Day,UPS,Delivered,56,10.38,69.86,0.3,16.16,2754.67
7005580,3/7/2024,19088,5696,530,WHPA1,WY,Ground,USPS,Delivered,8,29.84,263.67,0,15.93,2125.29
7005581,2/16/2023,13723,2135,326,WHTX1,VT,Overnight,FedEx,Delivered,124,14.57,101.31,0,5.1,12567.54
7005582,12/20/2023,15649,1080,619,WHGA1,NM,2Day,UPS,Delivered,153,9.35,255.64,0.1,54.85,35256.48
7005583,3/12/2025,12061,1836,459,WHCA1,WV,Ground,UPS,Delivered,30,14.11,203.34,0,27.5,6127.7
7005584,11/27/2024,13035,1652,578,WHIL1,CO,Overnight,UPS,InTransit,63,3.54,51.18,0.05,25.14,3088.26
7005585,3/31/2024,12388,1417,690,WHGA1,WV,2Day,USPS,Delivered,68,2.92,74.06,0,10.99,5047.07
7005586,3/6/2023,17009,4681,448,WHPA1,AR,2Day,USPS,Delivered,188,11.68,252.36,0,24.7,47468.38
7005587,2/22/2024,18032,4867,566,WHTX1,MS,Ground,UPS,Delivered,8,10.09,26.98,0,13.09,228.93
7005588,4/11/2024,11800,1746,383,WHCA1,TN,Ground,USPS,Delivered,94,31.9,102.22,0.1,16.1,8663.91
7005589,7/11/2025,14408,3003,326,WHFL1,NM,Ground,UPS,Pending,43,4.37,102.94,0,32.69,4459.11
7005590,10/18/2024,12781,1240,371,WHGA1,ME,Ground,FedEx,Delivered,66,12.5,49.45,0,10.63,3274.33
7005591,11/23/2023,11128,3894,337,WHIL1,HI,Ground,UPS,Pending,26,15.18,45.97,0.05,40.74,1176.2
7005592,6/17/2024,18531,2945,692,WHCA1,NH,Ground,FedEx,InTransit,19,12.28,50.61,0.05,6.27,919.78
7005593,3/19/2023,17366,1856,433,WHPA1,CA,Ground,UPS,InTransit,29,19.34,98.11,0,13.57,2858.76
7005594,8/23/2025,17612,4516,426,WHWA1,LA,Overnight,UPS,Delivered,9,6.84,168.24,0,29.1,1543.26
7005595,12/19/2023,17536,3647,415,WHTX1,AZ,Ground,UPS,Delivered,34,16.48,100.65,0.1,34.3,3114.19
7005596,4/22/2024,19365,4195,392,WHNJ1,SC,Ground,UPS,Delivered,98,14.01,24.88,0,1.2,2439.44
7005597,12/17/2023,12809,5516,542,WHFL1,HI,Ground,DHL,Delivered,91,20.13,172.16,0.25,9.95,11759.87
7005598,11/17/2024,14298,5805,500,WHFL1,MA,Ground,DHL,Delivered,74,7.36,138.3,0,57.87,10292.07
7005599,11/6/2024,14560,3599,507,WHIL1,NJ,2Day,USPS,Delivered,1,4.91,50.52,0,11.63,62.15
7005600,12/4/2024,10449,2354,417,WHWA1,ME,Ground,UPS,Cancelled,15,6.86,37.95,0,5.47,574.72
7005601,10/31/2023,15009,3036,519,WHCA1,MO,Ground,UPS,Delivered,133,5.28,31.77,0,8.7,4234.11
7005602,11/26/2023,14894,3881,605,WHGA1,OH,Ground,UPS,Delivered,33,7.12,127.28,0.05,9.6,3999.83
7005603,5/28/2023,10794,1680,543,WHGA1,ID,Ground,UPS,Delivered,154,8.18,16.1,0.05,5.74,2361.17
7005604,11/2/2024,10437,1487,592,WHCA1,WA,Ground,UPS,Delivered,142,5.79,129.48,0,4.77,18390.93
7005605,2/16/2023,16013,4621,582,WHGA1,MT,Ground,FedEx,Delivered,18,10.05,43.75,0.15,49.77,719.14
7005606,8/29/2024,15870,4651,601,WHFL1,WV,Ground,UPS,Delivered,150,4.93,73.24,0.1,44.55,9931.95
7005607,5/2/2025,11621,5719,617,WHFL1,CA,Ground,USPS,Delivered,87,9.57,5.47,0,46.28,522.17
7005608,5/27/2025,14309,2439,472,WHFL1,ME,2Day,FedEx,Delivered,87,7.43,17.34,0,18.13,1526.71
7005609,3/19/2024,10949,5315,688,WHCA1,NE,Ground,UPS,Delivered,136,9.3,37.29,0,20.61,5092.05
7005610,3/31/2024,13945,2485,376,WHIL1,PA,Ground,FedEx,Delivered,51,12.66,31.68,0.05,44.63,1579.53
7005611,4/1/2023,19320,1691,509,WHFL1,NH,Ground,UPS,Delivered,108,7.78,102.03,0.05,10.25,10478.53
7005612,11/11/2024,10192,2013,614,WHGA1,ID,Ground,UPS,Delivered,94,6.27,74.19,0,48,7021.86
7005613,3/6/2025,11404,5543,405,WHWA1,ME,Ground,UPS,Delivered,116,6.75,232.34,0.05,1.42,25605.29
7005614,10/3/2023,11991,3348,326,WHIL1,FL,Ground,FedEx,Delivered,93,18.48,85.94,0.25,18.8,6013.12
7005615,2/15/2024,11105,4709,651,WHWA1,LA,Ground,UPS,Delivered,10,21.51,38.06,0.05,19.66,381.23
7005616,3/27/2025,10549,5471,379,WHTX1,NH,Ground,FedEx,InTransit,36,7.34,141.27,0.05,42.36,4873.79
7005617,5/11/2025,15762,2923,428,WHTX1,AZ,Ground,UPS,Delivered,165,9.11,43.39,0,35.35,7194.7
7005618,10/1/2023,18763,1638,437,WHTX1,MN,Ground,UPS,Delivered,27,3.6,41.68,0,40.68,1166.04
7005619,7/16/2024,17904,4009,634,WHTX1,NJ,Overnight,UPS,Cancelled,61,8.97,60.09,0.2,4.52,2936.91
7005620,8/11/2023,11785,3234,336,WHGA1,VA,Ground,FedEx,Delivered,44,4.19,186.38,0.1,55.33,7435.98
7005621,5/1/2023,10805,3126,688,WHCA1,MS,Ground,FedEx,Delivered,10,7.46,125.22,0.05,39.31,1228.9
7005622,6/20/2025,18991,4458,359,WHGA1,OR,Overnight,FedEx,Cancelled,22,19.09,122.52,0,16.44,2711.88
7005623,3/5/2025,18803,5290,530,WHPA1,OR,Ground,UPS,Delivered,35,4.06,236.68,0.05,12.56,7882.17
7005624,12/28/2024,17518,4175,424,WHGA1,AR,Ground,UPS,Cancelled,60,5.82,120.5,0.05,17.44,6885.94
7005625,2/27/2023,16832,4689,388,WHIL1,NV,Ground,FedEx,Delivered,142,5.84,25.39,0,23.03,3628.41
7005626,4/2/2025,16918,2400,637,WHCA1,KS,Ground,UPS,Delivered,68,3.67,87.46,0.05,29.03,5678.95
7005627,3/6/2024,14239,3335,441,WHWA1,IL,Ground,UPS,Delivered,91,16.78,186.9,0.15,7.9,14464.62
7005628,12/10/2023,13261,2506,573,WHFL1,DE,2Day,UPS,Delivered,54,11.81,20.73,0,10.07,1129.49
7005629,7/11/2024,14368,1250,351,WHNJ1,WV,Ground,FedEx,Delivered,141,29.6,59.36,0,9.96,8379.72
7005630,4/18/2023,15652,1536,355,WHNJ1,MO,Ground,FedEx,InTransit,93,5.5,28.41,0.15,28.95,2274.76
7005631,12/26/2024,13372,4533,637,WHFL1,AK,Ground,UPS,Delivered,11,3.45,65.65,0,15.42,737.57
7005632,8/16/2024,12094,4550,450,WHCA1,NJ,Ground,FedEx,Pending,62,17.59,132.82,0.15,21.81,7021.42
7005633,8/6/2023,14002,1458,453,WHNJ1,SC,Ground,FedEx,Delivered,129,8.05,153.59,0,27.14,19840.25
7005634,8/7/2023,16557,3739,519,WHCA1,AZ,Ground,UPS,InTransit,107,7.56,52.74,0.1,20.76,5099.62
7005635,8/4/2023,17811,4370,519,WHIL1,MN,Ground,UPS,Delivered,152,24.27,95.33,0.15,21.35,12337.99
7005636,3/9/2023,14555,5136,666,WHIL1,NH,Ground,FedEx,Delivered,27,11.07,20.94,0.05,6.06,543.17
7005637,8/21/2024,19625,4697,696,WHGA1,SD,2Day,FedEx,Delivered,183,17.2,17.64,0.05,38.66,3105.37
7005638,3/29/2025,12518,4412,642,WHNJ1,NJ,Ground,UPS,Delivered,35,6.88,131.38,0,19.3,4617.6
7005639,1/21/2023,18698,5070,558,WHFL1,HI,Ground,FedEx,Delivered,6,6.47,7.21,0,24.6,67.86
7005640,2/27/2023,15806,4388,688,WHCA1,MA,Ground,FedEx,Delivered,65,8.03,37.09,0.15,16.5,2065.72
7005641,8/8/2024,11097,4186,345,WHWA1,NE,Ground,FedEx,Delivered,13,14.95,96.37,0.1,12.96,1140.49
7005642,3/4/2025,19237,4239,569,WHIL1,MS,Ground,UPS,Delivered,97,10.31,70.02,0,18.66,6810.6
7005643,12/1/2023,17062,1261,611,WHGA1,NM,2Day,UPS,Delivered,150,13.24,8.24,0.1,18.05,1130.45
7005644,12/14/2023,12205,2248,460,WHNJ1,NJ,Ground,FedEx,Delivered,158,2.1,86.69,0,6.56,13703.58
7005645,8/28/2024,13903,4334,578,WHNJ1,AL,Ground,FedEx,Delivered,83,3.23,32.83,0,19.13,2744.02
7005646,11/3/2023,11353,4323,645,WHNJ1,AL,2Day,UPS,Delivered,71,2.75,65.29,0,83.96,4719.55
7005647,2/1/2023,11597,3574,355,WHWA1,DE,Ground,FedEx,Pending,195,7.96,38.77,0,32.99,7593.14
7005648,12/15/2024,18768,1126,445,WHIL1,WV,2Day,FedEx,Delivered,78,4.32,36.96,0,7.68,2890.56
7005649,9/30/2024,16981,2230,535,WHWA1,TN,Ground,FedEx,Pending,160,27.56,17.02,0.05,6.6,2593.64
7005650,8/15/2024,10680,4212,479,WHIL1,ND,Ground,UPS,Pending,156,9.87,46.67,0.05,26.51,6943
7005651,12/18/2024,13713,4134,508,WHNJ1,KS,Overnight,FedEx,Delivered,35,11.39,142.55,0,11.35,5000.6
7005652,11/13/2024,19322,2307,436,WHIL1,NE,2Day,FedEx,Cancelled,2,5.2,44.63,0,19.84,109.1
7005653,8/22/2023,18510,3102,653,WHNJ1,AR,Ground,UPS,Delivered,56,5.1,46.08,0,38.9,2619.38
7005654,12/15/2023,15302,1136,694,WHTX1,ME,Ground,UPS,Pending,138,25.36,36.64,0,20.02,5076.34
7005655,5/29/2023,15735,3378,575,WHIL1,NH,Ground,UPS,Delivered,131,29.14,24.39,0.15,18.64,2734.47
7005656,6/2/2023,17982,2460,684,WHCA1,SD,Ground,FedEx,Delivered,82,12.83,29.84,0.15,21.02,2100.87
7005657,11/13/2024,15893,5232,698,WHIL1,AZ,2Day,UPS,Delivered,19,2.96,70.07,0.1,39.03,1237.23
7005658,4/19/2025,13697,1813,623,WHNJ1,HI,Ground,DHL,InTransit,13,7.75,335.57,0,15.5,4377.91
7005659,8/14/2025,17130,1852,483,WHCA1,DE,Ground,USPS,Delivered,172,12.07,118.77,0.1,14.19,18399.79
7005660,10/3/2024,12997,2745,361,WHGA1,RI,2Day,USPS,Delivered,53,8.72,92.61,0,5.86,4914.19
7005661,8/4/2023,17238,2939,363,WHCA1,NC,2Day,FedEx,Delivered,90,2.8,241.87,0,42.08,21810.38
7005662,5/5/2023,17328,1871,661,WHCA1,DE,Ground,USPS,InTransit,152,30.33,83.25,0.05,10.04,12031.34
7005663,2/25/2025,17408,1635,515,WHIL1,MO,2Day,UPS,Delivered,141,6.06,127.3,0,5.35,17954.65
7005664,8/13/2024,12543,1669,660,WHPA1,MS,Ground,FedEx,Delivered,76,4.47,69.69,0.05,13.71,5045.33
7005665,9/21/2024,10679,2294,439,WHCA1,MT,2Day,UPS,Delivered,63,9.82,82.33,0,5.85,5192.64
7005666,1/19/2025,15367,4089,434,WHCA1,MT,Ground,UPS,Delivered,108,20.35,22.38,0,11.49,2428.53
7005667,11/28/2024,15644,1269,334,WHFL1,KY,2Day,UPS,Delivered,43,13.6,48.3,0,22.71,2099.61
7005668,3/22/2025,17411,1861,493,WHNJ1,NE,Ground,FedEx,InTransit,86,4.54,40.49,0.05,44.56,3352.59
7005669,3/8/2023,19836,1482,655,WHIL1,NH,Ground,UPS,Pending,3,4.11,39.01,0,37.2,154.23
7005670,12/22/2024,15542,4291,620,WHNJ1,TX,Ground,FedEx,Delivered,128,2.68,37.44,0,5.58,4797.9
7005671,4/10/2025,10835,4391,387,WHIL1,RI,2Day,USPS,Pending,199,8.39,163.38,0.15,8.1,27643.83
7005672,11/10/2023,19861,2262,510,WHWA1,FL,2Day,UPS,Cancelled,172,7.53,46.36,0.2,29.49,6408.63
7005673,10/17/2024,16027,3333,381,WHGA1,IN,Ground,FedEx,InTransit,45,13.61,54.23,0.1,9.63,2205.95
7005674,11/25/2023,18473,1103,622,WHPA1,CA,Ground,FedEx,Pending,70,6.63,292.85,0.05,18,19492.52
7005675,8/11/2025,17971,4795,639,WHCA1,WY,Ground,UPS,Delivered,28,17.94,103.25,0.15,36.67,2494.02
7005676,2/9/2023,16819,5888,490,WHFL1,NJ,Ground,USPS,Delivered,37,14.81,60.34,0.05,26.55,2147.5
7005677,8/14/2024,15029,5335,648,WHIL1,NV,Ground,USPS,Delivered,59,6.46,125.87,0,46.14,7472.47
7005678,7/16/2023,14704,3693,533,WHCA1,VT,Ground,UPS,Delivered,110,12.65,37.56,0,5.61,4137.21
7005679,12/3/2024,19439,4672,692,WHCA1,OR,Ground,UPS,Pending,2,22.2,44.57,0.05,18.02,102.7
7005680,7/27/2023,11773,1882,469,WHTX1,DE,Ground,DHL,Delivered,50,5.62,46.58,0.05,2.06,2214.61
7005681,9/22/2023,12165,3236,551,WHWA1,IA,Overnight,DHL,InTransit,74,8.8,71.45,0.15,14.81,4509.02
7005682,5/11/2024,17112,5984,468,WHWA1,NV,Ground,UPS,Delivered,26,8.7,83.18,0.1,9.31,1955.72
7005683,6/25/2025,18384,4035,531,WHNJ1,OK,Ground,UPS,Delivered,9,8.07,30.87,0.05,8.83,272.77
7005684,8/27/2023,12836,5890,450,WHWA1,NC,Ground,FedEx,Delivered,72,16.18,79.78,0,8.71,5752.87
7005685,6/19/2023,12666,3578,452,WHWA1,CO,Ground,UPS,InTransit,88,16.97,91.6,0.05,27.78,7685.54
7005686,12/27/2024,16114,1676,338,WHWA1,DC,Ground,USPS,Delivered,89,12.76,43.25,0,25.12,3874.37
7005687,5/18/2024,12564,3440,686,WHPA1,ID,Ground,FedEx,Delivered,44,12.4,53.44,0,10.86,2362.22
7005688,6/21/2025,18499,2682,681,WHFL1,CT,Ground,FedEx,Delivered,29,7.14,27.07,0.1,26.13,732.66
7005689,6/22/2023,18132,2277,597,WHIL1,VT,Ground,UPS,InTransit,26,12.19,20.87,0,20.98,563.6
7005690,10/24/2024,18724,5768,575,WHWA1,NV,Ground,FedEx,Delivered,5,4.63,26.88,0.05,10.16,137.84
7005691,9/19/2023,12697,4248,405,WHGA1,CT,Ground,UPS,Pending,22,44.24,99.36,0.05,6.08,2082.7
7005692,7/4/2023,14688,5935,686,WHPA1,SD,Ground,UPS,Delivered,127,22.48,86.53,0,13.29,11002.6
7005693,11/17/2024,17322,4649,648,WHTX1,AL,Ground,FedEx,Delivered,1,17.75,231.28,0,15.88,247.16
7005694,8/26/2024,17014,2313,652,WHNJ1,MS,Ground,FedEx,Delivered,5,12.78,61.63,0,41.52,349.67
7005695,12/25/2024,17705,2074,362,WHGA1,VT,Ground,FedEx,InTransit,15,12.78,62.21,0,13.33,946.48
7005696,11/22/2023,15572,5100,316,WHGA1,ME,Ground,USPS,Delivered,53,3.63,75.97,0,39.85,4066.26
7005697,3/18/2024,17337,2655,650,WHCA1,NY,Ground,UPS,Delivered,41,4.7,28.43,0,8.31,1173.94
7005698,1/27/2024,10059,4748,450,WHNJ1,NJ,Overnight,UPS,Delivered,21,5.06,112.93,0.1,49.32,2183.7
7005699,9/2/2025,19766,5089,442,WHTX1,AL,Ground,FedEx,InTransit,13,10.36,78.4,0,51.84,1071.04
7005700,11/13/2023,11141,2894,416,WHIL1,NY,Ground,UPS,Delivered,165,8.45,30.91,0,17.22,5117.37
7005701,11/14/2023,12563,2286,612,WHIL1,MD,Ground,FedEx,Delivered,154,16.27,77.83,0.15,14.51,10202.46
7005702,12/16/2023,12853,1535,365,WHTX1,MA,Ground,FedEx,Delivered,116,5.6,102.03,0,8.14,11843.62
7005703,8/1/2024,16642,4448,610,WHCA1,ME,Ground,USPS,Delivered,30,18.51,23.63,0,14.15,723.05
7005704,10/12/2023,10942,2380,494,WHCA1,NJ,Ground,FedEx,Delivered,40,6.11,125.77,0.1,12.86,4540.58
7005705,6/25/2025,16542,1646,642,WHGA1,WY,2Day,UPS,Delivered,94,7.78,43.78,0,43.54,4158.86
7005706,10/28/2023,19967,1024,461,WHWA1,NV,Ground,UPS,Delivered,36,17.11,6.99,0,23.36,275
7005707,6/2/2025,17431,5653,606,WHNJ1,NY,Overnight,UPS,Delivered,70,13.54,118.48,0.05,32.78,7911.7
7005708,5/2/2023,11422,5452,661,WHGA1,NJ,Ground,UPS,Delivered,91,4.72,153.59,0,11.32,13988.01
7005709,11/3/2024,15766,5966,578,WHWA1,MN,Ground,UPS,Delivered,68,18.94,27.33,0.15,12.83,1592.5
7005710,6/15/2025,10436,5671,596,WHFL1,NE,Ground,UPS,InTransit,52,10.55,18.63,0,1.89,970.65
7005711,7/18/2023,10840,5125,339,WHFL1,OR,Ground,DHL,Delivered,43,2.77,151.99,0.05,14.93,6223.72
7005712,8/19/2025,14002,1365,661,WHIL1,MT,Overnight,UPS,Delivered,117,6.03,38.95,0.1,9.41,4110.84
7005713,3/23/2024,15249,3656,469,WHTX1,AZ,Ground,FedEx,InTransit,108,7.82,153.82,0,59.3,16671.86
7005714,7/31/2025,14960,1409,368,WHNJ1,NM,Ground,UPS,Delivered,100,4.96,17.12,0.05,36.57,1662.97
7005715,11/14/2024,11651,2315,307,WHTX1,AK,Ground,UPS,Delivered,47,22.38,160.45,0.25,9.73,5665.59
7005716,11/18/2023,15829,1219,385,WHNJ1,GA,Ground,UPS,Delivered,116,7.99,127.19,0.1,6.36,13285
7005717,8/7/2023,19438,5704,499,WHPA1,PA,Ground,UPS,Delivered,173,13.18,87.6,0.1,24.63,13663.95
7005718,11/19/2023,12262,2540,432,WHIL1,ME,Ground,FedEx,Delivered,98,11.32,14.75,0,26.05,1471.55
7005719,4/20/2023,19108,4434,376,WHIL1,NM,Ground,FedEx,InTransit,52,15.27,46.56,0,5.39,2426.51
7005720,6/19/2023,15895,5954,550,WHPA1,NH,Overnight,FedEx,Delivered,121,27.29,121.46,0,23.29,14719.95
7005721,5/4/2023,16279,2603,647,WHNJ1,MO,Ground,FedEx,Delivered,83,15,18.42,0.05,46.08,1498.5
7005722,2/17/2024,13890,3705,509,WHCA1,NY,Ground,USPS,Pending,143,28.45,41.63,0,26.51,5979.6
7005723,2/4/2025,16898,4649,384,WHNJ1,KY,Ground,USPS,Delivered,103,15.24,79.19,0.1,16.47,7357.38
7005724,6/16/2023,11327,2106,523,WHIL1,DC,2Day,FedEx,Delivered,115,10.82,26.66,0,14.58,3080.48
7005725,6/3/2023,15902,4412,553,WHFL1,VT,Ground,UPS,Delivered,94,12.13,149.11,0,15.28,14031.62
7005726,10/21/2024,13359,3489,331,WHTX1,WI,2Day,DHL,Cancelled,11,2.07,129.82,0,6.54,1434.56
7005727,8/15/2023,11586,1617,655,WHGA1,MN,Ground,USPS,Delivered,63,7.61,71.09,0,46.64,4525.31
7005728,4/25/2023,15646,5322,501,WHTX1,LA,Ground,FedEx,Delivered,7,9.17,81.3,0,27.95,597.05
7005729,7/16/2023,10389,3419,352,WHIL1,HI,Ground,FedEx,Delivered,57,13.01,41.1,0,5.44,2348.14
7005730,7/5/2025,12792,1028,668,WHTX1,MD,Overnight,UPS,Delivered,104,9.85,90.66,0,11.94,9440.58
7005731,3/7/2025,13333,4056,372,WHCA1,IL,Ground,FedEx,Delivered,53,12.22,39.49,0,10.93,2103.9
7005732,12/16/2023,10704,1016,321,WHCA1,MS,Ground,USPS,Delivered,1,4.52,52.28,0,61.02,113.3
7005733,11/2/2024,15835,4349,316,WHFL1,TX,Ground,FedEx,Delivered,46,3.87,42.51,0,12.93,1968.39
7005734,7/1/2024,12821,1333,316,WHNJ1,MD,Ground,FedEx,Cancelled,8,4.92,163.89,0.1,4.03,1184.04
7005735,11/14/2024,18054,5579,475,WHWA1,DC,Ground,UPS,InTransit,118,25.67,139.67,0,9.75,16490.81
7005736,11/17/2024,14960,5662,612,WHTX1,TN,2Day,UPS,InTransit,118,4.67,29.72,0,40.81,3547.77
7005737,10/4/2024,11060,3162,638,WHTX1,NV,2Day,FedEx,Delivered,124,6.23,153.04,0,17.77,18994.73
7005738,10/28/2023,19491,3086,378,WHIL1,OH,Overnight,UPS,Delivered,4,10.65,34.32,0,15.17,152.45
7005739,2/15/2023,11302,5550,540,WHNJ1,MA,Ground,FedEx,Delivered,4,3.85,219.5,0,14.7,892.7
7005740,3/26/2024,18866,4954,337,WHNJ1,CO,Ground,FedEx,Delivered,151,5.92,180.19,0.1,10.12,24497.94
7005741,5/27/2025,17697,3790,532,WHTX1,CT,Ground,UPS,Delivered,15,15.01,278.46,0,28.63,4205.53
7005742,8/6/2024,14300,5262,513,WHGA1,NH,Ground,UPS,Delivered,94,7.69,73.66,0,29.42,6953.46
7005743,3/19/2025,16072,3253,493,WHTX1,MN,2Day,USPS,Delivered,121,27.46,49.3,0,5.32,5970.62
7005744,9/11/2025,14113,5974,360,WHTX1,CA,Ground,UPS,Delivered,57,3.61,48.54,0,4.35,2771.13
7005745,7/12/2023,17882,1245,489,WHTX1,MI,2Day,UPS,Delivered,73,8.13,78.02,0,8.17,5703.63
7005746,11/22/2024,19209,2895,567,WHCA1,FL,2Day,FedEx,Delivered,27,7.69,29.5,0,22.05,818.55
7005747,11/12/2024,18402,2357,426,WHPA1,NY,Ground,USPS,InTransit,159,9.95,11.11,0,14.42,1780.91
7005748,8/29/2025,10499,1943,503,WHNJ1,GA,Ground,USPS,Delivered,37,4.79,45.36,0,0.74,1679.06
7005749,9/4/2025,18621,4468,622,WHPA1,VA,Ground,FedEx,Pending,26,7.06,61.74,0,16.98,1622.22
7005750,11/19/2024,17246,4193,682,WHCA1,TX,Ground,FedEx,InTransit,69,16.06,88.52,0.05,17.17,5819.66
7005751,10/2/2023,12106,2746,332,WHGA1,WI,Ground,USPS,InTransit,23,8.51,79.23,0.15,6.34,1555.29
7005752,2/7/2025,19746,5506,612,WHWA1,NV,Overnight,FedEx,Cancelled,98,5.26,66.22,0,64.96,6554.52
7005753,5/7/2023,15328,3358,561,WHIL1,HI,Ground,FedEx,Delivered,68,34.83,136.04,0,19.53,9270.25
7005754,1/17/2025,15631,4880,687,WHFL1,CT,Ground,UPS,Delivered,18,10.3,32.57,0,14.5,600.76
7005755,6/19/2025,13207,4778,646,WHGA1,NJ,2Day,UPS,InTransit,8,14.45,37.48,0,12.43,312.27
7005756,1/1/2024,17138,3116,394,WHNJ1,TX,2Day,FedEx,Delivered,16,15.82,262.64,0.05,26.75,4018.88
7005757,10/6/2024,12570,3268,628,WHIL1,VT,2Day,UPS,Delivered,16,9.58,6.46,0,8.89,112.25
7005758,2/26/2024,12629,3268,400,WHPA1,DC,Ground,UPS,Delivered,38,6.23,131.32,0.05,27.24,4767.89
7005759,3/5/2024,16765,2497,585,WHGA1,PA,Ground,DHL,Delivered,131,11.27,89.01,0,62.96,11723.27
7005760,11/23/2023,11068,3797,615,WHNJ1,ND,Ground,UPS,Pending,7,6.57,59.94,0,5.23,424.81
7005761,12/29/2024,11507,5482,325,WHFL1,VA,Ground,UPS,Delivered,15,12.5,112.36,0.1,21.6,1538.46
7005762,7/20/2025,13014,1930,653,WHWA1,NV,Ground,UPS,Delivered,37,9.06,99.22,0,17.8,3688.94
7005763,7/25/2025,19860,4325,657,WHWA1,NY,Ground,FedEx,Pending,74,18.55,21.6,0,4.39,1602.79
7005764,7/25/2023,16643,5501,417,WHFL1,KS,Overnight,USPS,Delivered,114,5.04,30.34,0.15,51.64,2991.59
7005765,5/8/2025,14067,5588,499,WHGA1,RI,Ground,FedEx,Pending,158,15.39,42.86,0.05,7.1,6440.39
7005766,12/16/2024,10948,1357,579,WHIL1,AL,Ground,USPS,Cancelled,52,14.45,13.59,0.05,18.51,689.86
7005767,10/13/2023,14390,5311,370,WHIL1,ND,Ground,USPS,InTransit,13,8.66,59.64,0,10.42,785.74
7005768,3/21/2023,18144,5065,635,WHGA1,SD,Ground,USPS,Delivered,26,15.5,93.75,0,9.96,2447.46
7005769,10/31/2023,11172,4842,379,WHCA1,MN,Ground,UPS,Delivered,35,12.86,135.69,0,39.32,4788.47
7005770,6/21/2025,16115,4931,654,WHGA1,WY,Ground,FedEx,Delivered,119,14.92,63.37,0.05,29.32,7193.3
7005771,10/9/2024,10172,5848,314,WHPA1,MD,2Day,UPS,Delivered,98,14.36,35.5,0,15.63,3494.63
7005772,12/7/2024,15683,1827,329,WHGA1,LA,Ground,UPS,Delivered,25,10.31,70.19,0,10.96,1765.71
7005773,10/18/2023,19336,1666,444,WHGA1,LA,Ground,FedEx,Delivered,132,6.99,56.78,0.05,4.33,7124.54
7005774,12/6/2024,15857,3029,643,WHCA1,TN,Ground,UPS,Delivered,138,6.94,103.95,0.1,48.02,12958.61
7005775,2/3/2023,16210,4692,310,WHTX1,SC,Ground,FedEx,Delivered,145,8.79,58.12,0.15,5.75,7169.04
7005776,12/27/2023,13578,3583,347,WHIL1,MA,2Day,UPS,Delivered,33,16.58,111.83,0,44,3734.39
7005777,10/1/2024,18381,1554,560,WHPA1,DE,Ground,UPS,Delivered,16,14.61,49.97,0,34.92,834.44
7005778,6/21/2023,14077,1328,312,WHNJ1,ND,Ground,UPS,InTransit,12,18.29,148.04,0.15,8.53,1518.54
7005779,3/8/2025,10158,2189,598,WHIL1,WY,Ground,USPS,Delivered,50,19.42,67.94,0.05,6.05,3233.2
7005780,9/22/2023,17778,1150,526,WHIL1,HI,2Day,FedEx,Delivered,55,8.78,39.48,0,19.29,2190.69
7005781,10/31/2024,12718,5753,560,WHTX1,TX,Ground,DHL,Delivered,140,32.46,47.52,0.05,20.15,6340.31
7005782,1/27/2024,18438,3854,384,WHIL1,DC,Ground,USPS,Delivered,32,9.4,99.81,0,9.36,3203.28
7005783,8/28/2024,12796,2937,648,WHIL1,TX,Ground,FedEx,Delivered,86,7.44,24.65,0,35.12,2155.02
7005784,5/7/2023,17201,5389,648,WHCA1,GA,Overnight,UPS,Delivered,119,12.21,54.8,0,60.15,6581.35
7005785,1/20/2023,17529,3737,306,WHCA1,DE,2Day,FedEx,InTransit,33,13.37,126.82,0,36.22,4221.28
7005786,6/18/2025,12378,1957,698,WHCA1,WA,Ground,FedEx,Delivered,32,6.41,86.16,0,36.85,2793.97
7005787,11/1/2023,19042,4249,547,WHCA1,DE,2Day,FedEx,Delivered,94,9.09,26.81,0,26.81,2546.95
7005788,3/5/2025,11811,1416,335,WHCA1,ME,Ground,UPS,InTransit,106,7.65,74.61,0,4.99,7913.65
7005789,9/20/2025,15191,4455,475,WHWA1,AL,Ground,FedEx,Delivered,174,10.89,23.45,0,12.61,4092.91
7005790,8/27/2023,15433,3646,365,WHPA1,AZ,Ground,UPS,Delivered,135,16.12,68.37,0.05,40.81,8809.26
7005791,10/27/2023,17896,4775,447,WHNJ1,UT,2Day,USPS,Pending,128,8.53,157.63,0,13.35,20189.99
7005792,11/6/2024,12127,1085,357,WHTX1,NY,Ground,FedEx,Delivered,99,14.1,63.16,0.15,13.06,5327.97
7005793,8/17/2025,16954,2936,493,WHGA1,WV,2Day,UPS,Delivered,14,4.35,27.17,0.05,9.14,370.5
7005794,6/26/2025,13031,2417,313,WHFL1,KS,Ground,UPS,InTransit,124,17.06,52.49,0,22.19,6530.95
7005795,5/21/2024,16324,2071,692,WHPA1,NJ,2Day,FedEx,Delivered,163,7.62,68.75,0,23.38,11229.63
7005796,2/4/2025,15748,4413,318,WHCA1,WI,Ground,FedEx,Delivered,49,7.54,128.87,0,14.15,6328.78
7005797,6/9/2023,15606,2522,546,WHTX1,NV,Ground,FedEx,Delivered,38,12.72,128.06,0,35.65,4901.93
7005798,8/27/2025,15892,2502,463,WHGA1,NV,Ground,FedEx,Delivered,69,13.12,27.99,0,2.89,1934.2
7005799,8/16/2025,13077,5092,643,WHIL1,KS,Ground,FedEx,Delivered,172,9.35,47.82,0,15.16,8240.2
7005800,7/12/2023,12345,3474,414,WHWA1,SD,Ground,UPS,Delivered,6,5.87,79.04,0,67.76,542
7005801,11/17/2023,10620,1736,582,WHWA1,DC,Ground,USPS,InTransit,102,7.5,39.29,0.05,20.21,3827.41
7005802,4/28/2023,12408,3839,533,WHPA1,NC,Overnight,FedEx,InTransit,126,10.59,85.05,0,14.72,10731.02
7005803,11/2/2023,16261,3563,466,WHIL1,MO,Ground,UPS,Delivered,120,13.42,23.35,0.1,41.43,2563.23
7005804,2/28/2025,13005,4907,622,WHTX1,LA,Ground,UPS,Delivered,76,6.1,72.05,0,20.37,5496.17
7005805,12/29/2023,13915,2273,326,WHNJ1,MT,Ground,UPS,Delivered,157,6.81,123.16,0.05,20.29,18389.6
7005806,4/14/2023,13597,5837,426,WHNJ1,CO,Ground,UPS,InTransit,16,11.71,62.31,0,25.63,1022.59
7005807,12/10/2023,19870,2863,613,WHWA1,PA,Ground,FedEx,Delivered,30,9.51,67.85,0,16.02,2051.52
7005808,8/30/2025,14040,5227,581,WHTX1,UT,2Day,UPS,Delivered,38,10.92,108.35,0,29.15,4146.45
7005809,10/5/2024,11305,2764,586,WHFL1,AZ,Ground,USPS,Delivered,1,2.08,43.97,0,32.86,76.83
7005810,2/9/2024,15631,5419,691,WHFL1,TX,2Day,FedEx,Delivered,46,8.38,92.74,0,61.59,4327.63
7005811,7/16/2023,17283,1823,583,WHNJ1,CO,Ground,UPS,Delivered,19,16.69,58.73,0,39.51,1155.38
7005812,9/4/2025,13308,1543,439,WHFL1,IN,Overnight,UPS,Delivered,105,6.91,31.78,0,19.36,3356.26
7005813,3/6/2025,11362,3766,401,WHNJ1,LA,Ground,FedEx,Delivered,53,13.39,112.84,0.05,20.66,5702.15
7005814,11/7/2023,16666,3079,692,WHIL1,KS,Ground,UPS,Delivered,101,4.84,159.97,0,4.99,16161.96
7005815,3/24/2023,14295,1885,311,WHFL1,MS,Ground,UPS,Pending,36,3.92,135,0.05,22.55,4639.55
7005816,3/8/2023,11788,5287,682,WHNJ1,IL,Overnight,UPS,Delivered,16,12.85,112.83,0,21.7,1826.98
7005817,5/22/2023,11074,4650,516,WHNJ1,AL,Ground,UPS,Delivered,16,9.68,85.78,0,9.97,1382.45
7005818,8/15/2024,19358,5511,330,WHTX1,PA,Ground,UPS,Delivered,24,8.17,77.36,0,21.76,1878.4
7005819,7/11/2025,15903,4572,394,WHNJ1,IN,Ground,UPS,Delivered,14,16.62,56.19,0,3.96,790.62
7005820,5/14/2024,13600,4934,416,WHFL1,KY,2Day,USPS,Delivered,26,8.29,37.73,0.05,55.04,986.97
7005821,4/1/2025,13056,4667,571,WHWA1,IL,Ground,UPS,Delivered,78,6.84,14.13,0,11.54,1113.68
7005822,3/15/2024,16477,2722,591,WHWA1,IL,Ground,FedEx,Cancelled,31,6.41,20.03,0,8.48,629.41
7005823,12/1/2024,10660,1375,339,WHFL1,FL,2Day,UPS,Delivered,42,5.65,60.62,0.05,37.26,2456
7005824,12/13/2024,16321,1558,324,WHPA1,CO,2Day,UPS,Delivered,6,13.23,24.55,0.15,28.49,153.7
7005825,7/24/2023,16514,2281,564,WHCA1,CO,Ground,FedEx,Delivered,148,8.29,80.17,0,2.35,11867.51
7005826,12/20/2023,14643,4424,343,WHCA1,NJ,Overnight,UPS,Delivered,16,19.85,203.88,0.05,23.66,3122.64
7005827,10/14/2024,19322,2129,470,WHTX1,OR,Ground,UPS,Delivered,43,1.7,6.28,0,11.86,281.9
7005828,3/25/2023,16374,2361,640,WHCA1,VA,Ground,FedEx,InTransit,47,17.4,30.37,0,29.76,1457.15
7005829,12/20/2023,14467,4598,469,WHIL1,IN,Ground,UPS,Delivered,116,12.41,277.12,0.1,3.53,28934.86
7005830,6/27/2024,19661,2101,603,WHPA1,AR,Ground,UPS,InTransit,63,9.47,107.59,0.05,12.61,6451.87
7005831,9/16/2025,15588,2535,326,WHPA1,ND,2Day,UPS,Delivered,48,4.61,55.49,0.1,8.26,2405.43
7005832,4/18/2024,12472,3626,480,WHTX1,AK,2Day,UPS,InTransit,99,3.69,41.35,0,42.02,4135.67
7005833,2/28/2025,19344,5128,450,WHFL1,KY,Ground,UPS,InTransit,81,15.69,90.42,0,31.86,7355.88
7005834,2/28/2024,16176,2632,433,WHNJ1,TN,Ground,DHL,Delivered,9,11.56,119.08,0.05,37.11,1055.24
7005835,2/5/2025,18285,1058,443,WHCA1,IN,Ground,FedEx,Delivered,38,11.43,24.67,0,10.45,947.91
7005836,8/27/2024,11282,2128,464,WHIL1,DC,Ground,FedEx,Delivered,184,9.4,170.48,0.1,35.57,28267.06
7005837,5/22/2025,13178,1312,401,WHFL1,KY,Ground,FedEx,Delivered,63,16.65,79.3,0,5.16,5001.06
7005838,2/3/2024,15668,4718,363,WHTX1,NJ,2Day,FedEx,Delivered,54,7.04,115.71,0,91.08,6339.42
7005839,9/5/2024,14512,3002,393,WHFL1,TX,Ground,FedEx,Delivered,18,8.17,122.87,0,4.57,2216.23
7005840,10/5/2024,13882,3738,507,WHTX1,NH,Ground,FedEx,InTransit,132,8.99,74.66,0.1,59.96,8929.57
7005841,2/10/2024,12414,4878,611,WHNJ1,CT,Ground,UPS,Delivered,16,8.8,81.95,0,35.71,1346.91
7005842,6/19/2023,11545,3283,372,WHGA1,FL,2Day,UPS,Delivered,12,22.3,86.21,0,22.49,1057.01
7005843,4/21/2023,14785,4184,360,WHWA1,VA,Ground,USPS,Delivered,56,4.71,46.73,0,11.17,2628.05
7005844,1/20/2023,15762,2432,329,WHCA1,MN,2Day,USPS,Delivered,56,3.1,94.47,0,20.56,5310.88
7005845,5/7/2025,17875,4126,319,WHIL1,OK,Ground,UPS,Cancelled,186,4.18,50.03,0.15,12.07,7921.81
7005846,9/23/2023,16962,5898,373,WHTX1,IN,Ground,FedEx,InTransit,15,15.07,60.03,0.05,35.09,890.52
7005847,8/27/2023,15627,5335,694,WHFL1,MD,Ground,FedEx,Delivered,63,9.41,179.3,0.05,22.81,10753.92
7005848,12/16/2024,14515,2776,657,WHCA1,KY,Ground,UPS,Delivered,24,3.83,58.51,0,8.15,1412.39
7005849,11/28/2023,11146,2319,694,WHFL1,NY,Ground,USPS,Delivered,101,10.62,80.14,0,15.35,8109.49
7005850,5/25/2024,19103,5208,546,WHIL1,MO,2Day,FedEx,Delivered,49,8.23,53.09,0.1,21.81,2363.08
7005851,7/11/2023,15451,4160,613,WHPA1,DC,Ground,FedEx,Delivered,90,13.99,46.44,0.1,29.44,3791.08
7005852,8/12/2025,11567,2329,624,WHPA1,NJ,Ground,UPS,Delivered,42,16.11,231.47,0.25,84.69,7376
7005853,4/11/2025,13006,5386,387,WHWA1,WI,Ground,UPS,Pending,76,45.31,21.53,0,72.62,1708.9
7005854,4/25/2025,14508,4975,659,WHWA1,NE,Ground,UPS,Delivered,61,4.92,62.23,0,44.85,3840.88
7005855,1/29/2024,14249,5678,483,WHIL1,NE,Ground,UPS,Delivered,47,3.27,25.87,0.15,20.89,1054.4
7005856,12/30/2024,18284,5466,497,WHWA1,VA,Ground,FedEx,Pending,71,14.24,144.38,0.2,5.28,8206.06
7005857,6/19/2023,13993,1220,544,WHPA1,NM,2Day,USPS,Delivered,48,18.08,57.47,0.15,6.82,2351.6
7005858,1/11/2023,18523,4303,628,WHTX1,VT,Ground,FedEx,Delivered,124,4.65,43.21,0.1,15.59,4837.83
7005859,1/24/2023,18028,3867,685,WHCA1,MT,Ground,UPS,Delivered,65,4.65,16.61,0,4.73,1084.38
7005860,8/20/2024,15761,2897,418,WHIL1,IN,Ground,UPS,Delivered,151,12.3,180.86,0,20.06,27329.92
7005861,3/26/2024,19147,5445,696,WHTX1,WV,Ground,FedEx,Delivered,27,27.97,23.69,0.05,37.66,645.31
7005862,6/8/2024,18046,3303,672,WHCA1,MA,Ground,UPS,Delivered,13,5.91,84.36,0,15.01,1111.69
7005863,1/9/2023,12978,5548,382,WHCA1,NV,Overnight,DHL,Delivered,48,10.54,115.19,0.2,15.14,4438.44
7005864,2/16/2024,15348,5185,547,WHTX1,IA,Ground,FedEx,Pending,22,3.2,274.81,0,10.91,6056.73
7005865,12/6/2024,14290,5967,534,WHCA1,NJ,2Day,USPS,Delivered,49,8.88,40.79,0,18.17,2016.88
7005866,3/11/2024,10530,4727,665,WHGA1,MO,Ground,UPS,Delivered,25,9.34,32.97,0,73.52,897.77
7005867,12/13/2024,12893,3043,453,WHIL1,DC,Ground,FedEx,Delivered,140,24.12,44.49,0,21.49,6250.09
7005868,9/19/2023,19459,1523,572,WHIL1,HI,Ground,UPS,Delivered,76,6.54,39.75,0.05,39.64,2909.59
7005869,2/25/2025,17444,3708,692,WHCA1,UT,Ground,FedEx,Delivered,65,15.1,16.05,0.05,11.5,1002.59
7005870,8/21/2024,19666,3999,335,WHTX1,HI,Ground,UPS,Delivered,119,6.29,188.51,0,51.24,22483.93
7005871,8/26/2023,14735,4922,513,WHNJ1,NV,Ground,FedEx,Delivered,15,10.56,44.78,0.05,16.04,654.16
7005872,9/24/2023,19790,1910,511,WHWA1,CA,2Day,UPS,Pending,137,34.78,53.65,0,30.4,7380.45
7005873,10/3/2024,12526,5538,439,WHPA1,NV,Overnight,FedEx,Delivered,63,29.33,93.09,0,12.19,5876.86
7005874,3/17/2025,13762,5134,489,WHCA1,DE,Ground,UPS,Delivered,16,32.42,158.32,0,40.63,2573.75
7005875,2/8/2024,16142,2881,600,WHNJ1,MT,Ground,UPS,Pending,127,12.69,26.63,0.05,3.85,3216.76
7005876,10/19/2023,12743,4280,695,WHCA1,CO,Ground,FedEx,Delivered,59,8.81,77.07,0.15,10.3,3875.36
7005877,4/29/2025,14636,5306,552,WHNJ1,NY,Ground,DHL,Delivered,83,11.86,25.62,0,21.68,2148.14
7005878,11/10/2024,14426,3561,695,WHCA1,WV,2Day,FedEx,Pending,148,13.23,75.78,0,10.13,11225.57
7005879,3/18/2024,18662,4073,450,WHTX1,NY,Ground,FedEx,Delivered,147,12.63,73.62,0.15,40.87,9239.69
7005880,5/3/2024,13831,4827,641,WHPA1,ID,2Day,UPS,Delivered,148,6.53,43.09,0,6.95,6384.27
7005881,8/21/2023,16993,5477,519,WHFL1,CO,Ground,UPS,Delivered,53,6.37,70.65,0,5.54,3749.99
7005882,10/2/2024,10534,3876,382,WHFL1,IL,Ground,UPS,Delivered,111,6.99,71.56,0.1,37.53,7186.37
7005883,12/19/2023,14563,3907,490,WHNJ1,RI,Ground,DHL,Delivered,28,19.01,56.67,0.05,55.67,1563.09
7005884,9/15/2025,17121,5490,534,WHWA1,SC,2Day,UPS,Delivered,130,20.29,51.99,0,17.11,6775.81
7005885,4/24/2024,16564,5492,476,WHWA1,UT,Ground,USPS,Delivered,42,67.53,23.09,0,13.25,983.03
7005886,5/1/2024,17290,1545,532,WHGA1,ND,Ground,FedEx,Delivered,60,12.91,27.96,0.05,10.27,1603.99
7005887,8/2/2024,14088,4098,658,WHTX1,MN,Ground,FedEx,Pending,147,6.23,39.03,0.15,68.74,4945.54
7005888,6/27/2025,18954,4626,363,WHPA1,SD,Ground,USPS,Delivered,124,7.5,29.61,0,4.84,3676.48
7005889,2/10/2025,19083,4506,537,WHCA1,VT,Ground,UPS,Delivered,170,9.1,40.17,0,68.97,6897.87
7005890,3/21/2024,12356,2085,333,WHNJ1,KY,2Day,FedEx,Pending,45,24.69,56.89,0.15,26.01,2202.05
7005891,12/6/2024,11956,1553,513,WHWA1,VT,2Day,USPS,Delivered,18,15.52,63.82,0,27.46,1176.22
7005892,8/20/2024,12972,2154,360,WHPA1,WV,2Day,FedEx,Delivered,154,4.46,88.9,0,6.15,13696.75
7005893,5/9/2024,15540,4939,679,WHIL1,AL,2Day,UPS,Delivered,64,9.66,66.96,0,55.77,4341.21
7005894,8/11/2023,17494,3246,302,WHWA1,CT,2Day,UPS,Cancelled,147,4.14,65.21,0.05,16.06,9122.64
7005895,4/5/2024,11673,2687,697,WHTX1,IL,Overnight,FedEx,InTransit,107,14.27,87.34,0.1,44.12,8454.96
7005896,10/4/2023,12837,1694,357,WHNJ1,IN,Ground,UPS,Pending,142,6.54,31.58,0,12.64,4497
7005897,6/25/2025,14928,4791,601,WHTX1,KY,Ground,USPS,Delivered,92,6.93,33.48,0,13.38,3093.54
7005898,12/6/2023,14940,1498,587,WHNJ1,NJ,Overnight,UPS,Delivered,125,3.24,46.21,0.1,16.28,5214.9
7005899,8/6/2025,13645,3096,438,WHFL1,WV,Ground,FedEx,Delivered,14,15.75,36.83,0,31.61,547.23
7005900,6/26/2024,12298,1613,579,WHIL1,WA,2Day,FedEx,Pending,178,20.65,17.59,0,30.93,3161.95
7005901,10/7/2024,14062,4968,514,WHGA1,WI,Ground,FedEx,Delivered,22,6.6,89.8,0.05,17.61,1894.43
7005902,7/7/2024,13167,1376,539,WHIL1,ND,2Day,FedEx,Delivered,3,9.07,29.83,0,5.62,95.11
7005903,6/2/2023,19512,1806,585,WHCA1,NE,Ground,USPS,Delivered,70,7.5,213.25,0.1,1.84,13436.59
7005904,12/28/2023,10184,1921,331,WHTX1,MO,Ground,FedEx,Delivered,103,8.77,67.36,0,39.02,6977.1
7005905,4/27/2023,19476,5971,506,WHGA1,UT,Ground,FedEx,Delivered,104,6.12,20.97,0,10.36,2191.24
7005906,9/27/2024,12847,4605,574,WHTX1,OH,Ground,UPS,Delivered,42,5.17,95.7,0,30.15,4049.55
7005907,3/16/2024,19625,2444,311,WHPA1,FL,2Day,UPS,Delivered,112,22.73,61.41,0.05,12.14,6546.16
7005908,1/14/2025,19989,2546,659,WHNJ1,CO,Ground,UPS,Delivered,133,2.05,73.55,0.15,12.04,8326.87
7005909,9/5/2023,14723,2211,347,WHCA1,MT,2Day,UPS,Delivered,83,13.53,42.35,0.05,1.28,3340.58
7005910,7/13/2023,10783,3081,303,WHCA1,PA,Ground,FedEx,Delivered,48,11.85,31.26,0,39.15,1539.63
7005911,1/28/2024,11508,5688,430,WHTX1,RI,Overnight,FedEx,Delivered,84,26.98,21.57,0.05,7.28,1728.57
7005912,7/8/2025,15856,3149,372,WHFL1,NE,Ground,FedEx,Delivered,139,8.68,24.46,0,9.42,3409.36
7005913,12/2/2024,17539,2509,459,WHCA1,SC,Ground,UPS,Cancelled,150,8,23.03,0.1,40.75,3149.8
7005914,2/12/2024,10677,1914,692,WHWA1,NM,Ground,UPS,Delivered,4,6.16,46.72,0,43.2,230.08
7005915,6/7/2024,17251,3781,430,WHTX1,AZ,Overnight,USPS,Delivered,15,12.38,57.87,0,31.22,899.27
7005916,4/10/2023,17814,1390,322,WHNJ1,MS,Ground,USPS,Delivered,1,6.54,20.32,0,10.23,30.55
7005917,9/2/2025,14091,5050,680,WHNJ1,IA,Ground,USPS,Delivered,64,5.08,112.87,0,21.64,7245.32
7005918,11/8/2024,15724,5256,689,WHTX1,CO,Ground,USPS,Delivered,56,6.43,66.25,0,16.34,3726.34
7005919,11/9/2023,19553,5988,435,WHIL1,HI,Ground,FedEx,Pending,73,5.67,328.1,0,3.45,23954.75
7005920,8/19/2024,12687,4626,320,WHIL1,NJ,2Day,USPS,Delivered,97,5.47,45.19,0,30.7,4414.13
7005921,5/9/2023,18383,2071,520,WHNJ1,OH,Ground,FedEx,InTransit,46,10.53,286.41,0,47.38,13222.24
7005922,8/17/2025,19035,5792,633,WHGA1,WV,Ground,DHL,Pending,25,8.9,101.14,0,6.56,2535.06
7005923,7/25/2023,18527,5854,430,WHWA1,PA,Overnight,UPS,Delivered,50,13.91,15.22,0,30.45,791.45
7005924,10/26/2024,17690,3571,332,WHIL1,TX,Ground,USPS,Delivered,2,10.92,26.07,0,23.3,75.44
7005925,10/4/2023,11111,4738,390,WHTX1,SC,2Day,FedEx,Delivered,130,4.86,74.96,0.1,4.62,8774.94
7005926,12/5/2024,10579,3780,559,WHNJ1,NH,Ground,UPS,Delivered,48,2.8,17.66,0.2,22.01,700.15
7005927,1/13/2025,10062,1339,598,WHCA1,MN,Overnight,UPS,Delivered,86,5.31,32.04,0,30.59,2786.03
7005928,11/12/2024,10387,2977,633,WHCA1,TN,Ground,USPS,Delivered,40,15.81,19.68,0.15,18.59,687.71
7005929,9/17/2024,19362,4437,549,WHFL1,TN,2Day,FedEx,Delivered,84,15.6,268.12,0,18.96,22541.04
7005930,5/29/2025,12201,1795,473,WHWA1,AZ,Ground,DHL,Delivered,72,18.05,129.46,0.05,6.17,8861.23
7005931,4/3/2023,11684,2723,657,WHIL1,MT,Ground,UPS,Delivered,25,16.53,47.33,0.05,23.9,1147.99
7005932,12/4/2023,16322,4220,684,WHGA1,IN,Ground,UPS,Delivered,86,19.2,172.95,0,59.82,14933.52
7005933,10/7/2023,18057,1899,347,WHPA1,ME,Ground,UPS,Delivered,13,12.76,144.73,0.05,12.44,1799.86
7005934,9/6/2025,18679,1103,497,WHIL1,MA,Ground,FedEx,InTransit,62,29.5,150.14,0.15,44.78,7957.16
7005935,1/8/2024,17415,3860,679,WHGA1,MA,Ground,FedEx,Delivered,104,11.93,40.56,0.15,10.72,3596.22
7005936,12/13/2024,16644,5189,334,WHIL1,FL,Overnight,FedEx,Delivered,73,33.19,48.33,0.05,16.96,3368.65
7005937,11/18/2024,18733,2448,554,WHCA1,IL,Ground,UPS,Delivered,110,6.87,27.85,0.1,13.32,2770.47
7005938,8/28/2023,15632,5215,548,WHGA1,SD,Ground,UPS,InTransit,33,6.76,55.41,0,26.97,1855.5
7005939,9/26/2023,17946,3033,342,WHCA1,UT,Ground,UPS,Pending,6,8.91,33.97,0,6.36,210.18
7005940,11/7/2023,17727,5033,589,WHWA1,VA,Ground,USPS,InTransit,7,9.78,28.29,0,6.49,204.52
7005941,2/3/2024,15170,4061,423,WHFL1,OR,Ground,UPS,Delivered,33,8.25,132.48,0,27.83,4399.67
7005942,9/21/2023,19431,2535,327,WHTX1,PA,Overnight,UPS,Delivered,51,13.82,96.01,0,21.98,4918.49
7005943,1/24/2023,19183,3848,359,WHTX1,VT,2Day,FedEx,Delivered,71,9.4,32.35,0.05,47.2,2229.21
7005944,5/14/2025,16788,4210,447,WHNJ1,VT,Ground,USPS,Delivered,112,6.95,116.3,0,56.44,13082.04
7005945,8/17/2025,14468,5571,415,WHCA1,MS,Ground,UPS,Cancelled,132,7.89,74.48,0.1,15.53,8863.75
7005946,12/9/2023,15233,4464,687,WHCA1,PA,Ground,UPS,Delivered,99,20.76,48.11,0.05,2.61,4527.36
7005947,12/8/2023,18131,1435,499,WHFL1,VA,Ground,FedEx,Delivered,60,12.1,182.71,0.05,52.1,10466.57
7005948,1/9/2023,16197,2258,428,WHNJ1,HI,Ground,DHL,InTransit,32,3.66,74.3,0.1,38.24,2178.08
7005949,11/15/2024,13908,1055,676,WHWA1,NH,2Day,FedEx,Delivered,54,24.75,208.22,0.1,29.17,10148.66
7005950,3/11/2025,14289,1931,453,WHTX1,VT,Ground,UPS,Delivered,33,12.97,89.16,0.1,12.08,2660.13
7005951,6/22/2023,16735,3800,669,WHTX1,UT,Overnight,FedEx,Delivered,86,14.67,94.69,0,42.07,8185.41
7005952,7/7/2023,11081,1312,571,WHGA1,WV,Ground,DHL,Delivered,127,17.46,28.25,0.05,24.37,3432.73
7005953,1/29/2025,16241,1957,639,WHGA1,PA,Ground,FedEx,Delivered,68,18.01,40.62,0,16.71,2778.87
7005954,9/19/2024,10198,5084,383,WHPA1,SD,2Day,UPS,InTransit,6,5.76,166.43,0.05,12.49,961.14
7005955,2/22/2023,17815,5853,323,WHFL1,KY,Ground,UPS,Delivered,165,5.26,135.33,0,4.83,22334.28
7005956,9/26/2024,17852,3513,311,WHTX1,WV,Ground,DHL,Delivered,36,42.12,46.69,0.25,13.34,1273.97
7005957,11/22/2023,19791,2264,487,WHPA1,MT,Ground,FedEx,Delivered,155,6.58,23.27,0.05,24.51,3451.02
7005958,12/24/2023,11601,3748,416,WHIL1,MT,Ground,FedEx,Delivered,125,12.55,191.75,0,45.52,24014.27
7005959,1/5/2025,17463,3783,462,WHCA1,ID,Ground,UPS,Delivered,52,26.61,126.6,0,19.55,6602.75
7005960,2/22/2025,16867,2094,403,WHGA1,LA,Ground,FedEx,InTransit,7,7.66,26.93,0.1,23.75,193.41
7005961,1/21/2024,13693,3787,543,WHIL1,FL,Ground,UPS,Delivered,168,8.06,26.93,0,29.05,4553.29
7005962,8/1/2025,18876,3816,307,WHGA1,AZ,2Day,UPS,Delivered,92,17.43,216.55,0,33.03,19955.63
7005963,1/29/2024,13084,4764,662,WHNJ1,GA,Ground,USPS,Delivered,30,11.36,42.06,0,11.61,1273.41
7005964,1/7/2025,13990,5036,472,WHCA1,TX,Ground,UPS,Delivered,71,13.46,42.58,0.1,33.62,2754.48
7005965,4/29/2024,10333,5840,556,WHPA1,AK,Ground,UPS,Delivered,88,9.53,37.26,0,11.73,3290.61
7005966,6/4/2025,19964,3324,547,WHWA1,DE,Ground,USPS,Delivered,27,7.29,76.95,0,19.46,2097.11
7005967,6/16/2025,16107,1233,492,WHPA1,TX,Ground,UPS,Delivered,11,8.19,22.51,0,16.45,264.06
7005968,4/13/2023,17334,3102,414,WHWA1,LA,Ground,FedEx,Delivered,32,20.47,70.86,0,11.19,2278.71
7005969,7/20/2025,16656,5353,323,WHWA1,RI,Ground,FedEx,Delivered,6,8.37,22.41,0.15,13.05,127.34
7005970,3/11/2025,15309,3029,658,WHGA1,NM,Ground,USPS,InTransit,8,12.93,22.52,0,11.84,192
7005971,1/30/2025,14201,2930,614,WHTX1,IN,2Day,USPS,Delivered,19,5.59,23.07,0,10.76,449.09
7005972,8/18/2023,12722,2459,576,WHFL1,RI,2Day,FedEx,Delivered,19,34.01,23.7,0.05,11.71,439.49
7005973,2/15/2025,18999,2649,673,WHPA1,NC,Ground,UPS,Delivered,30,12.11,99.48,0.15,13.2,2549.94
7005974,4/9/2025,11065,1408,436,WHNJ1,NH,Ground,FedEx,Delivered,164,12.26,99.51,0.15,22.11,13893.8
7005975,11/11/2023,19081,4341,657,WHNJ1,UT,Ground,USPS,Delivered,78,17.43,53.54,0,23.25,4199.37
7005976,8/6/2025,16821,2978,495,WHTX1,NC,Ground,UPS,InTransit,54,7.49,38.56,0,12.64,2094.88
7005977,2/28/2023,18513,3414,558,WHNJ1,OH,Ground,FedEx,InTransit,76,20.47,157.84,0.15,25.7,10222.16
7005978,6/26/2023,13958,5938,578,WHFL1,AK,Overnight,UPS,Delivered,1,4.03,97.59,0,9.08,106.67
7005979,7/1/2024,12383,2761,370,WHCA1,OH,Ground,UPS,Delivered,149,6.92,26.29,0.05,62.49,3783.84
7005980,8/11/2024,13232,4598,659,WHGA1,NY,Overnight,UPS,Delivered,70,6.18,76.69,0,11.08,5379.38
7005981,10/23/2024,17009,2379,660,WHNJ1,OK,Ground,UPS,Delivered,58,3.24,73.97,0,17.47,4307.73
7005982,1/20/2023,11501,1621,336,WHCA1,VA,Ground,DHL,Delivered,166,7.28,99.21,0.2,20.56,13195.65
7005983,8/12/2025,11569,1930,408,WHTX1,WY,Ground,USPS,Pending,107,9.69,411.02,0.05,12.5,41792.68
7005984,2/22/2023,15893,1975,324,WHGA1,MN,2Day,FedEx,Delivered,42,5.2,33.83,0,43.15,1464.01
7005985,6/18/2023,13282,5488,440,WHTX1,CA,Ground,FedEx,Delivered,163,4.77,88.45,0,12.67,14430.02
7005986,1/17/2023,19712,5448,322,WHGA1,WA,Ground,FedEx,Delivered,136,10.25,170.98,0,4.67,23257.95
7005987,8/3/2024,14090,3854,639,WHFL1,KS,Ground,USPS,Delivered,171,9.53,199.76,0,33.67,34192.63
7005988,7/15/2025,11866,2690,629,WHNJ1,SC,2Day,USPS,Delivered,11,8.53,68.08,0.1,7.5,681.49
7005989,11/8/2024,19598,5672,504,WHNJ1,MS,2Day,UPS,InTransit,172,4.68,24.02,0.05,8.33,3933.2
7005990,3/8/2025,15601,5619,680,WHGA1,SC,Ground,FedEx,Delivered,72,7.89,17.08,0,22.27,1252.03
7005991,1/16/2023,16056,1726,524,WHCA1,NV,Ground,FedEx,Delivered,95,6.7,107,0,7.2,10172.2
7005992,7/6/2024,10005,1162,523,WHCA1,MO,Overnight,DHL,Pending,25,10.53,76.26,0.1,4.75,1720.6
7005993,3/31/2024,17960,1659,381,WHCA1,CT,2Day,FedEx,Pending,17,7.15,65.63,0,49.18,1164.89
7005994,5/16/2024,11169,3898,630,WHIL1,PA,Ground,USPS,InTransit,9,9.77,73.13,0,38.19,696.36
7005995,3/27/2023,12399,5620,491,WHPA1,CT,2Day,USPS,Delivered,54,4.55,119.02,0,10.54,6437.62
7005996,11/18/2024,12631,5100,586,WHPA1,DC,Ground,FedEx,Pending,27,4.33,87.95,0,44.26,2418.91
7005997,5/21/2024,16609,3543,447,WHPA1,MI,Ground,USPS,InTransit,10,13.97,78.65,0,28.64,815.14
7005998,12/31/2024,10348,2579,582,WHCA1,MI,Ground,UPS,InTransit,172,15.83,39.6,0.25,66.92,5175.32
7005999,4/30/2024,15862,4995,684,WHNJ1,NE,Ground,UPS,Pending,107,7.9,124.21,0,3.8,13294.27
7006000,6/26/2023,13343,2075,311,WHFL1,NC,2Day,FedEx,Pending,68,10.17,40.05,0.05,7.62,2594.85
7006001,10/27/2024,16501,4206,576,WHIL1,VT,Ground,UPS,Delivered,109,7.64,118.13,0.05,47.78,12280.14
7006002,7/22/2023,12575,5045,674,WHWA1,NY,Ground,UPS,Delivered,84,19.32,45.58,0,14.54,3843.26
7006003,5/6/2025,13826,4434,356,WHWA1,RI,2Day,FedEx,Delivered,21,8.85,90.64,0.1,31.53,1744.63
7006004,9/16/2024,14594,1878,473,WHCA1,NY,2Day,UPS,Delivered,88,7.41,206.21,0,32.06,18178.54
7006005,7/5/2023,15273,2092,603,WHNJ1,AL,Ground,USPS,Delivered,97,17.86,95.27,0.15,58.31,7913.32
7006006,8/14/2025,18245,4060,504,WHIL1,GA,Ground,DHL,Delivered,29,6.28,161.71,0,20.48,4710.07
7006007,6/8/2024,10149,2675,645,WHNJ1,VT,2Day,FedEx,Delivered,39,10.99,46.26,0.2,20.9,1464.21
7006008,3/27/2023,18695,2609,548,WHGA1,AR,Ground,FedEx,Delivered,48,5.33,64.18,0.1,21.54,2794.12
7006009,10/2/2024,10870,3827,614,WHNJ1,NH,2Day,FedEx,Delivered,82,14.9,46.81,0,50.12,3888.54
7006010,10/13/2023,13522,2218,566,WHIL1,CT,Ground,FedEx,Delivered,15,16.31,18.78,0,37.05,318.75
7006011,2/14/2025,13872,4053,322,WHCA1,PA,Ground,UPS,Delivered,109,4.62,126.78,0,21.01,13840.03
7006012,3/2/2025,11301,1314,627,WHPA1,CO,2Day,FedEx,Pending,43,4.2,89.35,0,3.04,3845.09
7006013,8/28/2025,17596,1730,324,WHIL1,HI,2Day,FedEx,Delivered,99,11.89,85.02,0.05,12.68,8008.81
7006014,5/20/2024,14834,5040,494,WHCA1,FL,Ground,UPS,Delivered,162,32.04,142.11,0,8.93,23030.75
7006015,3/26/2024,16671,1384,396,WHCA1,NJ,Ground,USPS,Delivered,141,17,27.1,0.05,98.36,3728.4
7006016,12/25/2024,12452,2813,563,WHFL1,MI,2Day,FedEx,Delivered,108,8.8,22.91,0,51.63,2525.91
7006017,6/6/2023,14386,3325,372,WHTX1,RI,Ground,UPS,InTransit,23,5.99,143.07,0,76.64,3367.25
7006018,7/12/2024,18531,4430,543,WHWA1,FL,Ground,FedEx,Delivered,107,4.82,57.12,0.05,12.94,5819.19
7006019,7/11/2024,12825,3746,683,WHFL1,PA,Ground,UPS,Delivered,88,15.38,69.74,0.1,2.62,5526.03
7006020,4/16/2023,16855,2865,338,WHGA1,DC,Ground,UPS,InTransit,116,17.4,21.49,0,27.39,2520.23
7006021,2/11/2024,19886,4292,692,WHTX1,VA,Ground,USPS,Cancelled,140,6.85,168.15,0,10.26,23551.26
7006022,4/13/2025,15965,5847,677,WHPA1,NC,Ground,USPS,Delivered,38,8.62,95.99,0,19.08,3666.7
7006023,4/16/2025,10987,1228,389,WHIL1,MT,Ground,UPS,Delivered,90,10.29,40.1,0,15.14,3624.14
7006024,4/27/2023,18172,3065,328,WHTX1,KS,Overnight,USPS,Delivered,33,29.67,258.36,0.05,16.29,8115.88
7006025,4/17/2023,13491,1012,392,WHPA1,FL,Overnight,UPS,Delivered,43,10.4,23.1,0,17.99,1011.29
7006026,10/24/2023,18077,2523,354,WHCA1,MN,Overnight,UPS,InTransit,69,5.55,47.64,0.15,9.67,2803.76
7006027,5/8/2025,13768,1692,459,WHIL1,IA,2Day,UPS,Pending,55,5,119.73,0,16.07,6601.22
7006028,6/1/2023,12007,4706,672,WHTX1,ME,Ground,UPS,Delivered,82,5.79,134.51,0,26.98,11056.8
7006029,12/7/2024,17926,2740,528,WHNJ1,TN,Ground,UPS,InTransit,113,21.35,21.1,0,24.65,2408.95
7006030,4/30/2023,13108,2526,672,WHPA1,KS,Ground,USPS,Delivered,83,13.61,49.2,0,22.05,4105.65
7006031,9/27/2024,14469,1070,676,WHPA1,MO,Ground,UPS,Delivered,179,8.13,101.13,0.1,6.24,16298.28
7006032,12/17/2023,13331,3249,341,WHGA1,OH,Ground,UPS,Delivered,108,1.73,168.26,0.1,20.04,16374.91
7006033,1/27/2025,18723,4124,337,WHWA1,DC,Ground,FedEx,InTransit,188,6,158.63,0,14.48,29836.92
7006034,9/20/2023,10924,5725,425,WHNJ1,IL,Overnight,UPS,InTransit,109,12.29,97.97,0,22.79,10701.52
7006035,10/16/2024,16248,4331,479,WHIL1,VA,Ground,FedEx,Delivered,67,12.35,63.89,0.1,47.86,3900.43
7006036,9/22/2023,18433,2288,632,WHTX1,CT,Ground,UPS,Delivered,52,12.29,52.92,0,13.22,2765.06
7006037,12/3/2024,11897,1576,337,WHCA1,ND,Ground,UPS,Delivered,108,4.46,85.03,0.1,25.32,8290.24
7006038,5/7/2025,17884,3173,401,WHTX1,IN,Ground,FedEx,InTransit,98,11.12,163.72,0,16.23,16060.79
7006039,5/30/2023,13325,5955,331,WHWA1,MN,Overnight,UPS,Delivered,94,5.57,51.65,0,20.91,4876.01
7006040,4/29/2025,10814,1745,490,WHFL1,MN,Ground,UPS,Delivered,105,10.01,49.56,0,3.12,5206.92
7006041,8/26/2024,14751,3528,446,WHWA1,KY,Ground,UPS,Delivered,141,6.31,133.76,0.05,14.42,17931.57
7006042,5/30/2023,17619,4074,390,WHIL1,IL,Overnight,FedEx,Delivered,27,19.01,126.15,0.1,22.01,3087.46
7006043,2/22/2024,10783,5211,306,WHIL1,NE,Ground,FedEx,Delivered,76,12.24,42.28,0,7.68,3220.96
7006044,7/9/2023,14056,5577,693,WHIL1,AK,Ground,FedEx,Pending,82,9.18,23.84,0,7.93,1962.81
7006045,11/26/2024,17790,2025,439,WHIL1,OR,Ground,FedEx,Delivered,36,22.89,18.08,0.05,38.11,656.45
7006046,12/27/2024,18200,1942,395,WHFL1,NJ,2Day,FedEx,Delivered,190,8,65.72,0,11.45,12498.25
7006047,5/5/2023,13140,1768,419,WHPA1,AR,Ground,UPS,Delivered,119,4.28,27.69,0.1,49.99,3015.59
7006048,5/25/2024,15008,3439,666,WHTX1,NJ,2Day,USPS,Delivered,40,18.84,112.36,0,24.26,4518.66
7006049,2/27/2025,14052,1834,420,WHNJ1,AZ,Overnight,DHL,Delivered,45,11.63,18.04,0.1,11.33,741.95
7006050,7/20/2025,17576,3191,686,WHCA1,IN,Ground,FedEx,Delivered,104,8.26,185.65,0,5.77,19313.37
7006051,6/3/2024,18710,1628,423,WHCA1,HI,Ground,UPS,Delivered,2,6.8,47.4,0,26.36,121.16
7006052,8/4/2025,13191,1377,585,WHGA1,SC,2Day,FedEx,Delivered,60,13.59,34.3,0,16.06,2074.06
7006053,6/28/2024,15638,4887,666,WHPA1,MN,Ground,UPS,Delivered,42,16.29,41.08,0.1,10.04,1562.86
7006054,1/14/2024,10579,1090,677,WHIL1,SD,Overnight,FedEx,Delivered,136,6.31,32.75,0,2.98,4456.98
7006055,4/7/2025,18139,3856,479,WHWA1,WV,Ground,UPS,Delivered,120,14.04,173.23,0.2,15.32,16645.4
7006056,5/9/2024,14483,2066,625,WHIL1,NY,Ground,FedEx,Delivered,41,11.62,96.01,0,9.55,3945.96
7006057,4/15/2024,11866,2059,307,WHIL1,AZ,Ground,UPS,Delivered,139,6.08,64.21,0.05,25.54,8504.47
7006058,5/6/2024,15490,4060,684,WHWA1,TN,Ground,DHL,Delivered,155,10.02,25.85,0.05,23.91,3830.32
7006059,4/5/2025,11377,5073,612,WHPA1,AL,Ground,UPS,Delivered,74,7.2,57.73,0,17.67,4289.69
7006060,3/19/2025,19098,3601,427,WHNJ1,FL,2Day,FedEx,Delivered,19,21.05,34.98,0.1,2.97,601.13
7006061,1/25/2024,15409,5220,377,WHIL1,WV,Ground,USPS,Delivered,115,6.77,9.51,0.15,16.41,946.01
7006062,12/5/2023,18164,3105,534,WHGA1,FL,2Day,UPS,Delivered,39,24.73,36.92,0,44.91,1484.79
7006063,5/8/2024,15059,3854,618,WHGA1,ID,Ground,USPS,Delivered,70,10.82,91.65,0.1,12.19,5786.14
7006064,8/8/2024,19157,3656,374,WHNJ1,AL,Ground,UPS,Delivered,6,3.51,44.52,0.1,11.87,252.28
7006065,9/26/2023,16284,2516,571,WHPA1,KS,2Day,DHL,Delivered,65,2.71,54.21,0.05,31.34,3378.81
7006066,2/2/2025,11977,4018,609,WHIL1,NJ,Overnight,DHL,Delivered,48,8.82,124.34,0,12.56,5980.88
7006067,5/2/2024,16444,5148,420,WHFL1,DE,2Day,UPS,Delivered,98,22.26,109.7,0,25.91,10776.51
7006068,12/5/2023,14760,2574,335,WHTX1,VA,2Day,USPS,InTransit,5,20.93,236.75,0,18.22,1201.97
7006069,5/6/2023,17596,3537,507,WHTX1,VA,Ground,UPS,Delivered,86,11.05,12.92,0,32.78,1143.9
7006070,9/26/2023,14921,4927,570,WHCA1,GA,2Day,UPS,Delivered,116,6.43,33.27,0.25,51.85,2946.34
7006071,8/3/2025,11888,3053,393,WHNJ1,NC,Ground,UPS,Delivered,2,7.79,113.3,0,50.17,276.77
7006072,11/20/2023,10992,4797,678,WHTX1,PA,Ground,UPS,Delivered,111,11.32,81.15,0.05,15.88,8573.15
7006073,7/18/2023,15229,1632,477,WHCA1,SD,Ground,FedEx,InTransit,15,19.2,64.33,0,32.33,997.28
7006074,4/1/2024,18047,2862,574,WHGA1,DC,2Day,UPS,Delivered,100,14.07,39.29,0,30.45,3959.45
7006075,11/21/2023,16451,4953,479,WHCA1,MI,Ground,FedEx,Delivered,58,17.88,70.31,0,9.08,4087.06
7006076,2/11/2023,13605,2233,429,WHIL1,KS,Ground,UPS,Delivered,74,14.71,67.53,0.1,17.86,4515.36
7006077,11/30/2023,11084,3265,425,WHIL1,ME,Ground,DHL,Pending,42,17.57,16.41,0.05,32.53,687.29
7006078,7/9/2024,18627,3048,327,WHGA1,HI,Ground,UPS,Delivered,30,2.58,69.68,0,13.07,2103.47
7006079,7/17/2024,10021,1536,364,WHNJ1,HI,2Day,UPS,Delivered,9,5.85,41.78,0,12.52,388.54
7006080,12/18/2023,19665,4534,360,WHPA1,IN,Ground,FedEx,Delivered,139,5.15,108.1,0.1,10.69,13534
7006081,3/17/2024,11100,5826,519,WHWA1,RI,Ground,USPS,Delivered,84,4.87,76.37,0,41.37,6456.45
7006082,8/17/2025,16842,4098,517,WHWA1,MT,Ground,FedEx,Delivered,187,10.03,235.92,0.15,23.86,37523.34
7006083,12/28/2023,12638,2276,469,WHIL1,UT,Ground,FedEx,Delivered,135,4.2,60,0,45.22,8145.22
7006084,10/19/2023,18582,4074,449,WHWA1,MD,Ground,UPS,InTransit,141,5.68,27.95,0.1,31.45,3578.3
7006085,10/2/2023,17745,2026,570,WHIL1,MD,Ground,UPS,Delivered,81,9.42,10.51,0.1,5.05,771.23
7006086,3/29/2024,13414,3052,416,WHCA1,CA,Ground,FedEx,Delivered,10,3.82,31.11,0,36.31,347.41
7006087,12/28/2024,17458,4622,545,WHCA1,AL,Ground,FedEx,InTransit,155,7.47,78.14,0.1,10.2,10910.73
7006088,8/22/2023,11355,5564,448,WHCA1,HI,2Day,UPS,Pending,14,14.67,93.44,0.05,23.96,1266.71
7006089,12/1/2024,16403,1201,392,WHTX1,WA,Overnight,FedEx,Delivered,68,4.79,39.28,0,5.07,2676.11
7006090,1/25/2023,14522,5404,385,WHFL1,GA,Ground,FedEx,Delivered,137,16.12,44.4,0.15,15.14,5185.52
7006091,2/12/2024,15126,4324,387,WHGA1,WA,Ground,FedEx,Pending,61,6.16,63.01,0.05,26.99,3678.42
7006092,1/12/2025,10006,4359,695,WHNJ1,NV,2Day,UPS,Delivered,20,11.77,78.29,0,55.89,1621.69
7006093,12/8/2023,18383,3972,420,WHCA1,VT,Ground,FedEx,Delivered,47,5.15,122.54,0,40.38,5799.76
7006094,8/1/2024,18340,5979,640,WHNJ1,WA,Ground,UPS,Delivered,191,13.13,39.77,0,43.24,7639.31
7006095,8/22/2023,14354,1586,324,WHFL1,ND,Ground,UPS,Delivered,200,8.33,35.68,0,30.7,7166.7
7006096,12/19/2024,13551,4346,675,WHCA1,IL,2Day,FedEx,InTransit,102,13.23,247.57,0,57.63,25309.77
7006097,3/3/2023,18032,4855,389,WHIL1,UT,Ground,FedEx,Delivered,146,7.21,209.06,0.15,17.62,25961.97
7006098,4/12/2025,14106,5605,337,WHFL1,MO,Ground,FedEx,Delivered,5,13.96,41.42,0.05,24.7,221.44
7006099,8/16/2023,19303,4425,642,WHNJ1,MN,Ground,UPS,Delivered,34,16.62,133.5,0.05,78.16,4390.21
7006100,5/8/2025,15084,5101,683,WHTX1,OK,Ground,USPS,Delivered,46,10.74,280.8,0,6.92,12923.72
7006101,12/15/2023,18817,1360,571,WHCA1,ID,Ground,UPS,InTransit,2,7.5,150.84,0,16.03,317.71
7006102,12/8/2024,12176,4670,312,WHPA1,WA,Ground,USPS,Delivered,47,8.69,35.17,0,19.94,1672.93
7006103,11/28/2023,19271,5310,395,WHGA1,VT,2Day,UPS,Delivered,11,4.68,64.57,0.05,19.89,694.65
7006104,6/14/2025,18738,4478,331,WHIL1,AK,Ground,UPS,Delivered,68,11.29,17.6,0,13.8,1210.6
7006105,5/30/2023,15225,5659,650,WHFL1,MD,Ground,UPS,Delivered,1,14.53,30.54,0,17.42,47.96
7006106,7/30/2023,11196,3813,533,WHFL1,KS,Ground,UPS,Delivered,33,25.59,59.36,0.1,42.94,1805.93
7006107,5/9/2024,12070,1045,640,WHCA1,IN,Ground,FedEx,InTransit,140,21.92,69.98,0.1,30.33,8847.81
7006108,4/7/2023,13359,3751,628,WHFL1,AK,Overnight,USPS,Delivered,26,5.56,36.94,0.05,60.74,973.16
7006109,8/14/2023,12439,1634,600,WHNJ1,WI,Ground,UPS,Delivered,8,11.36,8.74,0,20.72,90.64
7006110,7/29/2025,18809,2211,586,WHWA1,KS,Ground,FedEx,Delivered,30,9.23,68.71,0,30.9,2092.2
7006111,8/26/2025,14245,2750,335,WHCA1,AR,Ground,USPS,Delivered,129,20.77,99.89,0,16.93,12902.74
7006112,12/28/2023,13344,4242,321,WHIL1,TX,Ground,FedEx,Delivered,80,6.53,102.58,0.15,14.14,6989.58
7006113,7/4/2025,11812,3769,411,WHGA1,IL,Overnight,UPS,Delivered,79,16.94,51.95,0,50.94,4154.99
7006114,7/9/2024,10172,1594,619,WHGA1,PA,Ground,DHL,Delivered,1,5.53,54.58,0.05,30.14,81.99
7006115,11/1/2023,14143,2425,648,WHGA1,WI,Ground,UPS,Cancelled,61,9.38,71.3,0,22.6,4371.9
7006116,11/27/2024,10626,2927,445,WHPA1,AL,Ground,FedEx,Delivered,32,5.88,79.88,0.05,10.73,2439.08
7006117,11/4/2024,15907,1857,312,WHWA1,FL,2Day,FedEx,Delivered,42,3.08,56.2,0,11.01,2371.41
7006118,9/8/2025,17984,1552,544,WHIL1,MA,Ground,UPS,Delivered,81,5.81,11.8,0,1.81,957.61
7006119,10/27/2023,14064,5139,446,WHPA1,LA,Ground,FedEx,Delivered,142,8.57,159.54,0,37.55,22692.23
7006120,11/11/2024,18645,3889,539,WHPA1,TX,Ground,UPS,InTransit,22,23.53,43.35,0,47.07,1000.77
7006121,3/3/2023,19611,5275,392,WHFL1,NY,2Day,UPS,Pending,115,5.21,25.47,0.05,15.3,2797.9
7006122,5/14/2023,18143,2481,616,WHCA1,VA,Ground,UPS,Delivered,6,6.95,45.58,0,15.04,288.52
7006123,1/5/2023,10754,1607,623,WHIL1,ND,Ground,DHL,Pending,40,4.21,64.88,0,78.92,2674.12
7006124,9/20/2025,16852,1672,415,WHIL1,MD,Ground,USPS,Delivered,26,20,39.17,0.05,34.07,1001.57
7006125,2/12/2025,15105,4316,315,WHFL1,TX,Ground,UPS,Delivered,156,7.59,41.11,0,13.36,6426.52
7006126,1/25/2025,17344,1017,572,WHCA1,AK,Ground,UPS,Delivered,21,8.16,47.8,0,19.57,1023.37
7006127,5/29/2024,16927,3874,322,WHTX1,AR,Ground,UPS,InTransit,78,8.12,77.29,0,17.91,6046.53
7006128,11/17/2023,16828,3595,418,WHPA1,VT,Ground,FedEx,Delivered,20,3.1,34.3,0.1,35.29,652.69
7006129,6/28/2023,19418,3485,669,WHGA1,PA,Ground,USPS,InTransit,61,4.15,75.99,0,30.33,4665.72
7006130,11/9/2023,18360,1616,395,WHWA1,CT,Ground,DHL,Delivered,52,5.65,22.83,0,24.59,1211.75
7006131,12/28/2023,13686,4206,557,WHNJ1,MI,Ground,FedEx,Delivered,5,14.47,244.32,0.15,12.08,1050.44
7006132,12/26/2024,18278,3850,631,WHWA1,MD,Ground,FedEx,Delivered,129,2.23,127.1,0,2.76,16398.66
7006133,7/3/2024,19870,5408,562,WHPA1,OH,2Day,UPS,Delivered,117,13.84,49.51,0,14.58,5807.25
7006134,4/2/2023,11983,4808,387,WHNJ1,AR,Ground,UPS,Delivered,34,12.29,75.84,0.05,20.44,2470.07
7006135,1/22/2023,14945,3073,693,WHCA1,MD,Ground,FedEx,InTransit,84,3.37,26.49,0,2.91,2228.07
7006136,5/1/2023,17893,1525,618,WHWA1,OH,2Day,FedEx,Delivered,45,8.27,88.91,0,31.12,4032.07
7006137,2/2/2024,19679,4174,358,WHNJ1,NC,Ground,USPS,Delivered,115,20.1,108.43,0.1,46.76,11269.27
7006138,7/16/2025,18192,2474,530,WHTX1,DC,Ground,UPS,Delivered,99,5.26,72.3,0.2,8.87,5735.03
7006139,10/14/2024,18634,3426,408,WHIL1,MA,Ground,UPS,InTransit,11,7.18,112.84,0,13.99,1255.23
7006140,2/12/2025,18463,5984,319,WHGA1,VT,Ground,UPS,Delivered,134,52.42,59.71,0,17.59,8018.73
7006141,4/8/2024,10344,4275,665,WHNJ1,IN,Ground,DHL,Pending,21,12.16,55.89,0,22.04,1195.73
7006142,12/20/2023,19399,4339,441,WHNJ1,NM,Ground,FedEx,Pending,21,8.57,37.8,0,5.38,799.18
7006143,5/8/2023,13082,3008,679,WHWA1,MI,Ground,UPS,Delivered,107,7.51,88.54,0,22.14,9495.92
7006144,5/10/2025,16638,5558,460,WHCA1,WV,2Day,USPS,Delivered,22,12.51,33.41,0,39.27,774.29
7006145,1/21/2025,19450,3413,400,WHCA1,NJ,Ground,FedEx,Delivered,15,15.08,80.19,0,9.41,1212.26
7006146,7/18/2023,12292,3152,565,WHFL1,NH,Ground,UPS,Delivered,41,2.74,74.19,0.15,23.14,2608.66
7006147,6/1/2024,11533,4183,538,WHIL1,OK,Overnight,UPS,Delivered,132,2.62,153.72,0,26.55,20317.59
7006148,5/3/2024,14363,1428,538,WHGA1,WI,Ground,FedEx,Delivered,21,5.49,90.27,0,46.64,1942.31
7006149,9/30/2024,11654,5565,349,WHFL1,TN,2Day,FedEx,Pending,42,9.12,17.54,0.1,31.37,694.38
7006150,7/31/2025,14989,2015,465,WHFL1,NH,Ground,FedEx,Delivered,35,10.46,37.71,0,74.11,1393.96
7006151,8/14/2024,16345,2605,587,WHNJ1,CT,Ground,FedEx,Delivered,44,3.6,37.03,0.1,65.58,1531.97
7006152,7/4/2024,18431,1870,359,WHIL1,NY,Overnight,UPS,Delivered,103,8.84,35.95,0,10.18,3713.03
7006153,3/1/2023,19107,3728,483,WHWA1,IL,Ground,UPS,Delivered,51,9.58,118.03,0,27.46,6046.99
7006154,3/16/2023,11439,3853,447,WHWA1,IL,Ground,USPS,InTransit,113,6.01,12.83,0.1,18.87,1323.68
7006155,8/7/2023,13017,1886,686,WHWA1,IN,Ground,FedEx,Delivered,89,7.26,162.63,0,12.73,14486.8
7006156,2/8/2023,19653,3609,601,WHGA1,CO,Ground,UPS,Delivered,45,6.47,120.7,0,17.32,5448.82
7006157,12/19/2024,18167,2274,396,WHIL1,KS,Ground,UPS,Delivered,55,13.21,68.33,0.05,10.56,3580.8
7006158,12/9/2024,16390,5427,343,WHNJ1,SD,Ground,UPS,Delivered,101,10.04,76.61,0,82.57,7820.18
7006159,6/10/2023,15978,2956,654,WHWA1,WV,Ground,UPS,Delivered,71,5.04,63.23,0,14.65,4503.98
7006160,3/24/2025,13080,1587,557,WHCA1,MA,Ground,UPS,Delivered,140,17.74,67.04,0.25,6.05,7045.25
7006161,7/2/2023,16296,1201,513,WHCA1,UT,Ground,FedEx,Delivered,162,4.4,132,0.1,18.75,19264.35
7006162,11/18/2023,12259,5550,489,WHCA1,KS,Ground,USPS,Delivered,104,3.58,51.3,0,18.46,5353.66
7006163,10/8/2023,18559,4618,431,WHTX1,CA,Ground,UPS,Cancelled,191,8.63,91.34,0.05,8.01,16581.65
7006164,12/26/2023,12992,1826,647,WHIL1,MS,Ground,USPS,Delivered,81,8.61,32.61,0,11.67,2653.08
7006165,10/15/2023,13742,1111,600,WHWA1,TX,Ground,FedEx,Delivered,5,10.45,87.11,0,21.54,457.09
7006166,5/5/2024,10086,3912,691,WHNJ1,AL,2Day,UPS,Pending,66,4.92,49.57,0,8.58,3280.2
7006167,1/30/2024,12494,4900,589,WHIL1,GA,Ground,FedEx,InTransit,28,17.09,80.96,0.05,37.8,2191.34
7006168,9/5/2025,16448,1908,437,WHCA1,TX,Ground,UPS,Delivered,41,27.98,32.76,0,8,1351.16
7006169,3/7/2023,18324,4716,330,WHPA1,WA,2Day,FedEx,Delivered,64,9.87,82.17,0.05,21.12,5017.06
7006170,6/17/2023,17589,4690,446,WHPA1,OH,Ground,UPS,Pending,36,12.09,58.07,0,18.92,2109.44
7006171,3/4/2023,10904,1555,612,WHWA1,NM,Ground,UPS,Delivered,38,2.81,179.42,0.1,34.61,6170.77
7006172,9/30/2024,15084,2904,405,WHIL1,IA,Ground,FedEx,Delivered,51,7.7,71.92,0.1,12.97,3314.1
7006173,3/6/2023,19414,1107,587,WHWA1,HI,Ground,UPS,Delivered,35,6.59,84.74,0.05,13.18,2830.78
7006174,3/24/2025,16191,4337,491,WHGA1,FL,Ground,UPS,Delivered,20,5.98,44.05,0,12.12,893.12
7006175,6/1/2024,19956,3535,478,WHPA1,AK,Overnight,UPS,Delivered,114,6.74,74.65,0.25,15.66,6398.24
7006176,6/18/2024,12805,3227,645,WHPA1,UT,Ground,FedEx,Delivered,50,7.16,83.61,0,13.24,4193.74
7006177,7/29/2024,11227,4294,539,WHIL1,NJ,Ground,USPS,InTransit,130,4.18,46.82,0,26.77,6113.37
7006178,7/21/2023,11285,2394,301,WHFL1,KS,2Day,UPS,Delivered,145,7.46,44.34,0,20.19,6449.49
7006179,8/15/2023,10690,3685,410,WHTX1,WV,Ground,UPS,Delivered,111,5.35,34.11,0,3.04,3789.25
7006180,11/27/2023,15144,3836,638,WHTX1,AL,Ground,FedEx,Delivered,50,16.05,56.89,0,44.79,2889.29
7006181,8/26/2024,14783,1167,575,WHCA1,WV,Ground,UPS,Delivered,105,12.19,37.98,0,16,4003.9
7006182,8/26/2023,14882,3711,671,WHWA1,CO,Ground,FedEx,Delivered,18,12.2,73.62,0,72.14,1397.3
7006183,5/17/2023,14508,4625,682,WHNJ1,VA,2Day,UPS,Delivered,93,17.97,34.5,0.15,34.23,2761.46
7006184,8/21/2025,11997,3348,534,WHFL1,HI,Ground,FedEx,Delivered,51,6.09,55.07,0.05,17.47,2685.61
7006185,1/26/2023,14382,2405,364,WHWA1,NC,2Day,FedEx,Delivered,92,11.76,30.95,0,31.8,2879.2
7006186,2/12/2025,17681,2526,544,WHGA1,KY,Ground,UPS,InTransit,112,19.01,133.68,0,23.07,14995.23
7006187,1/26/2025,19302,5410,353,WHWA1,DC,2Day,FedEx,Delivered,75,5.84,61.05,0.1,31.79,4152.66
7006188,11/16/2023,10430,5912,562,WHFL1,ND,Ground,FedEx,Delivered,89,2.96,60.67,0.15,23.25,4612.94
7006189,6/9/2023,15701,5839,317,WHWA1,VA,2Day,UPS,Pending,26,6.61,91.03,0,22.04,2388.82
7006190,6/21/2023,13782,3775,602,WHNJ1,SC,Ground,UPS,Delivered,80,17.75,207.89,0.1,22.81,14990.89
7006191,11/25/2024,18795,1826,674,WHNJ1,MO,2Day,UPS,Delivered,59,5.64,63.5,0.2,23.39,3020.59
7006192,10/20/2024,18632,2125,534,WHGA1,MI,Ground,UPS,Delivered,54,7.56,21.13,0,46.98,1188
7006193,1/20/2025,19177,1569,373,WHTX1,MT,Ground,UPS,Delivered,52,6.26,137.24,0.3,35.13,5030.67
7006194,7/21/2025,15469,2959,657,WHFL1,NE,Ground,FedEx,Delivered,38,8.92,23.2,0.2,29.14,734.42
7006195,11/22/2024,14508,4740,391,WHWA1,PA,Ground,FedEx,Delivered,37,5.33,42.39,0.05,26.84,1516.85
7006196,7/3/2023,10528,3110,306,WHPA1,FL,Ground,USPS,Delivered,100,4.11,138.26,0.1,89.12,12532.52
7006197,10/2/2023,12997,5465,498,WHCA1,OR,Ground,FedEx,Cancelled,75,7.68,47.45,0,29.04,3587.79
7006198,3/31/2025,13468,5190,665,WHIL1,CA,Ground,FedEx,Delivered,4,8.5,40.2,0.15,19.77,156.45
7006199,8/25/2023,11362,5095,496,WHTX1,LA,2Day,FedEx,Delivered,6,19.54,73.06,0.05,31.58,448.02
7006200,3/27/2023,16818,3931,596,WHCA1,MI,Ground,DHL,Delivered,77,10.41,60.41,0,6.29,4657.86
7006201,11/28/2024,10704,1764,647,WHPA1,VA,Ground,UPS,Delivered,134,4.95,36.93,0.1,13.5,4467.26
7006202,1/24/2024,10663,4361,622,WHTX1,ID,Ground,UPS,Delivered,5,6.45,110.9,0.15,17.78,489.1
7006203,7/1/2025,18557,4451,437,WHFL1,UT,Ground,UPS,Delivered,66,15.34,141.73,0.05,39.91,8926.38
7006204,10/29/2024,19115,3148,567,WHGA1,MI,Overnight,FedEx,Delivered,135,7.75,158.52,0,34.12,21434.32
7006205,4/17/2023,16257,4396,416,WHNJ1,CO,Ground,UPS,Delivered,1,5.19,88.29,0.05,20.26,104.14
7006206,8/2/2025,18368,5425,343,WHGA1,OK,Ground,UPS,Delivered,34,10.51,36.73,0.1,14.81,1138.75
7006207,10/19/2023,15298,4720,531,WHPA1,NE,Ground,FedEx,Delivered,157,6.23,24.92,0,27.18,3939.62
7006208,12/7/2023,19128,5802,358,WHIL1,WA,Ground,DHL,Delivered,10,13.32,11.85,0.15,1.87,102.6
7006209,1/24/2024,18574,1221,506,WHWA1,IA,Ground,DHL,Delivered,83,12.43,123.66,0.15,16.22,8740.43
7006210,3/2/2023,15379,2862,594,WHGA1,KY,Ground,FedEx,Pending,66,5.02,68.75,0,21.24,4558.74
7006211,5/14/2024,10306,3615,394,WHPA1,AZ,Ground,UPS,InTransit,18,29.18,44.75,0,2.26,807.76
7006212,5/26/2023,15498,2022,336,WHNJ1,GA,Ground,USPS,Pending,5,9.29,15.5,0,40.99,118.49
7006213,1/22/2024,14698,1110,530,WHTX1,MO,Ground,USPS,Cancelled,66,2.02,26.21,0.05,42.86,1686.23
7006214,12/14/2023,12391,5245,527,WHCA1,MA,Ground,USPS,Delivered,108,12.57,17.44,0,14.4,1897.92
7006215,1/8/2025,17223,4849,483,WHPA1,SC,Ground,FedEx,Delivered,21,2.1,164.63,0.05,13.29,3297.66
7006216,2/13/2025,17934,1699,562,WHPA1,FL,Overnight,UPS,Delivered,99,18.66,93.63,0.1,31.82,8374.25
7006217,6/30/2023,11466,1108,431,WHFL1,MS,Overnight,UPS,Delivered,73,10.35,24.05,0,16.06,1771.71
7006218,12/23/2023,17853,1389,365,WHIL1,NY,2Day,USPS,Delivered,44,9.16,188.46,0,47.05,8339.29
7006219,12/26/2023,10403,1425,680,WHTX1,AZ,2Day,UPS,Delivered,93,9.5,36.19,0.1,8.55,3037.65
